[online] start: robot=kuka_kr50_r2500, cartons=24, max_picks=24
[online] pick 0: detected 24 OBBs; exposed reachable candidates=['carton_front_l2_c1', 'carton_front_l2_c2', 'carton_front_l2_c0', 'carton_front_l2_c3']
[online] pick 0: planning target=carton_front_l2_c1; amr_dock=[-1.7, 0.0, 0.0]
[plan_pick] detected 24 carton OBBs
[plan_pick] generated 3 suction candidates for carton_front_l2_c1
[plan_pick] candidate 0/2: face=front, score=0.882, contact=[0.05, -0.39, 1.897]
[plan_pick] candidate 0: solving pregrasp IK
[plan_pick] candidate 0: solving grasp IK
[plan_pick] candidate 0: checking straight approach
[plan_pick] candidate 0: solving carry-exit IK
[plan_pick] candidate 0: evaluating 3 supported conveyor poses
[plan_pick] candidate 0: planning transit RRT
[plan_pick] candidate 0: planning place RRT
[plan_pick] candidate 0: retreat with carton blocked after 3.2s
[plan_pick] candidate 1/2: face=side, score=0.805, contact=[0.26, 0.0, 1.897]
[plan_pick] candidate 1: solving pregrasp IK
[plan_pick] candidate 1: pregrasp IK failed after 1.7s
[plan_pick] candidate 2/2: face=top, score=0.548, contact=[0.26, -0.39, 2.1]
[plan_pick] candidate 2: solving pregrasp IK
[plan_pick] candidate 2: pregrasp IK failed after 0.6s
[online] pick 0: planning target=carton_front_l2_c2; amr_dock=[-1.7, 0.0, 0.0]
[plan_pick] detected 24 carton OBBs
[plan_pick] generated 3 suction candidates for carton_front_l2_c2
[plan_pick] candidate 0/2: face=front, score=0.884, contact=[0.05, 0.16, 1.897]
[plan_pick] candidate 0: solving pregrasp IK
[plan_pick] candidate 0: solving grasp IK
[plan_pick] candidate 0: checking straight approach
[plan_pick] candidate 0: solving carry-exit IK
[plan_pick] candidate 0: evaluating 3 supported conveyor poses
[plan_pick] candidate 0: place IK failed after 3.5s
[plan_pick] candidate 1/2: face=side, score=0.776, contact=[0.26, 0.0, 1.897]
[plan_pick] candidate 1: solving pregrasp IK
[plan_pick] candidate 1: pregrasp IK failed after 1.7s
[plan_pick] candidate 2/2: face=top, score=0.548, contact=[0.26, 0.16, 2.1]
[plan_pick] candidate 2: solving pregrasp IK
[plan_pick] candidate 2: pregrasp IK failed after 0.6s
[online] pick 0: planning target=carton_front_l2_c0; amr_dock=[-1.7, 0.0, 0.0]
[plan_pick] detected 24 carton OBBs
[plan_pick] generated 3 suction candidates for carton_front_l2_c0
[plan_pick] candidate 0/2: face=front, score=0.871, contact=[0.05, -0.94, 1.897]
[plan_pick] candidate 0: solving pregrasp IK
[plan_pick] candidate 0: solving grasp IK
[plan_pick] candidate 0: checking straight approach
[plan_pick] candidate 0: solving carry-exit IK
[plan_pick] candidate 0: evaluating 3 supported conveyor poses
[plan_pick] candidate 0: planning transit RRT
[plan_pick] candidate 0: planning place RRT
[plan_pick] candidate 0: success after 14.9s
[online] pick 0: moved carton_front_l2_c0; remaining=23; segment_waypoints=422
[online] pick 1: detected 23 OBBs; exposed reachable candidates=['carton_front_l2_c1', 'carton_front_l2_c2', 'carton_front_l2_c3', 'carton_back_l2_c0', 'carton_front_l1_c0']
[online] pick 1: planning target=carton_front_l2_c1; amr_dock=[-1.7, 0.0, 0.0]
[plan_pick] detected 23 carton OBBs
[plan_pick] generated 3 suction candidates for carton_front_l2_c1
[plan_pick] candidate 0/2: face=front, score=0.882, contact=[0.05, -0.39, 1.897]
[plan_pick] candidate 0: solving pregrasp IK
[plan_pick] candidate 0: solving grasp IK
[plan_pick] candidate 0: checking straight approach
[plan_pick] candidate 0: solving carry-exit IK
[plan_pick] candidate 0: evaluating 3 supported conveyor poses
[plan_pick] candidate 0: planning transit RRT
[plan_pick] candidate 0: planning place RRT
[plan_pick] candidate 0: success after 12.4s
[online] pick 1: moved carton_front_l2_c1; remaining=22; segment_waypoints=331
[online] pick 2: detected 22 OBBs; exposed reachable candidates=['carton_front_l2_c2', 'carton_front_l2_c3', 'carton_back_l2_c1', 'carton_back_l2_c0', 'carton_front_l1_c1', 'carton_front_l1_c0']
[online] pick 2: planning target=carton_front_l2_c2; amr_dock=[-1.7, 0.0, 0.0]
[plan_pick] detected 22 carton OBBs
[plan_pick] generated 3 suction candidates for carton_front_l2_c2
[plan_pick] candidate 0/2: face=front, score=0.884, contact=[0.05, 0.16, 1.897]
[plan_pick] candidate 0: solving pregrasp IK
[plan_pick] candidate 0: solving grasp IK
[plan_pick] candidate 0: checking straight approach
[plan_pick] candidate 0: solving carry-exit IK
[plan_pick] candidate 0: evaluating 3 supported conveyor poses
[plan_pick] candidate 0: planning transit RRT
[plan_pick] candidate 0: planning place RRT
[plan_pick] candidate 0: maximum iterations reached after 17.1s
[plan_pick] target=carton_front_l2_c2: time budget exceeded
[online] pick 2: planning target=carton_front_l2_c3; amr_dock=[-1.7, 0.0, 0.0]
[plan_pick] detected 22 carton OBBs
[plan_pick] generated 3 suction candidates for carton_front_l2_c3
[plan_pick] candidate 0/2: face=front, score=0.877, contact=[0.05, 0.709, 1.897]
[plan_pick] candidate 0: solving pregrasp IK
[plan_pick] candidate 0: solving grasp IK
[plan_pick] candidate 0: checking straight approach
[plan_pick] candidate 0: solving carry-exit IK
[plan_pick] candidate 0: evaluating 3 supported conveyor poses
[plan_pick] candidate 0: place IK failed after 3.2s
[plan_pick] candidate 1/2: face=side, score=0.828, contact=[0.26, 0.55, 1.897]
[plan_pick] candidate 1: solving pregrasp IK
[plan_pick] candidate 1: pregrasp IK failed after 1.6s
[plan_pick] candidate 2/2: face=top, score=0.548, contact=[0.26, 0.709, 2.1]
[plan_pick] candidate 2: solving pregrasp IK
[plan_pick] candidate 2: pregrasp IK failed after 0.6s
[online] pick 2: planning target=carton_back_l2_c1; amr_dock=[-1.7, 0.0, 0.0]
[plan_pick] detected 22 carton OBBs
[plan_pick] generated 3 suction candidates for carton_back_l2_c1
[plan_pick] candidate 0/2: face=front, score=0.894, contact=[0.47, -0.39, 1.897]
[plan_pick] candidate 0: solving pregrasp IK
[plan_pick] candidate 0: solving grasp IK
[plan_pick] candidate 0: checking straight approach
[plan_pick] candidate 0: solving carry-exit IK
[plan_pick] candidate 0: evaluating 3 supported conveyor poses
[plan_pick] candidate 0: planning transit RRT
[plan_pick] candidate 0: planning place RRT
[plan_pick] candidate 0: retreat with carton blocked after 5.4s
[plan_pick] candidate 1/2: face=side, score=0.800, contact=[0.68, 0.0, 1.897]
[plan_pick] candidate 1: solving pregrasp IK
[plan_pick] candidate 1: pregrasp IK failed after 0.7s
[plan_pick] candidate 2/2: face=top, score=0.548, contact=[0.68, -0.39, 2.1]
[plan_pick] candidate 2: solving pregrasp IK
[plan_pick] candidate 2: pregrasp IK failed after 0.6s
[online] pick 2: planning target=carton_back_l2_c0; amr_dock=[-1.7, 0.0, 0.0]
[plan_pick] detected 22 carton OBBs
[plan_pick] generated 3 suction candidates for carton_back_l2_c0
[plan_pick] candidate 0/2: face=front, score=0.885, contact=[0.47, -0.94, 1.897]
[plan_pick] candidate 0: solving pregrasp IK
[plan_pick] candidate 0: solving grasp IK
[plan_pick] candidate 0: checking straight approach
[plan_pick] candidate 0: solving carry-exit IK
[plan_pick] candidate 0: evaluating 3 supported conveyor poses
[plan_pick] candidate 0: planning transit RRT
[plan_pick] candidate 0: planning place RRT
[plan_pick] candidate 0: maximum iterations reached after 18.1s
[plan_pick] target=carton_back_l2_c0: time budget exceeded
[online] pick 2: planning target=carton_front_l1_c1; amr_dock=[-1.7, 0.0, 0.0]
[plan_pick] detected 22 carton OBBs
[plan_pick] generated 3 suction candidates for carton_front_l1_c1
[plan_pick] candidate 0/2: face=front, score=0.911, contact=[0.05, -0.39, 1.197]
[plan_pick] candidate 0: solving pregrasp IK
[plan_pick] candidate 0: solving grasp IK
[plan_pick] candidate 0: checking straight approach
[plan_pick] candidate 0: solving carry-exit IK
[plan_pick] candidate 0: evaluating 3 supported conveyor poses
[plan_pick] candidate 0: planning transit RRT
[plan_pick] candidate 0: planning place RRT
[plan_pick] candidate 0: retreat with carton blocked after 3.2s
[plan_pick] candidate 1/2: face=side, score=0.812, contact=[0.26, 0.0, 1.197]
[plan_pick] candidate 1: solving pregrasp IK
[plan_pick] candidate 1: pregrasp IK failed after 1.6s
[plan_pick] candidate 2/2: face=top, score=0.548, contact=[0.26, -0.39, 1.4]
[plan_pick] candidate 2: solving pregrasp IK
[plan_pick] candidate 2: solving grasp IK
[plan_pick] candidate 2: checking straight approach
[plan_pick] candidate 2: solving carry-exit IK
[plan_pick] candidate 2: carry-exit IK failed after 0.5s
[online] pick 2: planning target=carton_front_l1_c0; amr_dock=[-1.7, 0.0, 0.0]
[plan_pick] detected 22 carton OBBs
[plan_pick] generated 3 suction candidates for carton_front_l1_c0
[plan_pick] candidate 0/2: face=front, score=0.895, contact=[0.05, -0.94, 1.197]
[plan_pick] candidate 0: solving pregrasp IK
[plan_pick] candidate 0: solving grasp IK
[plan_pick] candidate 0: checking straight approach
[plan_pick] candidate 0: solving carry-exit IK
[plan_pick] candidate 0: evaluating 3 supported conveyor poses
[plan_pick] candidate 0: planning transit RRT
[plan_pick] candidate 0: planning place RRT
[plan_pick] candidate 0: retreat with carton blocked after 9.4s
[plan_pick] candidate 1/2: face=side, score=0.865, contact=[0.26, -0.55, 1.197]
[plan_pick] candidate 1: solving pregrasp IK
[plan_pick] candidate 1: pregrasp IK failed after 1.3s
[plan_pick] candidate 2/2: face=top, score=0.548, contact=[0.26, -0.94, 1.4]
[plan_pick] candidate 2: solving pregrasp IK
[plan_pick] candidate 2: solving grasp IK
[plan_pick] candidate 2: checking straight approach
[plan_pick] candidate 2: solving carry-exit IK
[plan_pick] candidate 2: carry-exit IK failed after 0.9s
[online] pick 2: no exposed target feasible at amr_dock=[-1.7, 0.0, 0.0]
[online] pick 2: planning target=carton_front_l2_c2; amr_dock=[-1.3, 0.0, 0.0]
[plan_pick] detected 22 carton OBBs
[plan_pick] generated 3 suction candidates for carton_front_l2_c2
[plan_pick] candidate 0/2: face=front, score=0.867, contact=[0.05, 0.16, 1.897]
[plan_pick] candidate 0: solving pregrasp IK
[plan_pick] candidate 0: solving grasp IK
[plan_pick] candidate 0: checking straight approach
[plan_pick] candidate 0: solving carry-exit IK
[plan_pick] candidate 0: evaluating 3 supported conveyor poses
[plan_pick] candidate 0: place IK failed after 3.3s
[plan_pick] candidate 1/2: face=side, score=0.778, contact=[0.26, 0.0, 1.897]
[plan_pick] candidate 1: solving pregrasp IK
[plan_pick] candidate 1: solving grasp IK
[plan_pick] candidate 1: checking straight approach
[plan_pick] candidate 1: solving carry-exit IK
[plan_pick] candidate 1: carry-exit IK failed after 2.4s
[plan_pick] candidate 2/2: face=top, score=0.548, contact=[0.26, 0.16, 2.1]
[plan_pick] candidate 2: solving pregrasp IK
[plan_pick] candidate 2: pregrasp IK failed after 1.2s
[online] pick 2: planning target=carton_front_l2_c3; amr_dock=[-1.3, 0.0, 0.0]
[plan_pick] detected 22 carton OBBs
[plan_pick] generated 3 suction candidates for carton_front_l2_c3
[plan_pick] candidate 0/2: face=front, score=0.859, contact=[0.05, 0.709, 1.897]
[plan_pick] candidate 0: solving pregrasp IK
[plan_pick] candidate 0: solving grasp IK
[plan_pick] candidate 0: checking straight approach
[plan_pick] candidate 0: solving carry-exit IK
[plan_pick] candidate 0: evaluating 3 supported conveyor poses
[plan_pick] candidate 0: planning transit RRT
[plan_pick] candidate 0: planning place RRT
[plan_pick] candidate 0: success after 4.8s
[online] pick 2: moved carton_front_l2_c3; remaining=21; segment_waypoints=305
[online] pick 3: detected 21 OBBs; exposed reachable candidates=['carton_front_l2_c2', 'carton_back_l2_c1', 'carton_back_l2_c0', 'carton_back_l2_c3', 'carton_front_l1_c1', 'carton_front_l1_c0', 'carton_front_l1_c3']
[online] pick 3: planning target=carton_front_l2_c2; amr_dock=[-1.7, 0.0, 0.0]
[plan_pick] detected 21 carton OBBs
[plan_pick] generated 3 suction candidates for carton_front_l2_c2
[plan_pick] candidate 0/2: face=front, score=0.884, contact=[0.05, 0.16, 1.897]
[plan_pick] candidate 0: solving pregrasp IK
[plan_pick] candidate 0: solving grasp IK
[plan_pick] candidate 0: checking straight approach
[plan_pick] candidate 0: solving carry-exit IK
[plan_pick] candidate 0: evaluating 3 supported conveyor poses
[plan_pick] candidate 0: place IK failed after 3.2s
[plan_pick] candidate 1/2: face=side, score=0.776, contact=[0.26, 0.0, 1.897]
[plan_pick] candidate 1: solving pregrasp IK
[plan_pick] candidate 1: solving grasp IK
[plan_pick] candidate 1: checking straight approach
[plan_pick] candidate 1: solving carry-exit IK
[plan_pick] candidate 1: evaluating 3 supported conveyor poses
[plan_pick] candidate 1: place IK failed after 3.5s
[plan_pick] candidate 2/2: face=top, score=0.548, contact=[0.26, 0.16, 2.1]
[plan_pick] candidate 2: solving pregrasp IK
[plan_pick] candidate 2: pregrasp IK failed after 0.6s
[online] pick 3: planning target=carton_back_l2_c1; amr_dock=[-1.7, 0.0, 0.0]
[plan_pick] detected 21 carton OBBs
[plan_pick] generated 3 suction candidates for carton_back_l2_c1
[plan_pick] candidate 0/2: face=front, score=0.894, contact=[0.47, -0.39, 1.897]
[plan_pick] candidate 0: solving pregrasp IK
[plan_pick] candidate 0: solving grasp IK
[plan_pick] candidate 0: checking straight approach
[plan_pick] candidate 0: solving carry-exit IK
[plan_pick] candidate 0: evaluating 3 supported conveyor poses
[plan_pick] candidate 0: place IK failed after 4.3s
[plan_pick] candidate 1/2: face=side, score=0.800, contact=[0.68, 0.0, 1.897]
[plan_pick] candidate 1: solving pregrasp IK
[plan_pick] candidate 1: pregrasp IK failed after 0.7s
[plan_pick] candidate 2/2: face=top, score=0.548, contact=[0.68, -0.39, 2.1]
[plan_pick] candidate 2: solving pregrasp IK
[plan_pick] candidate 2: pregrasp IK failed after 0.6s
[online] pick 3: planning target=carton_back_l2_c0; amr_dock=[-1.7, 0.0, 0.0]
[plan_pick] detected 21 carton OBBs
[plan_pick] generated 3 suction candidates for carton_back_l2_c0
[plan_pick] candidate 0/2: face=front, score=0.885, contact=[0.47, -0.94, 1.897]
[plan_pick] candidate 0: solving pregrasp IK
[plan_pick] candidate 0: solving grasp IK
[plan_pick] candidate 0: checking straight approach
[plan_pick] candidate 0: solving carry-exit IK
[plan_pick] candidate 0: carry-exit IK failed after 1.2s
[plan_pick] candidate 1/2: face=side, score=0.843, contact=[0.68, -0.55, 1.897]
[plan_pick] candidate 1: solving pregrasp IK
[plan_pick] candidate 1: pregrasp IK failed after 0.7s
[plan_pick] candidate 2/2: face=top, score=0.548, contact=[0.68, -0.94, 2.1]
[plan_pick] candidate 2: solving pregrasp IK
[plan_pick] candidate 2: pregrasp IK failed after 0.6s
[online] pick 3: planning target=carton_back_l2_c3; amr_dock=[-1.7, 0.0, 0.0]
[plan_pick] detected 21 carton OBBs
[plan_pick] generated 3 suction candidates for carton_back_l2_c3
[plan_pick] candidate 0/2: face=front, score=0.891, contact=[0.47, 0.709, 1.897]
[plan_pick] candidate 0: solving pregrasp IK
[plan_pick] candidate 0: solving grasp IK
[plan_pick] candidate 0: checking straight approach
[plan_pick] candidate 0: solving carry-exit IK
[plan_pick] candidate 0: evaluating 3 supported conveyor poses
[plan_pick] candidate 0: planning transit RRT
[plan_pick] candidate 0: planning place RRT
[plan_pick] candidate 0: maximum iterations reached after 15.1s
[plan_pick] target=carton_back_l2_c3: time budget exceeded
[online] pick 3: planning target=carton_front_l1_c1; amr_dock=[-1.7, 0.0, 0.0]
[plan_pick] detected 21 carton OBBs
[plan_pick] generated 3 suction candidates for carton_front_l1_c1
[plan_pick] candidate 0/2: face=front, score=0.911, contact=[0.05, -0.39, 1.197]
[plan_pick] candidate 0: solving pregrasp IK
[plan_pick] candidate 0: solving grasp IK
[plan_pick] candidate 0: checking straight approach
[plan_pick] candidate 0: solving carry-exit IK
[plan_pick] candidate 0: evaluating 3 supported conveyor poses
[plan_pick] candidate 0: planning transit RRT
[plan_pick] candidate 0: planning place RRT
[plan_pick] candidate 0: retreat with carton blocked after 3.2s
[plan_pick] candidate 1/2: face=side, score=0.812, contact=[0.26, 0.0, 1.197]
[plan_pick] candidate 1: solving pregrasp IK
[plan_pick] candidate 1: pregrasp IK failed after 1.7s
[plan_pick] candidate 2/2: face=top, score=0.548, contact=[0.26, -0.39, 1.4]
[plan_pick] candidate 2: solving pregrasp IK
[plan_pick] candidate 2: solving grasp IK
[plan_pick] candidate 2: checking straight approach
[plan_pick] candidate 2: solving carry-exit IK
[plan_pick] candidate 2: carry-exit IK failed after 0.6s
[online] pick 3: planning target=carton_front_l1_c0; amr_dock=[-1.7, 0.0, 0.0]
[plan_pick] detected 21 carton OBBs
[plan_pick] generated 3 suction candidates for carton_front_l1_c0
[plan_pick] candidate 0/2: face=front, score=0.895, contact=[0.05, -0.94, 1.197]
[plan_pick] candidate 0: solving pregrasp IK
[plan_pick] candidate 0: solving grasp IK
[plan_pick] candidate 0: checking straight approach
[plan_pick] candidate 0: solving carry-exit IK
[plan_pick] candidate 0: evaluating 3 supported conveyor poses
[plan_pick] candidate 0: planning transit RRT
[plan_pick] candidate 0: planning place RRT
[plan_pick] candidate 0: retreat with carton blocked after 3.2s
[plan_pick] candidate 1/2: face=side, score=0.865, contact=[0.26, -0.55, 1.197]
[plan_pick] candidate 1: solving pregrasp IK
[plan_pick] candidate 1: pregrasp IK failed after 1.5s
[plan_pick] candidate 2/2: face=top, score=0.548, contact=[0.26, -0.94, 1.4]
[plan_pick] candidate 2: solving pregrasp IK
[plan_pick] candidate 2: solving grasp IK
[plan_pick] candidate 2: checking straight approach
[plan_pick] candidate 2: solving carry-exit IK
[plan_pick] candidate 2: carry-exit IK failed after 0.5s
[online] pick 3: planning target=carton_front_l1_c3; amr_dock=[-1.7, 0.0, 0.0]
[plan_pick] detected 21 carton OBBs
[plan_pick] generated 3 suction candidates for carton_front_l1_c3
[plan_pick] candidate 0/2: face=front, score=0.905, contact=[0.05, 0.709, 1.197]
[plan_pick] candidate 0: solving pregrasp IK
[plan_pick] candidate 0: solving grasp IK
[plan_pick] candidate 0: checking straight approach
[plan_pick] candidate 0: solving carry-exit IK
[plan_pick] candidate 0: carry-exit IK failed after 0.4s
[plan_pick] candidate 1/2: face=side, score=0.837, contact=[0.26, 0.55, 1.197]
[plan_pick] candidate 1: solving pregrasp IK
[plan_pick] candidate 1: pregrasp IK failed after 1.8s
[plan_pick] candidate 2/2: face=top, score=0.548, contact=[0.26, 0.709, 1.4]
[plan_pick] candidate 2: solving pregrasp IK
[plan_pick] candidate 2: pregrasp IK failed after 1.1s
[online] pick 3: no exposed target feasible at amr_dock=[-1.7, 0.0, 0.0]
[online] pick 3: planning target=carton_front_l2_c2; amr_dock=[-1.3, 0.0, 0.0]
[plan_pick] detected 21 carton OBBs
[plan_pick] generated 3 suction candidates for carton_front_l2_c2
[plan_pick] candidate 0/2: face=front, score=0.867, contact=[0.05, 0.16, 1.897]
[plan_pick] candidate 0: solving pregrasp IK
[plan_pick] candidate 0: solving grasp IK
[plan_pick] candidate 0: checking straight approach
[plan_pick] candidate 0: solving carry-exit IK
[plan_pick] candidate 0: evaluating 3 supported conveyor poses
[plan_pick] candidate 0: place IK failed after 3.0s
[plan_pick] candidate 1/2: face=side, score=0.778, contact=[0.26, 0.0, 1.897]
[plan_pick] candidate 1: solving pregrasp IK
[plan_pick] candidate 1: solving grasp IK
[plan_pick] candidate 1: checking straight approach
[plan_pick] candidate 1: solving carry-exit IK
[plan_pick] candidate 1: carry-exit IK failed after 1.8s
[plan_pick] candidate 2/2: face=top, score=0.548, contact=[0.26, 0.16, 2.1]
[plan_pick] candidate 2: solving pregrasp IK
[plan_pick] candidate 2: pregrasp IK failed after 1.2s
[online] pick 3: planning target=carton_back_l2_c1; amr_dock=[-1.3, 0.0, 0.0]
[plan_pick] detected 21 carton OBBs
[plan_pick] generated 3 suction candidates for carton_back_l2_c1
[plan_pick] candidate 0/2: face=front, score=0.882, contact=[0.47, -0.39, 1.897]
[plan_pick] candidate 0: solving pregrasp IK
[plan_pick] candidate 0: solving grasp IK
[plan_pick] candidate 0: checking straight approach
[plan_pick] candidate 0: solving carry-exit IK
[plan_pick] candidate 0: evaluating 3 supported conveyor poses
[plan_pick] candidate 0: place IK failed after 4.3s
[plan_pick] candidate 1/2: face=side, score=0.805, contact=[0.68, 0.0, 1.897]
[plan_pick] candidate 1: solving pregrasp IK
[plan_pick] candidate 1: pregrasp IK failed after 1.6s
[plan_pick] candidate 2/2: face=top, score=0.548, contact=[0.68, -0.39, 2.1]
[plan_pick] candidate 2: solving pregrasp IK
[plan_pick] candidate 2: pregrasp IK failed after 0.7s
[online] pick 3: planning target=carton_back_l2_c0; amr_dock=[-1.3, 0.0, 0.0]
[plan_pick] detected 21 carton OBBs
[plan_pick] generated 3 suction candidates for carton_back_l2_c0
[plan_pick] candidate 0/2: face=front, score=0.871, contact=[0.47, -0.94, 1.897]
[plan_pick] candidate 0: solving pregrasp IK
[plan_pick] candidate 0: solving grasp IK
[plan_pick] candidate 0: checking straight approach
[plan_pick] candidate 0: approach blocked after 0.3s
[plan_pick] candidate 1/2: face=side, score=0.853, contact=[0.68, -0.55, 1.897]
[plan_pick] candidate 1: solving pregrasp IK
[plan_pick] candidate 1: pregrasp IK failed after 1.7s
[plan_pick] candidate 2/2: face=top, score=0.548, contact=[0.68, -0.94, 2.1]
[plan_pick] candidate 2: solving pregrasp IK
[plan_pick] candidate 2: pregrasp IK failed after 0.7s
[online] pick 3: planning target=carton_back_l2_c3; amr_dock=[-1.3, 0.0, 0.0]
[plan_pick] detected 21 carton OBBs
[plan_pick] generated 3 suction candidates for carton_back_l2_c3
[plan_pick] candidate 0/2: face=front, score=0.878, contact=[0.47, 0.709, 1.897]
[plan_pick] candidate 0: solving pregrasp IK
[plan_pick] candidate 0: solving grasp IK
[plan_pick] candidate 0: grasp IK failed after 1.0s
[plan_pick] candidate 1/2: face=side, score=0.828, contact=[0.68, 0.55, 1.897]
[plan_pick] candidate 1: solving pregrasp IK
[plan_pick] candidate 1: pregrasp IK failed after 1.1s
[plan_pick] candidate 2/2: face=top, score=0.548, contact=[0.68, 0.709, 2.1]
[plan_pick] candidate 2: solving pregrasp IK
[plan_pick] candidate 2: pregrasp IK failed after 0.7s
[online] pick 3: planning target=carton_front_l1_c1; amr_dock=[-1.3, 0.0, 0.0]
[plan_pick] detected 21 carton OBBs
[plan_pick] generated 3 suction candidates for carton_front_l1_c1
[plan_pick] candidate 0/2: face=front, score=0.902, contact=[0.05, -0.39, 1.197]
[plan_pick] candidate 0: solving pregrasp IK
[plan_pick] candidate 0: solving grasp IK
[plan_pick] candidate 0: checking straight approach
[plan_pick] candidate 0: solving carry-exit IK
[plan_pick] candidate 0: evaluating 3 supported conveyor poses
[plan_pick] candidate 0: planning transit RRT
[plan_pick] candidate 0: planning place RRT
[plan_pick] candidate 0: retreat with carton blocked after 1.6s
[plan_pick] candidate 1/2: face=side, score=0.821, contact=[0.26, 0.0, 1.197]
[plan_pick] candidate 1: solving pregrasp IK
[plan_pick] candidate 1: pregrasp IK failed after 1.6s
[plan_pick] candidate 2/2: face=top, score=0.548, contact=[0.26, -0.39, 1.4]
[plan_pick] candidate 2: solving pregrasp IK
[plan_pick] candidate 2: solving grasp IK
[plan_pick] candidate 2: checking straight approach
[plan_pick] candidate 2: solving carry-exit IK
[plan_pick] candidate 2: carry-exit IK failed after 1.1s
[online] pick 3: planning target=carton_front_l1_c0; amr_dock=[-1.3, 0.0, 0.0]
[plan_pick] detected 21 carton OBBs
[plan_pick] generated 3 suction candidates for carton_front_l1_c0
[plan_pick] candidate 0/2: face=front, score=0.880, contact=[0.05, -0.94, 1.197]
[plan_pick] candidate 0: solving pregrasp IK
[plan_pick] candidate 0: solving grasp IK
[plan_pick] candidate 0: checking straight approach
[plan_pick] candidate 0: solving carry-exit IK
[plan_pick] candidate 0: evaluating 3 supported conveyor poses
[plan_pick] candidate 0: planning transit RRT
[plan_pick] candidate 0: planning place RRT
[plan_pick] candidate 0: retreat with carton blocked after 6.3s
[plan_pick] candidate 1/2: face=side, score=0.882, contact=[0.26, -0.55, 1.197]
[plan_pick] candidate 1: solving pregrasp IK
[plan_pick] candidate 1: pregrasp IK failed after 1.9s
[plan_pick] candidate 2/2: face=top, score=0.548, contact=[0.26, -0.94, 1.4]
[plan_pick] candidate 2: solving pregrasp IK
[plan_pick] candidate 2: solving grasp IK
[plan_pick] candidate 2: checking straight approach
[plan_pick] candidate 2: solving carry-exit IK
[plan_pick] candidate 2: carry-exit IK failed after 0.6s
[online] pick 3: planning target=carton_front_l1_c3; amr_dock=[-1.3, 0.0, 0.0]
[plan_pick] detected 21 carton OBBs
[plan_pick] generated 3 suction candidates for carton_front_l1_c3
[plan_pick] candidate 0/2: face=front, score=0.893, contact=[0.05, 0.709, 1.197]
[plan_pick] candidate 0: solving pregrasp IK
[plan_pick] candidate 0: solving grasp IK
[plan_pick] candidate 0: checking straight approach
[plan_pick] candidate 0: solving carry-exit IK
[plan_pick] candidate 0: evaluating 3 supported conveyor poses
[plan_pick] candidate 0: planning transit RRT
[plan_pick] candidate 0: planning place RRT
[plan_pick] candidate 0: retreat with carton blocked after 3.0s
[plan_pick] candidate 1/2: face=side, score=0.851, contact=[0.26, 0.55, 1.197]
[plan_pick] candidate 1: solving pregrasp IK
[plan_pick] candidate 1: pregrasp IK failed after 2.4s
[plan_pick] candidate 2/2: face=top, score=0.548, contact=[0.26, 0.709, 1.4]
[plan_pick] candidate 2: solving pregrasp IK
[plan_pick] candidate 2: pregrasp IK failed after 1.9s
[online] pick 3: no exposed target feasible at amr_dock=[-1.3, 0.0, 0.0]
[online] pick 3: planning target=carton_front_l2_c2; amr_dock=[-1.1, 0.0, 0.0]
[plan_pick] detected 21 carton OBBs
[plan_pick] generated 3 suction candidates for carton_front_l2_c2
[plan_pick] candidate 0/2: face=front, score=0.855, contact=[0.05, 0.16, 1.897]
[plan_pick] candidate 0: solving pregrasp IK
[plan_pick] candidate 0: solving grasp IK
[plan_pick] candidate 0: checking straight approach
[plan_pick] candidate 0: solving carry-exit IK
[plan_pick] candidate 0: evaluating 3 supported conveyor poses
[plan_pick] candidate 0: planning transit RRT
[plan_pick] candidate 0: planning place RRT
[plan_pick] candidate 0: retreat with carton blocked after 3.1s
[plan_pick] candidate 1/2: face=side, score=0.779, contact=[0.26, 0.0, 1.897]
[plan_pick] candidate 1: solving pregrasp IK
[plan_pick] candidate 1: solving grasp IK
[plan_pick] candidate 1: checking straight approach
[plan_pick] candidate 1: solving carry-exit IK
[plan_pick] candidate 1: carry-exit IK failed after 1.1s
[plan_pick] candidate 2/2: face=top, score=0.548, contact=[0.26, 0.16, 2.1]
[plan_pick] candidate 2: solving pregrasp IK
[plan_pick] candidate 2: pregrasp IK failed after 1.3s
[online] pick 3: planning target=carton_back_l2_c1; amr_dock=[-1.1, 0.0, 0.0]
[plan_pick] detected 21 carton OBBs
[plan_pick] generated 3 suction candidates for carton_back_l2_c1
[plan_pick] candidate 0/2: face=front, score=0.874, contact=[0.47, -0.39, 1.897]
[plan_pick] candidate 0: solving pregrasp IK
[plan_pick] candidate 0: solving grasp IK
[plan_pick] candidate 0: checking straight approach
[plan_pick] candidate 0: solving carry-exit IK
[plan_pick] candidate 0: evaluating 3 supported conveyor poses
[plan_pick] candidate 0: planning transit RRT
[plan_pick] candidate 0: planning place RRT
[plan_pick] candidate 0: retreat with carton blocked after 8.1s
[plan_pick] candidate 1/2: face=side, score=0.808, contact=[0.68, 0.0, 1.897]
[plan_pick] candidate 1: solving pregrasp IK
[plan_pick] candidate 1: pregrasp IK failed after 1.9s
[plan_pick] candidate 2/2: face=top, score=0.548, contact=[0.68, -0.39, 2.1]
[plan_pick] candidate 2: solving pregrasp IK
[plan_pick] candidate 2: pregrasp IK failed after 0.8s
[online] pick 3: planning target=carton_back_l2_c0; amr_dock=[-1.1, 0.0, 0.0]
[plan_pick] detected 21 carton OBBs
[plan_pick] generated 3 suction candidates for carton_back_l2_c0
[plan_pick] candidate 0/2: face=front, score=0.863, contact=[0.47, -0.94, 1.897]
[plan_pick] candidate 0: solving pregrasp IK
[plan_pick] candidate 0: solving grasp IK
[plan_pick] candidate 0: checking straight approach
[plan_pick] candidate 0: solving carry-exit IK
[plan_pick] candidate 0: carry-exit IK failed after 1.2s
[plan_pick] candidate 1/2: face=side, score=0.858, contact=[0.68, -0.55, 1.897]
[plan_pick] candidate 1: solving pregrasp IK
[plan_pick] candidate 1: pregrasp IK failed after 1.5s
[plan_pick] candidate 2/2: face=top, score=0.548, contact=[0.68, -0.94, 2.1]
[plan_pick] candidate 2: solving pregrasp IK
[plan_pick] candidate 2: pregrasp IK failed after 0.7s
[online] pick 3: planning target=carton_back_l2_c3; amr_dock=[-1.1, 0.0, 0.0]
[plan_pick] detected 21 carton OBBs
[plan_pick] generated 3 suction candidates for carton_back_l2_c3
[plan_pick] candidate 0/2: face=front, score=0.870, contact=[0.47, 0.709, 1.897]
[plan_pick] candidate 0: solving pregrasp IK
[plan_pick] candidate 0: solving grasp IK
[plan_pick] candidate 0: grasp IK failed after 1.0s
[plan_pick] candidate 1/2: face=side, score=0.832, contact=[0.68, 0.55, 1.897]
[plan_pick] candidate 1: solving pregrasp IK
[plan_pick] candidate 1: pregrasp IK failed after 1.6s
[plan_pick] candidate 2/2: face=top, score=0.548, contact=[0.68, 0.709, 2.1]
[plan_pick] candidate 2: solving pregrasp IK
[plan_pick] candidate 2: pregrasp IK failed after 0.7s
[online] pick 3: planning target=carton_front_l1_c1; amr_dock=[-1.1, 0.0, 0.0]
[plan_pick] detected 21 carton OBBs
[plan_pick] generated 3 suction candidates for carton_front_l1_c1
[plan_pick] candidate 0/2: face=front, score=0.894, contact=[0.05, -0.39, 1.197]
[plan_pick] candidate 0: solving pregrasp IK
[plan_pick] candidate 0: solving grasp IK
[plan_pick] candidate 0: checking straight approach
[plan_pick] candidate 0: solving carry-exit IK
[plan_pick] candidate 0: evaluating 3 supported conveyor poses
[plan_pick] candidate 0: planning transit RRT
[plan_pick] candidate 0: planning place RRT
[plan_pick] candidate 0: retreat with carton blocked after 5.4s
[plan_pick] candidate 1/2: face=side, score=0.827, contact=[0.26, 0.0, 1.197]
[plan_pick] candidate 1: solving pregrasp IK
[plan_pick] candidate 1: pregrasp IK failed after 2.7s
[plan_pick] candidate 2/2: face=top, score=0.548, contact=[0.26, -0.39, 1.4]
[plan_pick] candidate 2: solving pregrasp IK
[plan_pick] candidate 2: solving grasp IK
[plan_pick] candidate 2: checking straight approach
[plan_pick] candidate 2: solving carry-exit IK
[plan_pick] candidate 2: carry-exit IK failed after 1.3s
[online] pick 3: planning target=carton_front_l1_c0; amr_dock=[-1.1, 0.0, 0.0]
[plan_pick] detected 21 carton OBBs
[plan_pick] generated 3 suction candidates for carton_front_l1_c0
[plan_pick] candidate 0/2: face=front, score=0.869, contact=[0.05, -0.94, 1.197]
[plan_pick] candidate 0: solving pregrasp IK
[plan_pick] candidate 0: pregrasp IK failed after 0.7s
[plan_pick] candidate 1/2: face=side, score=0.892, contact=[0.26, -0.55, 1.197]
[plan_pick] candidate 1: solving pregrasp IK
[plan_pick] candidate 1: pregrasp IK failed after 2.1s
[plan_pick] candidate 2/2: face=top, score=0.548, contact=[0.26, -0.94, 1.4]
[plan_pick] candidate 2: solving pregrasp IK
[plan_pick] candidate 2: solving grasp IK
[plan_pick] candidate 2: checking straight approach
[plan_pick] candidate 2: solving carry-exit IK
[plan_pick] candidate 2: carry-exit IK failed after 1.0s
[online] pick 3: planning target=carton_front_l1_c3; amr_dock=[-1.1, 0.0, 0.0]
[plan_pick] detected 21 carton OBBs
[plan_pick] generated 3 suction candidates for carton_front_l1_c3
[plan_pick] candidate 0/2: face=front, score=0.884, contact=[0.05, 0.709, 1.197]
[plan_pick] candidate 0: solving pregrasp IK
[plan_pick] candidate 0: solving grasp IK
[plan_pick] candidate 0: checking straight approach
[plan_pick] candidate 0: solving carry-exit IK
[plan_pick] candidate 0: evaluating 3 supported conveyor poses
[plan_pick] candidate 0: planning transit RRT
[plan_pick] candidate 0: planning place RRT
[plan_pick] candidate 0: retreat with carton blocked after 4.7s
[plan_pick] candidate 1/2: face=side, score=0.860, contact=[0.26, 0.55, 1.197]
[plan_pick] candidate 1: solving pregrasp IK
[plan_pick] candidate 1: pregrasp IK failed after 1.4s
[plan_pick] candidate 2/2: face=top, score=0.548, contact=[0.26, 0.709, 1.4]
[plan_pick] candidate 2: solving pregrasp IK
[plan_pick] candidate 2: pregrasp IK failed after 1.6s
[online] pick 3: no exposed target feasible at amr_dock=[-1.1, 0.0, 0.0]
[online] pick 3: planning target=carton_front_l2_c2; amr_dock=[-0.9, 0.0, 0.0]
[plan_pick] detected 21 carton OBBs
[plan_pick] generated 3 suction candidates for carton_front_l2_c2
[plan_pick] candidate 0/2: face=front, score=0.841, contact=[0.05, 0.16, 1.897]
[plan_pick] candidate 0: solving pregrasp IK
[plan_pick] candidate 0: solving grasp IK
[plan_pick] candidate 0: checking straight approach
[plan_pick] candidate 0: solving carry-exit IK
[plan_pick] candidate 0: evaluating 3 supported conveyor poses
[plan_pick] candidate 0: planning transit RRT
[plan_pick] candidate 0: planning place RRT
[plan_pick] candidate 0: maximum iterations reached after 18.3s
[plan_pick] target=carton_front_l2_c2: time budget exceeded
[online] pick 3: planning target=carton_back_l2_c1; amr_dock=[-0.9, 0.0, 0.0]
[plan_pick] detected 21 carton OBBs
[plan_pick] generated 3 suction candidates for carton_back_l2_c1
[plan_pick] candidate 0/2: face=front, score=0.865, contact=[0.47, -0.39, 1.897]
[plan_pick] candidate 0: solving pregrasp IK
[plan_pick] candidate 0: solving grasp IK
[plan_pick] candidate 0: checking straight approach
[plan_pick] candidate 0: solving carry-exit IK
[plan_pick] candidate 0: carry-exit IK failed after 1.6s
[plan_pick] candidate 1/2: face=side, score=0.811, contact=[0.68, 0.0, 1.897]
[plan_pick] candidate 1: solving pregrasp IK
[plan_pick] candidate 1: pregrasp IK failed after 1.8s
[plan_pick] candidate 2/2: face=top, score=0.548, contact=[0.68, -0.39, 2.1]
[plan_pick] candidate 2: solving pregrasp IK
[plan_pick] candidate 2: pregrasp IK failed after 0.8s
[online] pick 3: planning target=carton_back_l2_c0; amr_dock=[-0.9, 0.0, 0.0]
[plan_pick] detected 21 carton OBBs
[plan_pick] generated 3 suction candidates for carton_back_l2_c0
[plan_pick] candidate 0/2: face=front, score=0.852, contact=[0.47, -0.94, 1.897]
[plan_pick] candidate 0: solving pregrasp IK
[plan_pick] candidate 0: solving grasp IK
[plan_pick] candidate 0: checking straight approach
[plan_pick] candidate 0: solving carry-exit IK
[plan_pick] candidate 0: carry-exit IK failed after 1.9s
[plan_pick] candidate 1/2: face=side, score=0.863, contact=[0.68, -0.55, 1.897]
[plan_pick] candidate 1: solving pregrasp IK
[plan_pick] candidate 1: pregrasp IK failed after 1.3s
[plan_pick] candidate 2/2: face=top, score=0.548, contact=[0.68, -0.94, 2.1]
[plan_pick] candidate 2: solving pregrasp IK
[plan_pick] candidate 2: pregrasp IK failed after 0.8s
[online] pick 3: planning target=carton_back_l2_c3; amr_dock=[-0.9, 0.0, 0.0]
[plan_pick] detected 21 carton OBBs
[plan_pick] generated 3 suction candidates for carton_back_l2_c3
[plan_pick] candidate 0/2: face=front, score=0.860, contact=[0.47, 0.709, 1.897]
[plan_pick] candidate 0: solving pregrasp IK
[plan_pick] candidate 0: solving grasp IK
[plan_pick] candidate 0: grasp IK failed after 1.2s
[plan_pick] candidate 1/2: face=side, score=0.836, contact=[0.68, 0.55, 1.897]
[plan_pick] candidate 1: solving pregrasp IK
[plan_pick] candidate 1: pregrasp IK failed after 1.7s
[plan_pick] candidate 2/2: face=top, score=0.548, contact=[0.68, 0.709, 2.1]
[plan_pick] candidate 2: solving pregrasp IK
[plan_pick] candidate 2: pregrasp IK failed after 0.7s
[online] pick 3: planning target=carton_front_l1_c1; amr_dock=[-0.9, 0.0, 0.0]
[plan_pick] detected 21 carton OBBs
[plan_pick] generated 3 suction candidates for carton_front_l1_c1
[plan_pick] candidate 0/2: face=front, score=0.884, contact=[0.05, -0.39, 1.197]
[plan_pick] candidate 0: solving pregrasp IK
[plan_pick] candidate 0: solving grasp IK
[plan_pick] candidate 0: checking straight approach
[plan_pick] candidate 0: solving carry-exit IK
[plan_pick] candidate 0: evaluating 3 supported conveyor poses
[plan_pick] candidate 0: planning transit RRT
[plan_pick] candidate 0: planning place RRT
[plan_pick] candidate 0: retreat with carton blocked after 6.4s
[plan_pick] candidate 1/2: face=side, score=0.835, contact=[0.26, 0.0, 1.197]
[plan_pick] candidate 1: solving pregrasp IK
[plan_pick] candidate 1: pregrasp IK failed after 1.5s
[plan_pick] candidate 2/2: face=top, score=0.548, contact=[0.26, -0.39, 1.4]
[plan_pick] candidate 2: solving pregrasp IK
[plan_pick] candidate 2: solving grasp IK
[plan_pick] candidate 2: checking straight approach
[plan_pick] candidate 2: solving carry-exit IK
[plan_pick] candidate 2: carry-exit IK failed after 1.2s
[online] pick 3: planning target=carton_front_l1_c0; amr_dock=[-0.9, 0.0, 0.0]
[plan_pick] detected 21 carton OBBs
[plan_pick] generated 3 suction candidates for carton_front_l1_c0
[plan_pick] candidate 0/2: face=front, score=0.856, contact=[0.05, -0.94, 1.197]
[plan_pick] candidate 0: solving pregrasp IK
[plan_pick] candidate 0: solving grasp IK
[plan_pick] candidate 0: checking straight approach
[plan_pick] candidate 0: solving carry-exit IK
[plan_pick] candidate 0: evaluating 3 supported conveyor poses
[plan_pick] candidate 0: planning transit RRT
[plan_pick] candidate 0: planning place RRT
[plan_pick] candidate 0: retreat with carton blocked after 7.8s
[plan_pick] candidate 1/2: face=side, score=0.902, contact=[0.26, -0.55, 1.197]
[plan_pick] candidate 1: solving pregrasp IK
[plan_pick] candidate 1: pregrasp IK failed after 2.0s
[plan_pick] candidate 2/2: face=top, score=0.548, contact=[0.26, -0.94, 1.4]
[plan_pick] candidate 2: solving pregrasp IK
[plan_pick] candidate 2: solving grasp IK
[plan_pick] candidate 2: checking straight approach
[plan_pick] candidate 2: solving carry-exit IK
[plan_pick] candidate 2: carry-exit IK failed after 1.4s
[online] pick 3: planning target=carton_front_l1_c3; amr_dock=[-0.9, 0.0, 0.0]
[plan_pick] detected 21 carton OBBs
[plan_pick] generated 3 suction candidates for carton_front_l1_c3
[plan_pick] candidate 0/2: face=front, score=0.873, contact=[0.05, 0.709, 1.197]
[plan_pick] candidate 0: solving pregrasp IK
[plan_pick] candidate 0: solving grasp IK
[plan_pick] candidate 0: checking straight approach
[plan_pick] candidate 0: solving carry-exit IK
[plan_pick] candidate 0: evaluating 3 supported conveyor poses
[plan_pick] candidate 0: planning transit RRT
[plan_pick] candidate 0: planning place RRT
[plan_pick] candidate 0: success after 19.2s
[online] pick 3: moved carton_front_l1_c3; remaining=20; segment_waypoints=324
[online] pick 4: detected 20 OBBs; exposed reachable candidates=['carton_front_l2_c2', 'carton_back_l2_c1', 'carton_back_l2_c0', 'carton_back_l2_c3', 'carton_front_l1_c1', 'carton_front_l1_c0', 'carton_front_l0_c3']
[online] pick 4: planning target=carton_front_l2_c2; amr_dock=[-1.7, 0.0, 0.0]
[plan_pick] detected 20 carton OBBs
[plan_pick] generated 3 suction candidates for carton_front_l2_c2
[plan_pick] candidate 0/2: face=front, score=0.884, contact=[0.05, 0.16, 1.897]
[plan_pick] candidate 0: solving pregrasp IK
[plan_pick] candidate 0: solving grasp IK
[plan_pick] candidate 0: checking straight approach
[plan_pick] candidate 0: solving carry-exit IK
[plan_pick] candidate 0: evaluating 3 supported conveyor poses
[plan_pick] candidate 0: place IK failed after 3.9s
[plan_pick] candidate 1/2: face=side, score=0.776, contact=[0.26, 0.0, 1.897]
[plan_pick] candidate 1: solving pregrasp IK
[plan_pick] candidate 1: solving grasp IK
[plan_pick] candidate 1: checking straight approach
[plan_pick] candidate 1: solving carry-exit IK
[plan_pick] candidate 1: evaluating 3 supported conveyor poses
[plan_pick] candidate 1: place IK failed after 4.1s
[plan_pick] candidate 2/2: face=top, score=0.548, contact=[0.26, 0.16, 2.1]
[plan_pick] candidate 2: solving pregrasp IK
[plan_pick] candidate 2: pregrasp IK failed after 0.6s
[online] pick 4: planning target=carton_back_l2_c1; amr_dock=[-1.7, 0.0, 0.0]
[plan_pick] detected 20 carton OBBs
[plan_pick] generated 3 suction candidates for carton_back_l2_c1
[plan_pick] candidate 0/2: face=front, score=0.894, contact=[0.47, -0.39, 1.897]
[plan_pick] candidate 0: solving pregrasp IK
[plan_pick] candidate 0: solving grasp IK
[plan_pick] candidate 0: checking straight approach
[plan_pick] candidate 0: solving carry-exit IK
[plan_pick] candidate 0: carry-exit IK failed after 1.1s
[plan_pick] candidate 1/2: face=side, score=0.800, contact=[0.68, 0.0, 1.897]
[plan_pick] candidate 1: solving pregrasp IK
[plan_pick] candidate 1: pregrasp IK failed after 0.6s
[plan_pick] candidate 2/2: face=top, score=0.548, contact=[0.68, -0.39, 2.1]
[plan_pick] candidate 2: solving pregrasp IK
[plan_pick] candidate 2: pregrasp IK failed after 0.6s
[online] pick 4: planning target=carton_back_l2_c0; amr_dock=[-1.7, 0.0, 0.0]
[plan_pick] detected 20 carton OBBs
[plan_pick] generated 3 suction candidates for carton_back_l2_c0
[plan_pick] candidate 0/2: face=front, score=0.885, contact=[0.47, -0.94, 1.897]
[plan_pick] candidate 0: solving pregrasp IK
[plan_pick] candidate 0: solving grasp IK
[plan_pick] candidate 0: checking straight approach
[plan_pick] candidate 0: solving carry-exit IK
[plan_pick] candidate 0: evaluating 3 supported conveyor poses
[plan_pick] candidate 0: place IK failed after 2.2s
[plan_pick] candidate 1/2: face=side, score=0.843, contact=[0.68, -0.55, 1.897]
[plan_pick] candidate 1: solving pregrasp IK
[plan_pick] candidate 1: pregrasp IK failed after 0.6s
[plan_pick] candidate 2/2: face=top, score=0.548, contact=[0.68, -0.94, 2.1]
[plan_pick] candidate 2: solving pregrasp IK
[plan_pick] candidate 2: pregrasp IK failed after 0.6s
[online] pick 4: planning target=carton_back_l2_c3; amr_dock=[-1.7, 0.0, 0.0]
[plan_pick] detected 20 carton OBBs
[plan_pick] generated 3 suction candidates for carton_back_l2_c3
[plan_pick] candidate 0/2: face=front, score=0.891, contact=[0.47, 0.709, 1.897]
[plan_pick] candidate 0: solving pregrasp IK
[plan_pick] candidate 0: solving grasp IK
[plan_pick] candidate 0: checking straight approach
[plan_pick] candidate 0: solving carry-exit IK
[plan_pick] candidate 0: evaluating 3 supported conveyor poses
[plan_pick] candidate 0: planning transit RRT
[plan_pick] candidate 0: planning place RRT
[plan_pick] candidate 0: maximum iterations reached after 18.0s
[plan_pick] target=carton_back_l2_c3: time budget exceeded
[online] pick 4: planning target=carton_front_l1_c1; amr_dock=[-1.7, 0.0, 0.0]
[plan_pick] detected 20 carton OBBs
[plan_pick] generated 3 suction candidates for carton_front_l1_c1
[plan_pick] candidate 0/2: face=front, score=0.911, contact=[0.05, -0.39, 1.197]
[plan_pick] candidate 0: solving pregrasp IK
[plan_pick] candidate 0: solving grasp IK
[plan_pick] candidate 0: checking straight approach
[plan_pick] candidate 0: solving carry-exit IK
[plan_pick] candidate 0: evaluating 3 supported conveyor poses
[plan_pick] candidate 0: planning transit RRT
[plan_pick] candidate 0: planning place RRT
[plan_pick] candidate 0: retreat with carton blocked after 3.3s
[plan_pick] candidate 1/2: face=side, score=0.812, contact=[0.26, 0.0, 1.197]
[plan_pick] candidate 1: solving pregrasp IK
[plan_pick] candidate 1: pregrasp IK failed after 2.1s
[plan_pick] candidate 2/2: face=top, score=0.548, contact=[0.26, -0.39, 1.4]
[plan_pick] candidate 2: solving pregrasp IK
[plan_pick] candidate 2: solving grasp IK
[plan_pick] candidate 2: checking straight approach
[plan_pick] candidate 2: solving carry-exit IK
[plan_pick] candidate 2: carry-exit IK failed after 0.5s
[online] pick 4: planning target=carton_front_l1_c0; amr_dock=[-1.7, 0.0, 0.0]
[plan_pick] detected 20 carton OBBs
[plan_pick] generated 3 suction candidates for carton_front_l1_c0
[plan_pick] candidate 0/2: face=front, score=0.895, contact=[0.05, -0.94, 1.197]
[plan_pick] candidate 0: solving pregrasp IK
[plan_pick] candidate 0: solving grasp IK
[plan_pick] candidate 0: checking straight approach
[plan_pick] candidate 0: solving carry-exit IK
[plan_pick] candidate 0: evaluating 3 supported conveyor poses
[plan_pick] candidate 0: planning transit RRT
[plan_pick] candidate 0: planning place RRT
[plan_pick] candidate 0: maximum iterations reached after 20.9s
[plan_pick] target=carton_front_l1_c0: time budget exceeded
[online] pick 4: planning target=carton_front_l0_c3; amr_dock=[-1.7, 0.0, 0.0]
[plan_pick] detected 20 carton OBBs
[plan_pick] generated 3 suction candidates for carton_front_l0_c3
[plan_pick] candidate 0/2: face=front, score=0.918, contact=[0.05, 0.709, 0.497]
[plan_pick] candidate 0: solving pregrasp IK
[plan_pick] candidate 0: solving grasp IK
[plan_pick] candidate 0: checking straight approach
[plan_pick] candidate 0: solving carry-exit IK
[plan_pick] candidate 0: evaluating 3 supported conveyor poses
[plan_pick] candidate 0: planning transit RRT
[plan_pick] candidate 0: planning place RRT
[plan_pick] candidate 0: retreat with carton blocked after 5.9s
[plan_pick] candidate 1/2: face=side, score=0.842, contact=[0.26, 0.55, 0.497]
[plan_pick] candidate 1: solving pregrasp IK
[plan_pick] candidate 1: pregrasp IK failed after 2.2s
[plan_pick] candidate 2/2: face=top, score=0.548, contact=[0.26, 0.709, 0.7]
[plan_pick] candidate 2: solving pregrasp IK
[plan_pick] candidate 2: pregrasp IK failed after 0.8s
[online] pick 4: no exposed target feasible at amr_dock=[-1.7, 0.0, 0.0]
[online] pick 4: planning target=carton_front_l2_c2; amr_dock=[-1.3, 0.0, 0.0]
[plan_pick] detected 20 carton OBBs
[plan_pick] generated 3 suction candidates for carton_front_l2_c2
[plan_pick] candidate 0/2: face=front, score=0.867, contact=[0.05, 0.16, 1.897]
[plan_pick] candidate 0: solving pregrasp IK
[plan_pick] candidate 0: solving grasp IK
[plan_pick] candidate 0: checking straight approach
[plan_pick] candidate 0: solving carry-exit IK
[plan_pick] candidate 0: evaluating 3 supported conveyor poses
[plan_pick] candidate 0: planning transit RRT
[plan_pick] candidate 0: planning place RRT
[plan_pick] candidate 0: success after 14.9s
[online] pick 4: moved carton_front_l2_c2; remaining=19; segment_waypoints=283
[online] pick 5: detected 19 OBBs; exposed reachable candidates=['carton_back_l2_c1', 'carton_back_l2_c2', 'carton_back_l2_c0', 'carton_back_l2_c3', 'carton_front_l1_c1', 'carton_target', 'carton_front_l1_c0', 'carton_front_l0_c3']
[online] pick 5: planning target=carton_back_l2_c1; amr_dock=[-1.7, 0.0, 0.0]
[plan_pick] detected 19 carton OBBs
[plan_pick] generated 3 suction candidates for carton_back_l2_c1
[plan_pick] candidate 0/2: face=front, score=0.894, contact=[0.47, -0.39, 1.897]
[plan_pick] candidate 0: solving pregrasp IK
[plan_pick] candidate 0: solving grasp IK
[plan_pick] candidate 0: checking straight approach
[plan_pick] candidate 0: solving carry-exit IK
[plan_pick] candidate 0: evaluating 3 supported conveyor poses
[plan_pick] candidate 0: planning transit RRT
[plan_pick] candidate 0: planning place RRT
[plan_pick] candidate 0: maximum iterations reached after 19.9s
[plan_pick] target=carton_back_l2_c1: time budget exceeded
[online] pick 5: planning target=carton_back_l2_c2; amr_dock=[-1.7, 0.0, 0.0]
[plan_pick] detected 19 carton OBBs
[plan_pick] generated 3 suction candidates for carton_back_l2_c2
[plan_pick] candidate 0/2: face=front, score=0.896, contact=[0.47, 0.16, 1.897]
[plan_pick] candidate 0: solving pregrasp IK
[plan_pick] candidate 0: solving grasp IK
[plan_pick] candidate 0: checking straight approach
[plan_pick] candidate 0: solving carry-exit IK
[plan_pick] candidate 0: evaluating 3 supported conveyor poses
[plan_pick] candidate 0: planning transit RRT
[plan_pick] candidate 0: planning place RRT
[plan_pick] candidate 0: retreat with carton blocked after 4.6s
[plan_pick] candidate 1/2: face=side, score=0.775, contact=[0.68, 0.0, 1.897]
[plan_pick] candidate 1: solving pregrasp IK
[plan_pick] candidate 1: pregrasp IK failed after 0.8s
[plan_pick] candidate 2/2: face=top, score=0.548, contact=[0.68, 0.16, 2.1]
[plan_pick] candidate 2: solving pregrasp IK
[plan_pick] candidate 2: pregrasp IK failed after 0.6s
[online] pick 5: planning target=carton_back_l2_c0; amr_dock=[-1.7, 0.0, 0.0]
[plan_pick] detected 19 carton OBBs
[plan_pick] generated 3 suction candidates for carton_back_l2_c0
[plan_pick] candidate 0/2: face=front, score=0.885, contact=[0.47, -0.94, 1.897]
[plan_pick] candidate 0: solving pregrasp IK
[plan_pick] candidate 0: solving grasp IK
[plan_pick] candidate 0: checking straight approach
[plan_pick] candidate 0: solving carry-exit IK
[plan_pick] candidate 0: evaluating 3 supported conveyor poses
[plan_pick] candidate 0: planning transit RRT
[plan_pick] candidate 0: planning place RRT
[plan_pick] candidate 0: retreat with carton blocked after 5.2s
[plan_pick] candidate 1/2: face=side, score=0.843, contact=[0.68, -0.55, 1.897]
[plan_pick] candidate 1: solving pregrasp IK
[plan_pick] candidate 1: pregrasp IK failed after 0.8s
[plan_pick] candidate 2/2: face=top, score=0.548, contact=[0.68, -0.94, 2.1]
[plan_pick] candidate 2: solving pregrasp IK
[plan_pick] candidate 2: pregrasp IK failed after 0.6s
[online] pick 5: planning target=carton_back_l2_c3; amr_dock=[-1.7, 0.0, 0.0]
[plan_pick] detected 19 carton OBBs
[plan_pick] generated 3 suction candidates for carton_back_l2_c3
[plan_pick] candidate 0/2: face=front, score=0.891, contact=[0.47, 0.709, 1.897]
[plan_pick] candidate 0: solving pregrasp IK
[plan_pick] candidate 0: solving grasp IK
[plan_pick] candidate 0: checking straight approach
[plan_pick] candidate 0: solving carry-exit IK
[plan_pick] candidate 0: evaluating 3 supported conveyor poses
[plan_pick] candidate 0: planning transit RRT
[plan_pick] candidate 0: planning place RRT
[plan_pick] candidate 0: success after 14.9s
[online] pick 5: moved carton_back_l2_c3; remaining=18; segment_waypoints=325
[online] pick 6: detected 18 OBBs; exposed reachable candidates=['carton_back_l2_c1', 'carton_back_l2_c2', 'carton_back_l2_c0', 'carton_front_l1_c1', 'carton_target', 'carton_front_l1_c0', 'carton_back_l1_c3', 'carton_front_l0_c3']
[online] pick 6: planning target=carton_back_l2_c1; amr_dock=[-1.7, 0.0, 0.0]
[plan_pick] detected 18 carton OBBs
[plan_pick] generated 3 suction candidates for carton_back_l2_c1
[plan_pick] candidate 0/2: face=front, score=0.894, contact=[0.47, -0.39, 1.897]
[plan_pick] candidate 0: solving pregrasp IK
[plan_pick] candidate 0: solving grasp IK
[plan_pick] candidate 0: checking straight approach
[plan_pick] candidate 0: solving carry-exit IK
[plan_pick] candidate 0: evaluating 3 supported conveyor poses
[plan_pick] candidate 0: planning transit RRT
[plan_pick] candidate 0: planning place RRT
[plan_pick] candidate 0: retreat with carton blocked after 4.6s
[plan_pick] candidate 1/2: face=side, score=0.800, contact=[0.68, 0.0, 1.897]
[plan_pick] candidate 1: solving pregrasp IK
[plan_pick] candidate 1: pregrasp IK failed after 0.8s
[plan_pick] candidate 2/2: face=top, score=0.548, contact=[0.68, -0.39, 2.1]
[plan_pick] candidate 2: solving pregrasp IK
[plan_pick] candidate 2: pregrasp IK failed after 0.6s
[online] pick 6: planning target=carton_back_l2_c2; amr_dock=[-1.7, 0.0, 0.0]
[plan_pick] detected 18 carton OBBs
[plan_pick] generated 3 suction candidates for carton_back_l2_c2
[plan_pick] candidate 0/2: face=front, score=0.896, contact=[0.47, 0.16, 1.897]
[plan_pick] candidate 0: solving pregrasp IK
[plan_pick] candidate 0: solving grasp IK
[plan_pick] candidate 0: checking straight approach
[plan_pick] candidate 0: solving carry-exit IK
[plan_pick] candidate 0: evaluating 3 supported conveyor poses
[plan_pick] candidate 0: planning transit RRT
[plan_pick] candidate 0: planning place RRT
[plan_pick] candidate 0: retreat with carton blocked after 4.6s
[plan_pick] candidate 1/2: face=side, score=0.775, contact=[0.68, 0.0, 1.897]
[plan_pick] candidate 1: solving pregrasp IK
[plan_pick] candidate 1: pregrasp IK failed after 0.8s
[plan_pick] candidate 2/2: face=top, score=0.548, contact=[0.68, 0.16, 2.1]
[plan_pick] candidate 2: solving pregrasp IK
[plan_pick] candidate 2: pregrasp IK failed after 0.6s
[online] pick 6: planning target=carton_back_l2_c0; amr_dock=[-1.7, 0.0, 0.0]
[plan_pick] detected 18 carton OBBs
[plan_pick] generated 3 suction candidates for carton_back_l2_c0
[plan_pick] candidate 0/2: face=front, score=0.885, contact=[0.47, -0.94, 1.897]
[plan_pick] candidate 0: solving pregrasp IK
[plan_pick] candidate 0: solving grasp IK
[plan_pick] candidate 0: checking straight approach
[plan_pick] candidate 0: solving carry-exit IK
[plan_pick] candidate 0: evaluating 3 supported conveyor poses
[plan_pick] candidate 0: planning transit RRT
[plan_pick] candidate 0: planning place RRT
[plan_pick] candidate 0: carried carton path collides after 14.0s
[plan_pick] target=carton_back_l2_c0: time budget exceeded
[online] pick 6: planning target=carton_front_l1_c1; amr_dock=[-1.7, 0.0, 0.0]
[plan_pick] detected 18 carton OBBs
[plan_pick] generated 3 suction candidates for carton_front_l1_c1
[plan_pick] candidate 0/2: face=front, score=0.911, contact=[0.05, -0.39, 1.197]
[plan_pick] candidate 0: solving pregrasp IK
[plan_pick] candidate 0: solving grasp IK
[plan_pick] candidate 0: checking straight approach
[plan_pick] candidate 0: solving carry-exit IK
[plan_pick] candidate 0: evaluating 3 supported conveyor poses
[plan_pick] candidate 0: planning transit RRT
[plan_pick] candidate 0: planning place RRT
[plan_pick] candidate 0: retreat with carton blocked after 2.9s
[plan_pick] candidate 1/2: face=side, score=0.812, contact=[0.26, 0.0, 1.197]
[plan_pick] candidate 1: solving pregrasp IK
[plan_pick] candidate 1: pregrasp IK failed after 1.6s
[plan_pick] candidate 2/2: face=top, score=0.548, contact=[0.26, -0.39, 1.4]
[plan_pick] candidate 2: solving pregrasp IK
[plan_pick] candidate 2: solving grasp IK
[plan_pick] candidate 2: checking straight approach
[plan_pick] candidate 2: solving carry-exit IK
[plan_pick] candidate 2: carry-exit IK failed after 0.5s
[online] pick 6: planning target=carton_target; amr_dock=[-1.7, 0.0, 0.0]
[plan_pick] detected 18 carton OBBs
[plan_pick] generated 3 suction candidates for carton_target
[plan_pick] candidate 0/2: face=front, score=0.915, contact=[0.05, 0.16, 1.197]
[plan_pick] candidate 0: solving pregrasp IK
[plan_pick] candidate 0: solving grasp IK
[plan_pick] candidate 0: checking straight approach
[plan_pick] candidate 0: solving carry-exit IK
[plan_pick] candidate 0: evaluating 3 supported conveyor poses
[plan_pick] candidate 0: place IK failed after 3.2s
[plan_pick] candidate 1/2: face=side, score=0.778, contact=[0.26, 0.0, 1.197]
[plan_pick] candidate 1: solving pregrasp IK
[plan_pick] candidate 1: pregrasp IK failed after 0.9s
[plan_pick] candidate 2/2: face=top, score=0.548, contact=[0.26, 0.16, 1.4]
[plan_pick] candidate 2: solving pregrasp IK
[plan_pick] candidate 2: solving grasp IK
[plan_pick] candidate 2: checking straight approach
[plan_pick] candidate 2: solving carry-exit IK
[plan_pick] candidate 2: carry-exit IK failed after 0.6s
[online] pick 6: planning target=carton_front_l1_c0; amr_dock=[-1.7, 0.0, 0.0]
[plan_pick] detected 18 carton OBBs
[plan_pick] generated 3 suction candidates for carton_front_l1_c0
[plan_pick] candidate 0/2: face=front, score=0.895, contact=[0.05, -0.94, 1.197]
[plan_pick] candidate 0: solving pregrasp IK
[plan_pick] candidate 0: solving grasp IK
[plan_pick] candidate 0: checking straight approach
[plan_pick] candidate 0: solving carry-exit IK
[plan_pick] candidate 0: carry-exit IK failed after 0.7s
[plan_pick] candidate 1/2: face=side, score=0.865, contact=[0.26, -0.55, 1.197]
[plan_pick] candidate 1: solving pregrasp IK
[plan_pick] candidate 1: pregrasp IK failed after 1.6s
[plan_pick] candidate 2/2: face=top, score=0.548, contact=[0.26, -0.94, 1.4]
[plan_pick] candidate 2: solving pregrasp IK
[plan_pick] candidate 2: solving grasp IK
[plan_pick] candidate 2: checking straight approach
[plan_pick] candidate 2: solving carry-exit IK
[plan_pick] candidate 2: carry-exit IK failed after 0.5s
[online] pick 6: planning target=carton_back_l1_c3; amr_dock=[-1.7, 0.0, 0.0]
[plan_pick] detected 18 carton OBBs
[plan_pick] generated 3 suction candidates for carton_back_l1_c3
[plan_pick] candidate 0/2: face=front, score=0.912, contact=[0.47, 0.709, 1.197]
[plan_pick] candidate 0: solving pregrasp IK
[plan_pick] candidate 0: solving grasp IK
[plan_pick] candidate 0: checking straight approach
[plan_pick] candidate 0: solving carry-exit IK
[plan_pick] candidate 0: evaluating 3 supported conveyor poses
[plan_pick] candidate 0: planning transit RRT
[plan_pick] candidate 0: planning place RRT
[plan_pick] candidate 0: retreat with carton blocked after 3.1s
[plan_pick] candidate 1/2: face=side, score=0.827, contact=[0.68, 0.55, 1.197]
[plan_pick] candidate 1: solving pregrasp IK
[plan_pick] candidate 1: pregrasp IK failed after 1.3s
[plan_pick] candidate 2/2: face=top, score=0.548, contact=[0.68, 0.709, 1.4]
[plan_pick] candidate 2: solving pregrasp IK
[plan_pick] candidate 2: pregrasp IK failed after 0.8s
[online] pick 6: planning target=carton_front_l0_c3; amr_dock=[-1.7, 0.0, 0.0]
[plan_pick] detected 18 carton OBBs
[plan_pick] generated 3 suction candidates for carton_front_l0_c3
[plan_pick] candidate 0/2: face=front, score=0.918, contact=[0.05, 0.709, 0.497]
[plan_pick] candidate 0: solving pregrasp IK
[plan_pick] candidate 0: solving grasp IK
[plan_pick] candidate 0: checking straight approach
[plan_pick] candidate 0: solving carry-exit IK
[plan_pick] candidate 0: evaluating 3 supported conveyor poses
[plan_pick] candidate 0: planning transit RRT
[plan_pick] candidate 0: planning place RRT
[plan_pick] candidate 0: retreat with carton blocked after 7.6s
[plan_pick] candidate 1/2: face=side, score=0.842, contact=[0.26, 0.55, 0.497]
[plan_pick] candidate 1: solving pregrasp IK
[plan_pick] candidate 1: pregrasp IK failed after 1.5s
[plan_pick] candidate 2/2: face=top, score=0.548, contact=[0.26, 0.709, 0.7]
[plan_pick] candidate 2: solving pregrasp IK
[plan_pick] candidate 2: pregrasp IK failed after 1.6s
[online] pick 6: no exposed target feasible at amr_dock=[-1.7, 0.0, 0.0]
[online] pick 6: planning target=carton_back_l2_c1; amr_dock=[-1.3, 0.0, 0.0]
[plan_pick] detected 18 carton OBBs
[plan_pick] generated 3 suction candidates for carton_back_l2_c1
[plan_pick] candidate 0/2: face=front, score=0.882, contact=[0.47, -0.39, 1.897]
[plan_pick] candidate 0: solving pregrasp IK
[plan_pick] candidate 0: solving grasp IK
[plan_pick] candidate 0: checking straight approach
[plan_pick] candidate 0: solving carry-exit IK
[plan_pick] candidate 0: evaluating 3 supported conveyor poses
[plan_pick] candidate 0: planning transit RRT
[plan_pick] candidate 0: planning place RRT
[plan_pick] candidate 0: retreat with carton blocked after 5.9s
[plan_pick] candidate 1/2: face=side, score=0.805, contact=[0.68, 0.0, 1.897]
[plan_pick] candidate 1: solving pregrasp IK
[plan_pick] candidate 1: pregrasp IK failed after 1.7s
[plan_pick] candidate 2/2: face=top, score=0.548, contact=[0.68, -0.39, 2.1]
[plan_pick] candidate 2: solving pregrasp IK
[plan_pick] candidate 2: pregrasp IK failed after 0.6s
[online] pick 6: planning target=carton_back_l2_c2; amr_dock=[-1.3, 0.0, 0.0]
[plan_pick] detected 18 carton OBBs
[plan_pick] generated 3 suction candidates for carton_back_l2_c2
[plan_pick] candidate 0/2: face=front, score=0.885, contact=[0.47, 0.16, 1.897]
[plan_pick] candidate 0: solving pregrasp IK
[plan_pick] candidate 0: solving grasp IK
[plan_pick] candidate 0: checking straight approach
[plan_pick] candidate 0: solving carry-exit IK
[plan_pick] candidate 0: evaluating 3 supported conveyor poses
[plan_pick] candidate 0: planning transit RRT
[plan_pick] candidate 0: planning place RRT
[plan_pick] candidate 0: success after 15.6s
[online] pick 6: moved carton_back_l2_c2; remaining=17; segment_waypoints=329
[online] pick 7: detected 17 OBBs; exposed reachable candidates=['carton_back_l2_c1', 'carton_back_l2_c0', 'carton_front_l1_c1', 'carton_target', 'carton_front_l1_c0', 'carton_back_l1_c3', 'carton_front_l0_c3']
[online] pick 7: planning target=carton_back_l2_c1; amr_dock=[-1.7, 0.0, 0.0]
[plan_pick] detected 17 carton OBBs
[plan_pick] generated 3 suction candidates for carton_back_l2_c1
[plan_pick] candidate 0/2: face=front, score=0.894, contact=[0.47, -0.39, 1.897]
[plan_pick] candidate 0: solving pregrasp IK
[plan_pick] candidate 0: solving grasp IK
[plan_pick] candidate 0: checking straight approach
[plan_pick] candidate 0: solving carry-exit IK
[plan_pick] candidate 0: evaluating 3 supported conveyor poses
[plan_pick] candidate 0: planning transit RRT
[plan_pick] candidate 0: planning place RRT
[plan_pick] candidate 0: retreat with carton blocked after 7.3s
[plan_pick] candidate 1/2: face=side, score=0.800, contact=[0.68, 0.0, 1.897]
[plan_pick] candidate 1: solving pregrasp IK
[plan_pick] candidate 1: pregrasp IK failed after 0.8s
[plan_pick] candidate 2/2: face=top, score=0.548, contact=[0.68, -0.39, 2.1]
[plan_pick] candidate 2: solving pregrasp IK
[plan_pick] candidate 2: pregrasp IK failed after 0.6s
[online] pick 7: planning target=carton_back_l2_c0; amr_dock=[-1.7, 0.0, 0.0]
[plan_pick] detected 17 carton OBBs
[plan_pick] generated 3 suction candidates for carton_back_l2_c0
[plan_pick] candidate 0/2: face=front, score=0.885, contact=[0.47, -0.94, 1.897]
[plan_pick] candidate 0: solving pregrasp IK
[plan_pick] candidate 0: solving grasp IK
[plan_pick] candidate 0: checking straight approach
[plan_pick] candidate 0: solving carry-exit IK
[plan_pick] candidate 0: evaluating 3 supported conveyor poses
[plan_pick] candidate 0: planning transit RRT
[plan_pick] candidate 0: planning place RRT
[plan_pick] candidate 0: maximum iterations reached after 16.6s
[plan_pick] target=carton_back_l2_c0: time budget exceeded
[online] pick 7: planning target=carton_front_l1_c1; amr_dock=[-1.7, 0.0, 0.0]
[plan_pick] detected 17 carton OBBs
[plan_pick] generated 3 suction candidates for carton_front_l1_c1
[plan_pick] candidate 0/2: face=front, score=0.911, contact=[0.05, -0.39, 1.197]
[plan_pick] candidate 0: solving pregrasp IK
[plan_pick] candidate 0: solving grasp IK
[plan_pick] candidate 0: checking straight approach
[plan_pick] candidate 0: solving carry-exit IK
[plan_pick] candidate 0: evaluating 3 supported conveyor poses
[plan_pick] candidate 0: planning transit RRT
[plan_pick] candidate 0: planning place RRT
[plan_pick] candidate 0: retreat with carton blocked after 3.1s
[plan_pick] candidate 1/2: face=side, score=0.812, contact=[0.26, 0.0, 1.197]
[plan_pick] candidate 1: solving pregrasp IK
[plan_pick] candidate 1: pregrasp IK failed after 2.0s
[plan_pick] candidate 2/2: face=top, score=0.548, contact=[0.26, -0.39, 1.4]
[plan_pick] candidate 2: solving pregrasp IK
[plan_pick] candidate 2: solving grasp IK
[plan_pick] candidate 2: checking straight approach
[plan_pick] candidate 2: solving carry-exit IK
[plan_pick] candidate 2: carry-exit IK failed after 0.4s
[online] pick 7: planning target=carton_target; amr_dock=[-1.7, 0.0, 0.0]
[plan_pick] detected 17 carton OBBs
[plan_pick] generated 3 suction candidates for carton_target
[plan_pick] candidate 0/2: face=front, score=0.915, contact=[0.05, 0.16, 1.197]
[plan_pick] candidate 0: solving pregrasp IK
[plan_pick] candidate 0: solving grasp IK
[plan_pick] candidate 0: checking straight approach
[plan_pick] candidate 0: solving carry-exit IK
[plan_pick] candidate 0: evaluating 3 supported conveyor poses
[plan_pick] candidate 0: planning transit RRT
[plan_pick] candidate 0: planning place RRT
[plan_pick] candidate 0: carried carton path collides after 12.5s
[plan_pick] target=carton_target: time budget exceeded
[online] pick 7: planning target=carton_front_l1_c0; amr_dock=[-1.7, 0.0, 0.0]
[plan_pick] detected 17 carton OBBs
[plan_pick] generated 3 suction candidates for carton_front_l1_c0
[plan_pick] candidate 0/2: face=front, score=0.895, contact=[0.05, -0.94, 1.197]
[plan_pick] candidate 0: solving pregrasp IK
[plan_pick] candidate 0: solving grasp IK
[plan_pick] candidate 0: checking straight approach
[plan_pick] candidate 0: solving carry-exit IK
[plan_pick] candidate 0: evaluating 3 supported conveyor poses
[plan_pick] candidate 0: planning transit RRT
[plan_pick] candidate 0: planning place RRT
[plan_pick] candidate 0: retreat with carton blocked after 5.9s
[plan_pick] candidate 1/2: face=side, score=0.865, contact=[0.26, -0.55, 1.197]
[plan_pick] candidate 1: solving pregrasp IK
[plan_pick] candidate 1: pregrasp IK failed after 1.2s
[plan_pick] candidate 2/2: face=top, score=0.548, contact=[0.26, -0.94, 1.4]
[plan_pick] candidate 2: solving pregrasp IK
[plan_pick] candidate 2: solving grasp IK
[plan_pick] candidate 2: checking straight approach
[plan_pick] candidate 2: solving carry-exit IK
[plan_pick] candidate 2: carry-exit IK failed after 0.4s
[online] pick 7: planning target=carton_back_l1_c3; amr_dock=[-1.7, 0.0, 0.0]
[plan_pick] detected 17 carton OBBs
[plan_pick] generated 3 suction candidates for carton_back_l1_c3
[plan_pick] candidate 0/2: face=front, score=0.912, contact=[0.47, 0.709, 1.197]
[plan_pick] candidate 0: solving pregrasp IK
[plan_pick] candidate 0: solving grasp IK
[plan_pick] candidate 0: checking straight approach
[plan_pick] candidate 0: solving carry-exit IK
[plan_pick] candidate 0: evaluating 3 supported conveyor poses
[plan_pick] candidate 0: planning transit RRT
[plan_pick] candidate 0: planning place RRT
[plan_pick] candidate 0: retreat with carton blocked after 3.4s
[plan_pick] candidate 1/2: face=side, score=0.827, contact=[0.68, 0.55, 1.197]
[plan_pick] candidate 1: solving pregrasp IK
[plan_pick] candidate 1: pregrasp IK failed after 1.4s
[plan_pick] candidate 2/2: face=top, score=0.548, contact=[0.68, 0.709, 1.4]
[plan_pick] candidate 2: solving pregrasp IK
[plan_pick] candidate 2: pregrasp IK failed after 0.9s
[online] pick 7: planning target=carton_front_l0_c3; amr_dock=[-1.7, 0.0, 0.0]
[plan_pick] detected 17 carton OBBs
[plan_pick] generated 3 suction candidates for carton_front_l0_c3
[plan_pick] candidate 0/2: face=front, score=0.918, contact=[0.05, 0.709, 0.497]
[plan_pick] candidate 0: solving pregrasp IK
[plan_pick] candidate 0: solving grasp IK
[plan_pick] candidate 0: checking straight approach
[plan_pick] candidate 0: solving carry-exit IK
[plan_pick] candidate 0: evaluating 3 supported conveyor poses
[plan_pick] candidate 0: planning transit RRT
[plan_pick] candidate 0: planning place RRT
[plan_pick] candidate 0: retreat with carton blocked after 4.3s
[plan_pick] candidate 1/2: face=side, score=0.842, contact=[0.26, 0.55, 0.497]
[plan_pick] candidate 1: solving pregrasp IK
[plan_pick] candidate 1: pregrasp IK failed after 1.4s
[plan_pick] candidate 2/2: face=top, score=0.548, contact=[0.26, 0.709, 0.7]
[plan_pick] candidate 2: solving pregrasp IK
[plan_pick] candidate 2: pregrasp IK failed after 1.2s
[online] pick 7: no exposed target feasible at amr_dock=[-1.7, 0.0, 0.0]
[online] pick 7: planning target=carton_back_l2_c1; amr_dock=[-1.3, 0.0, 0.0]
[plan_pick] detected 17 carton OBBs
[plan_pick] generated 3 suction candidates for carton_back_l2_c1
[plan_pick] candidate 0/2: face=front, score=0.882, contact=[0.47, -0.39, 1.897]
[plan_pick] candidate 0: solving pregrasp IK
[plan_pick] candidate 0: solving grasp IK
[plan_pick] candidate 0: checking straight approach
[plan_pick] candidate 0: solving carry-exit IK
[plan_pick] candidate 0: evaluating 3 supported conveyor poses
[plan_pick] candidate 0: planning transit RRT
[plan_pick] candidate 0: planning place RRT
[plan_pick] candidate 0: retreat with carton blocked after 6.3s
[plan_pick] candidate 1/2: face=side, score=0.805, contact=[0.68, 0.0, 1.897]
[plan_pick] candidate 1: solving pregrasp IK
[plan_pick] candidate 1: solving grasp IK
[plan_pick] candidate 1: checking straight approach
[plan_pick] candidate 1: solving carry-exit IK
[plan_pick] candidate 1: evaluating 3 supported conveyor poses
[plan_pick] candidate 1: place IK failed after 3.3s
[plan_pick] candidate 2/2: face=top, score=0.548, contact=[0.68, -0.39, 2.1]
[plan_pick] candidate 2: solving pregrasp IK
[plan_pick] candidate 2: pregrasp IK failed after 0.7s
[online] pick 7: planning target=carton_back_l2_c0; amr_dock=[-1.3, 0.0, 0.0]
[plan_pick] detected 17 carton OBBs
[plan_pick] generated 3 suction candidates for carton_back_l2_c0
[plan_pick] candidate 0/2: face=front, score=0.871, contact=[0.47, -0.94, 1.897]
[plan_pick] candidate 0: solving pregrasp IK
[plan_pick] candidate 0: solving grasp IK
[plan_pick] candidate 0: grasp IK failed after 0.4s
[plan_pick] candidate 1/2: face=side, score=0.853, contact=[0.68, -0.55, 1.897]
[plan_pick] candidate 1: solving pregrasp IK
[plan_pick] candidate 1: pregrasp IK failed after 1.5s
[plan_pick] candidate 2/2: face=top, score=0.548, contact=[0.68, -0.94, 2.1]
[plan_pick] candidate 2: solving pregrasp IK
[plan_pick] candidate 2: pregrasp IK failed after 0.7s
[online] pick 7: planning target=carton_front_l1_c1; amr_dock=[-1.3, 0.0, 0.0]
[plan_pick] detected 17 carton OBBs
[plan_pick] generated 3 suction candidates for carton_front_l1_c1
[plan_pick] candidate 0/2: face=front, score=0.902, contact=[0.05, -0.39, 1.197]
[plan_pick] candidate 0: solving pregrasp IK
[plan_pick] candidate 0: solving grasp IK
[plan_pick] candidate 0: checking straight approach
[plan_pick] candidate 0: solving carry-exit IK
[plan_pick] candidate 0: evaluating 3 supported conveyor poses
[plan_pick] candidate 0: planning transit RRT
[plan_pick] candidate 0: planning place RRT
[plan_pick] candidate 0: retreat with carton blocked after 3.7s
[plan_pick] candidate 1/2: face=side, score=0.821, contact=[0.26, 0.0, 1.197]
[plan_pick] candidate 1: solving pregrasp IK
[plan_pick] candidate 1: pregrasp IK failed after 1.7s
[plan_pick] candidate 2/2: face=top, score=0.548, contact=[0.26, -0.39, 1.4]
[plan_pick] candidate 2: solving pregrasp IK
[plan_pick] candidate 2: solving grasp IK
[plan_pick] candidate 2: checking straight approach
[plan_pick] candidate 2: solving carry-exit IK
[plan_pick] candidate 2: carry-exit IK failed after 0.8s
[online] pick 7: planning target=carton_target; amr_dock=[-1.3, 0.0, 0.0]
[plan_pick] detected 17 carton OBBs
[plan_pick] generated 3 suction candidates for carton_target
[plan_pick] candidate 0/2: face=front, score=0.907, contact=[0.05, 0.16, 1.197]
[plan_pick] candidate 0: solving pregrasp IK
[plan_pick] candidate 0: solving grasp IK
[plan_pick] candidate 0: checking straight approach
[plan_pick] candidate 0: solving carry-exit IK
[plan_pick] candidate 0: evaluating 3 supported conveyor poses
[plan_pick] candidate 0: planning transit RRT
[plan_pick] candidate 0: planning place RRT
[plan_pick] candidate 0: success after 8.3s
[online] pick 7: moved carton_target; remaining=16; segment_waypoints=254
[online] pick 8: detected 16 OBBs; exposed reachable candidates=['carton_back_l2_c1', 'carton_back_l2_c0', 'carton_front_l1_c1', 'carton_front_l1_c0', 'carton_back_l1_c2', 'carton_back_l1_c3', 'carton_front_l0_c2', 'carton_front_l0_c3']
[online] pick 8: planning target=carton_back_l2_c1; amr_dock=[-1.7, 0.0, 0.0]
[plan_pick] detected 16 carton OBBs
[plan_pick] generated 3 suction candidates for carton_back_l2_c1
[plan_pick] candidate 0/2: face=front, score=0.894, contact=[0.47, -0.39, 1.897]
[plan_pick] candidate 0: solving pregrasp IK
[plan_pick] candidate 0: solving grasp IK
[plan_pick] candidate 0: checking straight approach
[plan_pick] candidate 0: solving carry-exit IK
[plan_pick] candidate 0: evaluating 3 supported conveyor poses
[plan_pick] candidate 0: planning transit RRT
[plan_pick] candidate 0: planning place RRT
[plan_pick] candidate 0: retreat with carton blocked after 5.0s
[plan_pick] candidate 1/2: face=side, score=0.800, contact=[0.68, 0.0, 1.897]
[plan_pick] candidate 1: solving pregrasp IK
[plan_pick] candidate 1: pregrasp IK failed after 0.8s
[plan_pick] candidate 2/2: face=top, score=0.548, contact=[0.68, -0.39, 2.1]
[plan_pick] candidate 2: solving pregrasp IK
[plan_pick] candidate 2: pregrasp IK failed after 0.6s
[online] pick 8: planning target=carton_back_l2_c0; amr_dock=[-1.7, 0.0, 0.0]
[plan_pick] detected 16 carton OBBs
[plan_pick] generated 3 suction candidates for carton_back_l2_c0
[plan_pick] candidate 0/2: face=front, score=0.885, contact=[0.47, -0.94, 1.897]
[plan_pick] candidate 0: solving pregrasp IK
[plan_pick] candidate 0: solving grasp IK
[plan_pick] candidate 0: checking straight approach
[plan_pick] candidate 0: solving carry-exit IK
[plan_pick] candidate 0: carry-exit IK failed after 0.7s
[plan_pick] candidate 1/2: face=side, score=0.843, contact=[0.68, -0.55, 1.897]
[plan_pick] candidate 1: solving pregrasp IK
[plan_pick] candidate 1: pregrasp IK failed after 0.8s
[plan_pick] candidate 2/2: face=top, score=0.548, contact=[0.68, -0.94, 2.1]
[plan_pick] candidate 2: solving pregrasp IK
[plan_pick] candidate 2: pregrasp IK failed after 0.6s
[online] pick 8: planning target=carton_front_l1_c1; amr_dock=[-1.7, 0.0, 0.0]
[plan_pick] detected 16 carton OBBs
[plan_pick] generated 3 suction candidates for carton_front_l1_c1
[plan_pick] candidate 0/2: face=front, score=0.911, contact=[0.05, -0.39, 1.197]
[plan_pick] candidate 0: solving pregrasp IK
[plan_pick] candidate 0: solving grasp IK
[plan_pick] candidate 0: checking straight approach
[plan_pick] candidate 0: solving carry-exit IK
[plan_pick] candidate 0: evaluating 3 supported conveyor poses
[plan_pick] candidate 0: place IK failed after 3.4s
[plan_pick] candidate 1/2: face=side, score=0.812, contact=[0.26, 0.0, 1.197]
[plan_pick] candidate 1: solving pregrasp IK
[plan_pick] candidate 1: solving grasp IK
[plan_pick] candidate 1: checking straight approach
[plan_pick] candidate 1: solving carry-exit IK
[plan_pick] candidate 1: carry-exit IK failed after 1.1s
[plan_pick] candidate 2/2: face=top, score=0.548, contact=[0.26, -0.39, 1.4]
[plan_pick] candidate 2: solving pregrasp IK
[plan_pick] candidate 2: solving grasp IK
[plan_pick] candidate 2: checking straight approach
[plan_pick] candidate 2: solving carry-exit IK
[plan_pick] candidate 2: carry-exit IK failed after 0.5s
[online] pick 8: planning target=carton_front_l1_c0; amr_dock=[-1.7, 0.0, 0.0]
[plan_pick] detected 16 carton OBBs
[plan_pick] generated 3 suction candidates for carton_front_l1_c0
[plan_pick] candidate 0/2: face=front, score=0.895, contact=[0.05, -0.94, 1.197]
[plan_pick] candidate 0: solving pregrasp IK
[plan_pick] candidate 0: solving grasp IK
[plan_pick] candidate 0: checking straight approach
[plan_pick] candidate 0: solving carry-exit IK
[plan_pick] candidate 0: evaluating 3 supported conveyor poses
[plan_pick] candidate 0: place IK failed after 3.9s
[plan_pick] candidate 1/2: face=side, score=0.865, contact=[0.26, -0.55, 1.197]
[plan_pick] candidate 1: solving pregrasp IK
[plan_pick] candidate 1: pregrasp IK failed after 1.6s
[plan_pick] candidate 2/2: face=top, score=0.548, contact=[0.26, -0.94, 1.4]
[plan_pick] candidate 2: solving pregrasp IK
[plan_pick] candidate 2: solving grasp IK
[plan_pick] candidate 2: checking straight approach
[plan_pick] candidate 2: solving carry-exit IK
[plan_pick] candidate 2: carry-exit IK failed after 0.5s
[online] pick 8: planning target=carton_back_l1_c2; amr_dock=[-1.7, 0.0, 0.0]
[plan_pick] detected 16 carton OBBs
[plan_pick] generated 3 suction candidates for carton_back_l1_c2
[plan_pick] candidate 0/2: face=front, score=0.920, contact=[0.47, 0.16, 1.197]
[plan_pick] candidate 0: solving pregrasp IK
[plan_pick] candidate 0: solving grasp IK
[plan_pick] candidate 0: checking straight approach
[plan_pick] candidate 0: solving carry-exit IK
[plan_pick] candidate 0: evaluating 3 supported conveyor poses
[plan_pick] candidate 0: planning transit RRT
[plan_pick] candidate 0: planning place RRT
[plan_pick] candidate 0: retreat with carton blocked after 3.1s
[plan_pick] candidate 1/2: face=side, score=0.776, contact=[0.68, 0.0, 1.197]
[plan_pick] candidate 1: solving pregrasp IK
[plan_pick] candidate 1: pregrasp IK failed after 1.3s
[plan_pick] candidate 2/2: face=top, score=0.548, contact=[0.68, 0.16, 1.4]
[plan_pick] candidate 2: solving pregrasp IK
[plan_pick] candidate 2: pregrasp IK failed after 0.9s
[online] pick 8: planning target=carton_back_l1_c3; amr_dock=[-1.7, 0.0, 0.0]
[plan_pick] detected 16 carton OBBs
[plan_pick] generated 3 suction candidates for carton_back_l1_c3
[plan_pick] candidate 0/2: face=front, score=0.912, contact=[0.47, 0.709, 1.197]
[plan_pick] candidate 0: solving pregrasp IK
[plan_pick] candidate 0: solving grasp IK
[plan_pick] candidate 0: checking straight approach
[plan_pick] candidate 0: solving carry-exit IK
[plan_pick] candidate 0: evaluating 3 supported conveyor poses
[plan_pick] candidate 0: planning transit RRT
[plan_pick] candidate 0: planning place RRT
[plan_pick] candidate 0: maximum iterations reached after 16.0s
[plan_pick] target=carton_back_l1_c3: time budget exceeded
[online] pick 8: planning target=carton_front_l0_c2; amr_dock=[-1.7, 0.0, 0.0]
[plan_pick] detected 16 carton OBBs
[plan_pick] generated 3 suction candidates for carton_front_l0_c2
[plan_pick] candidate 0/2: face=front, score=0.931, contact=[0.05, 0.16, 0.497]
[plan_pick] candidate 0: solving pregrasp IK
[plan_pick] candidate 0: solving grasp IK
[plan_pick] candidate 0: checking straight approach
[plan_pick] candidate 0: solving carry-exit IK
[plan_pick] candidate 0: carry-exit IK failed after 0.4s
[plan_pick] candidate 1/2: face=side, score=0.779, contact=[0.26, 0.0, 0.497]
[plan_pick] candidate 1: solving pregrasp IK
[plan_pick] candidate 1: pregrasp IK failed after 1.1s
[plan_pick] candidate 2/2: face=top, score=0.548, contact=[0.26, 0.16, 0.7]
[plan_pick] candidate 2: solving pregrasp IK
[plan_pick] candidate 2: solving grasp IK
[plan_pick] candidate 2: checking straight approach
[plan_pick] candidate 2: solving carry-exit IK
[plan_pick] candidate 2: carry-exit IK failed after 2.0s
[online] pick 8: planning target=carton_front_l0_c3; amr_dock=[-1.7, 0.0, 0.0]
[plan_pick] detected 16 carton OBBs
[plan_pick] generated 3 suction candidates for carton_front_l0_c3
[plan_pick] candidate 0/2: face=front, score=0.918, contact=[0.05, 0.709, 0.497]
[plan_pick] candidate 0: solving pregrasp IK
[plan_pick] candidate 0: solving grasp IK
[plan_pick] candidate 0: checking straight approach
[plan_pick] candidate 0: solving carry-exit IK
[plan_pick] candidate 0: evaluating 3 supported conveyor poses
[plan_pick] candidate 0: planning transit RRT
[plan_pick] candidate 0: planning place RRT
[plan_pick] candidate 0: retreat with carton blocked after 4.1s
[plan_pick] candidate 1/2: face=side, score=0.842, contact=[0.26, 0.55, 0.497]
[plan_pick] candidate 1: solving pregrasp IK
[plan_pick] candidate 1: pregrasp IK failed after 1.5s
[plan_pick] candidate 2/2: face=top, score=0.548, contact=[0.26, 0.709, 0.7]
[plan_pick] candidate 2: solving pregrasp IK
[plan_pick] candidate 2: solving grasp IK
[plan_pick] candidate 2: checking straight approach
[plan_pick] candidate 2: solving carry-exit IK
[plan_pick] candidate 2: carry-exit IK failed after 1.5s
[online] pick 8: no exposed target feasible at amr_dock=[-1.7, 0.0, 0.0]
[online] pick 8: planning target=carton_back_l2_c1; amr_dock=[-1.3, 0.0, 0.0]
[plan_pick] detected 16 carton OBBs
[plan_pick] generated 3 suction candidates for carton_back_l2_c1
[plan_pick] candidate 0/2: face=front, score=0.882, contact=[0.47, -0.39, 1.897]
[plan_pick] candidate 0: solving pregrasp IK
[plan_pick] candidate 0: solving grasp IK
[plan_pick] candidate 0: checking straight approach
[plan_pick] candidate 0: solving carry-exit IK
[plan_pick] candidate 0: evaluating 3 supported conveyor poses
[plan_pick] candidate 0: place IK failed after 3.5s
[plan_pick] candidate 1/2: face=side, score=0.805, contact=[0.68, 0.0, 1.897]
[plan_pick] candidate 1: solving pregrasp IK
[plan_pick] candidate 1: solving grasp IK
[plan_pick] candidate 1: checking straight approach
[plan_pick] candidate 1: solving carry-exit IK
[plan_pick] candidate 1: evaluating 3 supported conveyor poses
[plan_pick] candidate 1: place IK failed after 3.8s
[plan_pick] candidate 2/2: face=top, score=0.548, contact=[0.68, -0.39, 2.1]
[plan_pick] candidate 2: solving pregrasp IK
[plan_pick] candidate 2: pregrasp IK failed after 0.7s
[online] pick 8: planning target=carton_back_l2_c0; amr_dock=[-1.3, 0.0, 0.0]
[plan_pick] detected 16 carton OBBs
[plan_pick] generated 3 suction candidates for carton_back_l2_c0
[plan_pick] candidate 0/2: face=front, score=0.871, contact=[0.47, -0.94, 1.897]
[plan_pick] candidate 0: solving pregrasp IK
[plan_pick] candidate 0: solving grasp IK
[plan_pick] candidate 0: grasp IK failed after 0.7s
[plan_pick] candidate 1/2: face=side, score=0.853, contact=[0.68, -0.55, 1.897]
[plan_pick] candidate 1: solving pregrasp IK
[plan_pick] candidate 1: pregrasp IK failed after 1.8s
[plan_pick] candidate 2/2: face=top, score=0.548, contact=[0.68, -0.94, 2.1]
[plan_pick] candidate 2: solving pregrasp IK
[plan_pick] candidate 2: pregrasp IK failed after 0.6s
[online] pick 8: planning target=carton_front_l1_c1; amr_dock=[-1.3, 0.0, 0.0]
[plan_pick] detected 16 carton OBBs
[plan_pick] generated 3 suction candidates for carton_front_l1_c1
[plan_pick] candidate 0/2: face=front, score=0.902, contact=[0.05, -0.39, 1.197]
[plan_pick] candidate 0: solving pregrasp IK
[plan_pick] candidate 0: solving grasp IK
[plan_pick] candidate 0: checking straight approach
[plan_pick] candidate 0: solving carry-exit IK
[plan_pick] candidate 0: evaluating 3 supported conveyor poses
[plan_pick] candidate 0: planning transit RRT
[plan_pick] candidate 0: planning place RRT
[plan_pick] candidate 0: retreat with carton blocked after 3.2s
[plan_pick] candidate 1/2: face=side, score=0.821, contact=[0.26, 0.0, 1.197]
[plan_pick] candidate 1: solving pregrasp IK
[plan_pick] candidate 1: solving grasp IK
[plan_pick] candidate 1: checking straight approach
[plan_pick] candidate 1: solving carry-exit IK
[plan_pick] candidate 1: carry-exit IK failed after 1.3s
[plan_pick] candidate 2/2: face=top, score=0.548, contact=[0.26, -0.39, 1.4]
[plan_pick] candidate 2: solving pregrasp IK
[plan_pick] candidate 2: solving grasp IK
[plan_pick] candidate 2: checking straight approach
[plan_pick] candidate 2: solving carry-exit IK
[plan_pick] candidate 2: carry-exit IK failed after 0.8s
[online] pick 8: planning target=carton_front_l1_c0; amr_dock=[-1.3, 0.0, 0.0]
[plan_pick] detected 16 carton OBBs
[plan_pick] generated 3 suction candidates for carton_front_l1_c0
[plan_pick] candidate 0/2: face=front, score=0.880, contact=[0.05, -0.94, 1.197]
[plan_pick] candidate 0: solving pregrasp IK
[plan_pick] candidate 0: solving grasp IK
[plan_pick] candidate 0: checking straight approach
[plan_pick] candidate 0: solving carry-exit IK
[plan_pick] candidate 0: evaluating 3 supported conveyor poses
[plan_pick] candidate 0: planning transit RRT
[plan_pick] candidate 0: planning place RRT
[plan_pick] candidate 0: retreat with carton blocked after 0.2s
[plan_pick] candidate 1/2: face=side, score=0.882, contact=[0.26, -0.55, 1.197]
[plan_pick] candidate 1: solving pregrasp IK
[plan_pick] candidate 1: pregrasp IK failed after 1.5s
[plan_pick] candidate 2/2: face=top, score=0.548, contact=[0.26, -0.94, 1.4]
[plan_pick] candidate 2: solving pregrasp IK
[plan_pick] candidate 2: solving grasp IK
[plan_pick] candidate 2: checking straight approach
[plan_pick] candidate 2: solving carry-exit IK
[plan_pick] candidate 2: carry-exit IK failed after 0.4s
[online] pick 8: planning target=carton_back_l1_c2; amr_dock=[-1.3, 0.0, 0.0]
[plan_pick] detected 16 carton OBBs
[plan_pick] generated 3 suction candidates for carton_back_l1_c2
[plan_pick] candidate 0/2: face=front, score=0.916, contact=[0.47, 0.16, 1.197]
[plan_pick] candidate 0: solving pregrasp IK
[plan_pick] candidate 0: solving grasp IK
[plan_pick] candidate 0: checking straight approach
[plan_pick] candidate 0: solving carry-exit IK
[plan_pick] candidate 0: evaluating 3 supported conveyor poses
[plan_pick] candidate 0: planning transit RRT
[plan_pick] candidate 0: planning place RRT
[plan_pick] candidate 0: maximum iterations reached after 20.0s
[plan_pick] target=carton_back_l1_c2: time budget exceeded
[online] pick 8: planning target=carton_back_l1_c3; amr_dock=[-1.3, 0.0, 0.0]
[plan_pick] detected 16 carton OBBs
[plan_pick] generated 3 suction candidates for carton_back_l1_c3
[plan_pick] candidate 0/2: face=front, score=0.905, contact=[0.47, 0.709, 1.197]
[plan_pick] candidate 0: solving pregrasp IK
[plan_pick] candidate 0: solving grasp IK
[plan_pick] candidate 0: checking straight approach
[plan_pick] candidate 0: solving carry-exit IK
[plan_pick] candidate 0: evaluating 3 supported conveyor poses
[plan_pick] candidate 0: planning transit RRT
[plan_pick] candidate 0: planning place RRT
[plan_pick] candidate 0: maximum iterations reached after 16.2s
[plan_pick] target=carton_back_l1_c3: time budget exceeded
[online] pick 8: planning target=carton_front_l0_c2; amr_dock=[-1.3, 0.0, 0.0]
[plan_pick] detected 16 carton OBBs
[plan_pick] generated 3 suction candidates for carton_front_l0_c2
[plan_pick] candidate 0/2: face=front, score=0.931, contact=[0.05, 0.16, 0.497]
[plan_pick] candidate 0: solving pregrasp IK
[plan_pick] candidate 0: pregrasp IK failed after 1.2s
[plan_pick] candidate 1/2: face=side, score=0.783, contact=[0.26, 0.0, 0.497]
[plan_pick] candidate 1: solving pregrasp IK
[plan_pick] candidate 1: pregrasp IK failed after 1.4s
[plan_pick] candidate 2/2: face=top, score=0.548, contact=[0.26, 0.16, 0.7]
[plan_pick] candidate 2: solving pregrasp IK
[plan_pick] candidate 2: solving grasp IK
[plan_pick] candidate 2: checking straight approach
[plan_pick] candidate 2: solving carry-exit IK
[plan_pick] candidate 2: carry-exit IK failed after 2.3s
[online] pick 8: planning target=carton_front_l0_c3; amr_dock=[-1.3, 0.0, 0.0]
[plan_pick] detected 16 carton OBBs
[plan_pick] generated 3 suction candidates for carton_front_l0_c3
[plan_pick] candidate 0/2: face=front, score=0.912, contact=[0.05, 0.709, 0.497]
[plan_pick] candidate 0: solving pregrasp IK
[plan_pick] candidate 0: solving grasp IK
[plan_pick] candidate 0: checking straight approach
[plan_pick] candidate 0: solving carry-exit IK
[plan_pick] candidate 0: evaluating 3 supported conveyor poses
[plan_pick] candidate 0: place IK failed after 3.5s
[plan_pick] candidate 1/2: face=side, score=0.859, contact=[0.26, 0.55, 0.497]
[plan_pick] candidate 1: solving pregrasp IK
[plan_pick] candidate 1: pregrasp IK failed after 1.6s
[plan_pick] candidate 2/2: face=top, score=0.548, contact=[0.26, 0.709, 0.7]
[plan_pick] candidate 2: solving pregrasp IK
[plan_pick] candidate 2: solving grasp IK
[plan_pick] candidate 2: checking straight approach
[plan_pick] candidate 2: solving carry-exit IK
[plan_pick] candidate 2: carry-exit IK failed after 1.9s
[online] pick 8: no exposed target feasible at amr_dock=[-1.3, 0.0, 0.0]
[online] pick 8: planning target=carton_back_l2_c1; amr_dock=[-1.1, 0.0, 0.0]
[plan_pick] detected 16 carton OBBs
[plan_pick] generated 3 suction candidates for carton_back_l2_c1
[plan_pick] candidate 0/2: face=front, score=0.874, contact=[0.47, -0.39, 1.897]
[plan_pick] candidate 0: solving pregrasp IK
[plan_pick] candidate 0: solving grasp IK
[plan_pick] candidate 0: checking straight approach
[plan_pick] candidate 0: solving carry-exit IK
[plan_pick] candidate 0: carry-exit IK failed after 0.8s
[plan_pick] candidate 1/2: face=side, score=0.808, contact=[0.68, 0.0, 1.897]
[plan_pick] candidate 1: solving pregrasp IK
[plan_pick] candidate 1: solving grasp IK
[plan_pick] candidate 1: checking straight approach
[plan_pick] candidate 1: solving carry-exit IK
[plan_pick] candidate 1: evaluating 3 supported conveyor poses
[plan_pick] candidate 1: place IK failed after 4.2s
[plan_pick] candidate 2/2: face=top, score=0.548, contact=[0.68, -0.39, 2.1]
[plan_pick] candidate 2: solving pregrasp IK
[plan_pick] candidate 2: pregrasp IK failed after 0.7s
[online] pick 8: planning target=carton_back_l2_c0; amr_dock=[-1.1, 0.0, 0.0]
[plan_pick] detected 16 carton OBBs
[plan_pick] generated 3 suction candidates for carton_back_l2_c0
[plan_pick] candidate 0/2: face=front, score=0.863, contact=[0.47, -0.94, 1.897]
[plan_pick] candidate 0: solving pregrasp IK
[plan_pick] candidate 0: solving grasp IK
[plan_pick] candidate 0: grasp IK failed after 0.6s
[plan_pick] candidate 1/2: face=side, score=0.858, contact=[0.68, -0.55, 1.897]
[plan_pick] candidate 1: solving pregrasp IK
[plan_pick] candidate 1: pregrasp IK failed after 1.3s
[plan_pick] candidate 2/2: face=top, score=0.548, contact=[0.68, -0.94, 2.1]
[plan_pick] candidate 2: solving pregrasp IK
[plan_pick] candidate 2: pregrasp IK failed after 0.7s
[online] pick 8: planning target=carton_front_l1_c1; amr_dock=[-1.1, 0.0, 0.0]
[plan_pick] detected 16 carton OBBs
[plan_pick] generated 3 suction candidates for carton_front_l1_c1
[plan_pick] candidate 0/2: face=front, score=0.894, contact=[0.05, -0.39, 1.197]
[plan_pick] candidate 0: solving pregrasp IK
[plan_pick] candidate 0: solving grasp IK
[plan_pick] candidate 0: checking straight approach
[plan_pick] candidate 0: solving carry-exit IK
[plan_pick] candidate 0: evaluating 3 supported conveyor poses
[plan_pick] candidate 0: planning transit RRT
[plan_pick] candidate 0: planning place RRT
[plan_pick] candidate 0: retreat with carton blocked after 5.6s
[plan_pick] candidate 1/2: face=side, score=0.827, contact=[0.26, 0.0, 1.197]
[plan_pick] candidate 1: solving pregrasp IK
[plan_pick] candidate 1: solving grasp IK
[plan_pick] candidate 1: checking straight approach
[plan_pick] candidate 1: solving carry-exit IK
[plan_pick] candidate 1: carry-exit IK failed after 2.6s
[plan_pick] candidate 2/2: face=top, score=0.548, contact=[0.26, -0.39, 1.4]
[plan_pick] candidate 2: solving pregrasp IK
[plan_pick] candidate 2: solving grasp IK
[plan_pick] candidate 2: checking straight approach
[plan_pick] candidate 2: solving carry-exit IK
[plan_pick] candidate 2: carry-exit IK failed after 1.0s
[online] pick 8: planning target=carton_front_l1_c0; amr_dock=[-1.1, 0.0, 0.0]
[plan_pick] detected 16 carton OBBs
[plan_pick] generated 3 suction candidates for carton_front_l1_c0
[plan_pick] candidate 0/2: face=front, score=0.869, contact=[0.05, -0.94, 1.197]
[plan_pick] candidate 0: solving pregrasp IK
[plan_pick] candidate 0: solving grasp IK
[plan_pick] candidate 0: checking straight approach
[plan_pick] candidate 0: solving carry-exit IK
[plan_pick] candidate 0: evaluating 3 supported conveyor poses
[plan_pick] candidate 0: planning transit RRT
[plan_pick] candidate 0: planning place RRT
[plan_pick] candidate 0: retreat with carton blocked after 4.9s
[plan_pick] candidate 1/2: face=side, score=0.892, contact=[0.26, -0.55, 1.197]
[plan_pick] candidate 1: solving pregrasp IK
[plan_pick] candidate 1: pregrasp IK failed after 1.8s
[plan_pick] candidate 2/2: face=top, score=0.548, contact=[0.26, -0.94, 1.4]
[plan_pick] candidate 2: solving pregrasp IK
[plan_pick] candidate 2: solving grasp IK
[plan_pick] candidate 2: checking straight approach
[plan_pick] candidate 2: solving carry-exit IK
[plan_pick] candidate 2: carry-exit IK failed after 0.8s
[online] pick 8: planning target=carton_back_l1_c2; amr_dock=[-1.1, 0.0, 0.0]
[plan_pick] detected 16 carton OBBs
[plan_pick] generated 3 suction candidates for carton_back_l1_c2
[plan_pick] candidate 0/2: face=front, score=0.912, contact=[0.47, 0.16, 1.197]
[plan_pick] candidate 0: solving pregrasp IK
[plan_pick] candidate 0: solving grasp IK
[plan_pick] candidate 0: checking straight approach
[plan_pick] candidate 0: solving carry-exit IK
[plan_pick] candidate 0: evaluating 3 supported conveyor poses
[plan_pick] candidate 0: planning transit RRT
[plan_pick] candidate 0: planning place RRT
[plan_pick] candidate 0: maximum iterations reached after 22.0s
[plan_pick] target=carton_back_l1_c2: time budget exceeded
[online] pick 8: planning target=carton_back_l1_c3; amr_dock=[-1.1, 0.0, 0.0]
[plan_pick] detected 16 carton OBBs
[plan_pick] generated 3 suction candidates for carton_back_l1_c3
[plan_pick] candidate 0/2: face=front, score=0.900, contact=[0.47, 0.709, 1.197]
[plan_pick] candidate 0: solving pregrasp IK
[plan_pick] candidate 0: solving grasp IK
[plan_pick] candidate 0: checking straight approach
[plan_pick] candidate 0: solving carry-exit IK
[plan_pick] candidate 0: carry-exit IK failed after 0.7s
[plan_pick] candidate 1/2: face=side, score=0.843, contact=[0.68, 0.55, 1.197]
[plan_pick] candidate 1: solving pregrasp IK
[plan_pick] candidate 1: pregrasp IK failed after 1.1s
[plan_pick] candidate 2/2: face=top, score=0.548, contact=[0.68, 0.709, 1.4]
[plan_pick] candidate 2: solving pregrasp IK
[plan_pick] candidate 2: solving grasp IK
[plan_pick] candidate 2: checking straight approach
[plan_pick] candidate 2: solving carry-exit IK
[plan_pick] candidate 2: carry-exit IK failed after 1.4s
[online] pick 8: planning target=carton_front_l0_c2; amr_dock=[-1.1, 0.0, 0.0]
[plan_pick] detected 16 carton OBBs
[plan_pick] generated 3 suction candidates for carton_front_l0_c2
[plan_pick] candidate 0/2: face=front, score=0.930, contact=[0.05, 0.16, 0.497]
[plan_pick] candidate 0: solving pregrasp IK
[plan_pick] candidate 0: pregrasp IK failed after 0.6s
[plan_pick] candidate 1/2: face=side, score=0.786, contact=[0.26, 0.0, 0.497]
[plan_pick] candidate 1: solving pregrasp IK
[plan_pick] candidate 1: pregrasp IK failed after 1.7s
[plan_pick] candidate 2/2: face=top, score=0.548, contact=[0.26, 0.16, 0.7]
[plan_pick] candidate 2: solving pregrasp IK
[plan_pick] candidate 2: solving grasp IK
[plan_pick] candidate 2: checking straight approach
[plan_pick] candidate 2: solving carry-exit IK
[plan_pick] candidate 2: carry-exit IK failed after 2.4s
[online] pick 8: planning target=carton_front_l0_c3; amr_dock=[-1.1, 0.0, 0.0]
[plan_pick] detected 16 carton OBBs
[plan_pick] generated 3 suction candidates for carton_front_l0_c3
[plan_pick] candidate 0/2: face=front, score=0.906, contact=[0.05, 0.709, 0.497]
[plan_pick] candidate 0: solving pregrasp IK
[plan_pick] candidate 0: solving grasp IK
[plan_pick] candidate 0: checking straight approach
[plan_pick] candidate 0: solving carry-exit IK
[plan_pick] candidate 0: evaluating 3 supported conveyor poses
[plan_pick] candidate 0: planning transit RRT
[plan_pick] candidate 0: planning place RRT
[plan_pick] candidate 0: retreat with carton blocked after 5.2s
[plan_pick] candidate 1/2: face=side, score=0.871, contact=[0.26, 0.55, 0.497]
[plan_pick] candidate 1: solving pregrasp IK
[plan_pick] candidate 1: pregrasp IK failed after 0.9s
[plan_pick] candidate 2/2: face=top, score=0.548, contact=[0.26, 0.709, 0.7]
[plan_pick] candidate 2: solving pregrasp IK
[plan_pick] candidate 2: solving grasp IK
[plan_pick] candidate 2: checking straight approach
[plan_pick] candidate 2: solving carry-exit IK
[plan_pick] candidate 2: carry-exit IK failed after 1.9s
[online] pick 8: no exposed target feasible at amr_dock=[-1.1, 0.0, 0.0]
[online] pick 8: planning target=carton_back_l2_c1; amr_dock=[-0.9, 0.0, 0.0]
[plan_pick] detected 16 carton OBBs
[plan_pick] generated 3 suction candidates for carton_back_l2_c1
[plan_pick] candidate 0/2: face=front, score=0.865, contact=[0.47, -0.39, 1.897]
[plan_pick] candidate 0: solving pregrasp IK
[plan_pick] candidate 0: solving grasp IK
[plan_pick] candidate 0: checking straight approach
[plan_pick] candidate 0: solving carry-exit IK
[plan_pick] candidate 0: evaluating 3 supported conveyor poses
[plan_pick] candidate 0: place IK failed after 4.5s
[plan_pick] candidate 1/2: face=side, score=0.811, contact=[0.68, 0.0, 1.897]
[plan_pick] candidate 1: solving pregrasp IK
[plan_pick] candidate 1: solving grasp IK
[plan_pick] candidate 1: checking straight approach
[plan_pick] candidate 1: solving carry-exit IK
[plan_pick] candidate 1: evaluating 3 supported conveyor poses
[plan_pick] candidate 1: place IK failed after 4.9s
[plan_pick] candidate 2/2: face=top, score=0.548, contact=[0.68, -0.39, 2.1]
[plan_pick] candidate 2: solving pregrasp IK
[plan_pick] candidate 2: pregrasp IK failed after 0.7s
[online] pick 8: planning target=carton_back_l2_c0; amr_dock=[-0.9, 0.0, 0.0]
[plan_pick] detected 16 carton OBBs
[plan_pick] generated 3 suction candidates for carton_back_l2_c0
[plan_pick] candidate 0/2: face=front, score=0.852, contact=[0.47, -0.94, 1.897]
[plan_pick] candidate 0: solving pregrasp IK
[plan_pick] candidate 0: solving grasp IK
[plan_pick] candidate 0: checking straight approach
[plan_pick] candidate 0: solving carry-exit IK
[plan_pick] candidate 0: carry-exit IK failed after 1.5s
[plan_pick] candidate 1/2: face=side, score=0.863, contact=[0.68, -0.55, 1.897]
[plan_pick] candidate 1: solving pregrasp IK
[plan_pick] candidate 1: pregrasp IK failed after 1.2s
[plan_pick] candidate 2/2: face=top, score=0.548, contact=[0.68, -0.94, 2.1]
[plan_pick] candidate 2: solving pregrasp IK
[plan_pick] candidate 2: pregrasp IK failed after 0.7s
[online] pick 8: planning target=carton_front_l1_c1; amr_dock=[-0.9, 0.0, 0.0]
[plan_pick] detected 16 carton OBBs
[plan_pick] generated 3 suction candidates for carton_front_l1_c1
[plan_pick] candidate 0/2: face=front, score=0.884, contact=[0.05, -0.39, 1.197]
[plan_pick] candidate 0: solving pregrasp IK
[plan_pick] candidate 0: pregrasp IK failed after 0.6s
[plan_pick] candidate 1/2: face=side, score=0.835, contact=[0.26, 0.0, 1.197]
[plan_pick] candidate 1: solving pregrasp IK
[plan_pick] candidate 1: solving grasp IK
[plan_pick] candidate 1: checking straight approach
[plan_pick] candidate 1: solving carry-exit IK
[plan_pick] candidate 1: carry-exit IK failed after 1.7s
[plan_pick] candidate 2/2: face=top, score=0.548, contact=[0.26, -0.39, 1.4]
[plan_pick] candidate 2: solving pregrasp IK
[plan_pick] candidate 2: solving grasp IK
[plan_pick] candidate 2: checking straight approach
[plan_pick] candidate 2: solving carry-exit IK
[plan_pick] candidate 2: carry-exit IK failed after 1.3s
[online] pick 8: planning target=carton_front_l1_c0; amr_dock=[-0.9, 0.0, 0.0]
[plan_pick] detected 16 carton OBBs
[plan_pick] generated 3 suction candidates for carton_front_l1_c0
[plan_pick] candidate 0/2: face=front, score=0.856, contact=[0.05, -0.94, 1.197]
[plan_pick] candidate 0: solving pregrasp IK
[plan_pick] candidate 0: pregrasp IK failed after 0.6s
[plan_pick] candidate 1/2: face=side, score=0.902, contact=[0.26, -0.55, 1.197]
[plan_pick] candidate 1: solving pregrasp IK
[plan_pick] candidate 1: pregrasp IK failed after 1.8s
[plan_pick] candidate 2/2: face=top, score=0.548, contact=[0.26, -0.94, 1.4]
[plan_pick] candidate 2: solving pregrasp IK
[plan_pick] candidate 2: solving grasp IK
[plan_pick] candidate 2: checking straight approach
[plan_pick] candidate 2: solving carry-exit IK
[plan_pick] candidate 2: carry-exit IK failed after 1.6s
[online] pick 8: planning target=carton_back_l1_c2; amr_dock=[-0.9, 0.0, 0.0]
[plan_pick] detected 16 carton OBBs
[plan_pick] generated 3 suction candidates for carton_back_l1_c2
[plan_pick] candidate 0/2: face=front, score=0.908, contact=[0.47, 0.16, 1.197]
[plan_pick] candidate 0: solving pregrasp IK
[plan_pick] candidate 0: solving grasp IK
[plan_pick] candidate 0: checking straight approach
[plan_pick] candidate 0: solving carry-exit IK
[plan_pick] candidate 0: evaluating 3 supported conveyor poses
[plan_pick] candidate 0: planning transit RRT
[plan_pick] candidate 0: planning place RRT
[plan_pick] candidate 0: maximum iterations reached after 28.1s
[plan_pick] target=carton_back_l1_c2: time budget exceeded
[online] pick 8: planning target=carton_back_l1_c3; amr_dock=[-0.9, 0.0, 0.0]
[plan_pick] detected 16 carton OBBs
[plan_pick] generated 3 suction candidates for carton_back_l1_c3
[plan_pick] candidate 0/2: face=front, score=0.894, contact=[0.47, 0.709, 1.197]
[plan_pick] candidate 0: solving pregrasp IK
[plan_pick] candidate 0: solving grasp IK
[plan_pick] candidate 0: checking straight approach
[plan_pick] candidate 0: solving carry-exit IK
[plan_pick] candidate 0: carry-exit IK failed after 0.8s
[plan_pick] candidate 1/2: face=side, score=0.850, contact=[0.68, 0.55, 1.197]
[plan_pick] candidate 1: solving pregrasp IK
[plan_pick] candidate 1: pregrasp IK failed after 1.7s
[plan_pick] candidate 2/2: face=top, score=0.548, contact=[0.68, 0.709, 1.4]
[plan_pick] candidate 2: solving pregrasp IK
[plan_pick] candidate 2: solving grasp IK
[plan_pick] candidate 2: checking straight approach
[plan_pick] candidate 2: solving carry-exit IK
[plan_pick] candidate 2: carry-exit IK failed after 1.2s
[online] pick 8: planning target=carton_front_l0_c2; amr_dock=[-0.9, 0.0, 0.0]
[plan_pick] detected 16 carton OBBs
[plan_pick] generated 3 suction candidates for carton_front_l0_c2
[plan_pick] candidate 0/2: face=front, score=0.930, contact=[0.05, 0.16, 0.497]
[plan_pick] candidate 0: solving pregrasp IK
[plan_pick] candidate 0: pregrasp IK failed after 0.6s
[plan_pick] candidate 1/2: face=side, score=0.790, contact=[0.26, 0.0, 0.497]
[plan_pick] candidate 1: solving pregrasp IK
[plan_pick] candidate 1: pregrasp IK failed after 1.4s
[plan_pick] candidate 2/2: face=top, score=0.548, contact=[0.26, 0.16, 0.7]
[plan_pick] candidate 2: solving pregrasp IK
[plan_pick] candidate 2: solving grasp IK
[plan_pick] candidate 2: checking straight approach
[plan_pick] candidate 2: solving carry-exit IK
[plan_pick] candidate 2: carry-exit IK failed after 2.5s
[online] pick 8: planning target=carton_front_l0_c3; amr_dock=[-0.9, 0.0, 0.0]
[plan_pick] detected 16 carton OBBs
[plan_pick] generated 3 suction candidates for carton_front_l0_c3
[plan_pick] candidate 0/2: face=front, score=0.899, contact=[0.05, 0.709, 0.497]
[plan_pick] candidate 0: solving pregrasp IK
[plan_pick] candidate 0: pregrasp IK failed after 0.8s
[plan_pick] candidate 1/2: face=side, score=0.885, contact=[0.26, 0.55, 0.497]
[plan_pick] candidate 1: solving pregrasp IK
[plan_pick] candidate 1: pregrasp IK failed after 1.3s
[plan_pick] candidate 2/2: face=top, score=0.548, contact=[0.26, 0.709, 0.7]
[plan_pick] candidate 2: solving pregrasp IK
[plan_pick] candidate 2: solving grasp IK
[plan_pick] candidate 2: checking straight approach
[plan_pick] candidate 2: solving carry-exit IK
[plan_pick] candidate 2: evaluating 3 supported conveyor poses
[plan_pick] candidate 2: planning transit RRT
[plan_pick] candidate 2: planning place RRT
[plan_pick] candidate 2: retreat with carton blocked after 10.9s
[online] pick 8: no exposed target feasible at amr_dock=[-0.9, 0.0, 0.0]
[online] pick 8: planning target=carton_back_l2_c1; amr_dock=[-0.7, 0.0, 0.0]
[plan_pick] detected 16 carton OBBs
[plan_pick] generated 3 suction candidates for carton_back_l2_c1
[plan_pick] candidate 0/2: face=front, score=0.853, contact=[0.47, -0.39, 1.897]
[plan_pick] candidate 0: solving pregrasp IK
[plan_pick] candidate 0: solving grasp IK
[plan_pick] candidate 0: checking straight approach
[plan_pick] candidate 0: solving carry-exit IK
[plan_pick] candidate 0: evaluating 3 supported conveyor poses
[plan_pick] candidate 0: planning transit RRT
[plan_pick] candidate 0: planning place RRT
[plan_pick] candidate 0: retreat with carton blocked after 4.5s
[plan_pick] candidate 1/2: face=side, score=0.814, contact=[0.68, 0.0, 1.897]
[plan_pick] candidate 1: solving pregrasp IK
[plan_pick] candidate 1: solving grasp IK
[plan_pick] candidate 1: checking straight approach
[plan_pick] candidate 1: solving carry-exit IK
[plan_pick] candidate 1: evaluating 3 supported conveyor poses
[plan_pick] candidate 1: place IK failed after 7.3s
[plan_pick] candidate 2/2: face=top, score=0.548, contact=[0.68, -0.39, 2.1]
[plan_pick] candidate 2: solving pregrasp IK
[plan_pick] candidate 2: pregrasp IK failed after 1.1s
[online] pick 8: planning target=carton_back_l2_c0; amr_dock=[-0.7, 0.0, 0.0]
[plan_pick] detected 16 carton OBBs
[plan_pick] generated 3 suction candidates for carton_back_l2_c0
[plan_pick] candidate 0/2: face=front, score=0.840, contact=[0.47, -0.94, 1.897]
[plan_pick] candidate 0: solving pregrasp IK
[plan_pick] candidate 0: solving grasp IK
[plan_pick] candidate 0: checking straight approach
[plan_pick] candidate 0: solving carry-exit IK
[plan_pick] candidate 0: evaluating 3 supported conveyor poses
[plan_pick] candidate 0: planning transit RRT
[plan_pick] candidate 0: planning place RRT
[plan_pick] candidate 0: retreat with carton blocked after 4.7s
[plan_pick] candidate 1/2: face=side, score=0.869, contact=[0.68, -0.55, 1.897]
[plan_pick] candidate 1: solving pregrasp IK
[plan_pick] candidate 1: pregrasp IK failed after 1.9s
[plan_pick] candidate 2/2: face=top, score=0.548, contact=[0.68, -0.94, 2.1]
[plan_pick] candidate 2: solving pregrasp IK
[plan_pick] candidate 2: pregrasp IK failed after 0.8s
[online] pick 8: planning target=carton_front_l1_c1; amr_dock=[-0.7, 0.0, 0.0]
[plan_pick] detected 16 carton OBBs
[plan_pick] generated 3 suction candidates for carton_front_l1_c1
[plan_pick] candidate 0/2: face=front, score=0.870, contact=[0.05, -0.39, 1.197]
[plan_pick] candidate 0: solving pregrasp IK
[plan_pick] candidate 0: solving grasp IK
[plan_pick] candidate 0: checking straight approach
[plan_pick] candidate 0: solving carry-exit IK
[plan_pick] candidate 0: carry-exit IK failed after 1.0s
[plan_pick] candidate 1/2: face=side, score=0.843, contact=[0.26, 0.0, 1.197]
[plan_pick] candidate 1: solving pregrasp IK
[plan_pick] candidate 1: solving grasp IK
[plan_pick] candidate 1: checking straight approach
[plan_pick] candidate 1: solving carry-exit IK
[plan_pick] candidate 1: evaluating 3 supported conveyor poses
[plan_pick] candidate 1: place IK failed after 5.5s
[plan_pick] candidate 2/2: face=top, score=0.548, contact=[0.26, -0.39, 1.4]
[plan_pick] candidate 2: solving pregrasp IK
[plan_pick] candidate 2: solving grasp IK
[plan_pick] candidate 2: checking straight approach
[plan_pick] candidate 2: solving carry-exit IK
[plan_pick] candidate 2: carry-exit IK failed after 1.6s
[online] pick 8: planning target=carton_front_l1_c0; amr_dock=[-0.7, 0.0, 0.0]
[plan_pick] detected 16 carton OBBs
[plan_pick] generated 3 suction candidates for carton_front_l1_c0
[plan_pick] candidate 0/2: face=front, score=0.839, contact=[0.05, -0.94, 1.197]
[plan_pick] candidate 0: solving pregrasp IK
[plan_pick] candidate 0: pregrasp IK failed after 0.6s
[plan_pick] candidate 1/2: face=side, score=0.914, contact=[0.26, -0.55, 1.197]
[plan_pick] candidate 1: solving pregrasp IK
[plan_pick] candidate 1: pregrasp IK failed after 1.7s
[plan_pick] candidate 2/2: face=top, score=0.548, contact=[0.26, -0.94, 1.4]
[plan_pick] candidate 2: solving pregrasp IK
[plan_pick] candidate 2: solving grasp IK
[plan_pick] candidate 2: checking straight approach
[plan_pick] candidate 2: solving carry-exit IK
[plan_pick] candidate 2: carry-exit IK failed after 0.9s
[online] pick 8: planning target=carton_back_l1_c2; amr_dock=[-0.7, 0.0, 0.0]
[plan_pick] detected 16 carton OBBs
[plan_pick] generated 3 suction candidates for carton_back_l1_c2
[plan_pick] candidate 0/2: face=front, score=0.902, contact=[0.47, 0.16, 1.197]
[plan_pick] candidate 0: solving pregrasp IK
[plan_pick] candidate 0: solving grasp IK
[plan_pick] candidate 0: checking straight approach
[plan_pick] candidate 0: solving carry-exit IK
[plan_pick] candidate 0: carry-exit IK failed after 0.4s
[plan_pick] candidate 1/2: face=side, score=0.783, contact=[0.68, 0.0, 1.197]
[plan_pick] candidate 1: solving pregrasp IK
[plan_pick] candidate 1: pregrasp IK failed after 0.9s
[plan_pick] candidate 2/2: face=top, score=0.548, contact=[0.68, 0.16, 1.4]
[plan_pick] candidate 2: solving pregrasp IK
[plan_pick] candidate 2: solving grasp IK
[plan_pick] candidate 2: checking straight approach
[plan_pick] candidate 2: solving carry-exit IK
[plan_pick] candidate 2: carry-exit IK failed after 1.1s
[online] pick 8: planning target=carton_back_l1_c3; amr_dock=[-0.7, 0.0, 0.0]
[plan_pick] detected 16 carton OBBs
[plan_pick] generated 3 suction candidates for carton_back_l1_c3
[plan_pick] candidate 0/2: face=front, score=0.885, contact=[0.47, 0.709, 1.197]
[plan_pick] candidate 0: solving pregrasp IK
[plan_pick] candidate 0: solving grasp IK
[plan_pick] candidate 0: checking straight approach
[plan_pick] candidate 0: solving carry-exit IK
[plan_pick] candidate 0: carry-exit IK failed after 1.4s
[plan_pick] candidate 1/2: face=side, score=0.859, contact=[0.68, 0.55, 1.197]
[plan_pick] candidate 1: solving pregrasp IK
[plan_pick] candidate 1: pregrasp IK failed after 2.2s
[plan_pick] candidate 2/2: face=top, score=0.548, contact=[0.68, 0.709, 1.4]
[plan_pick] candidate 2: solving pregrasp IK
[plan_pick] candidate 2: solving grasp IK
[plan_pick] candidate 2: checking straight approach
[plan_pick] candidate 2: solving carry-exit IK
[plan_pick] candidate 2: carry-exit IK failed after 1.1s
[online] pick 8: planning target=carton_front_l0_c2; amr_dock=[-0.7, 0.0, 0.0]
[plan_pick] detected 16 carton OBBs
[plan_pick] generated 3 suction candidates for carton_front_l0_c2
[plan_pick] candidate 0/2: face=front, score=0.929, contact=[0.05, 0.16, 0.497]
[plan_pick] candidate 0: solving pregrasp IK
[plan_pick] candidate 0: pregrasp IK failed after 0.6s
[plan_pick] candidate 1/2: face=side, score=0.795, contact=[0.26, 0.0, 0.497]
[plan_pick] candidate 1: solving pregrasp IK
[plan_pick] candidate 1: pregrasp IK failed after 0.8s
[plan_pick] candidate 2/2: face=top, score=0.548, contact=[0.26, 0.16, 0.7]
[plan_pick] candidate 2: solving pregrasp IK
[plan_pick] candidate 2: solving grasp IK
[plan_pick] candidate 2: checking straight approach
[plan_pick] candidate 2: solving carry-exit IK
[plan_pick] candidate 2: carry-exit IK failed after 1.8s
[online] pick 8: planning target=carton_front_l0_c3; amr_dock=[-0.7, 0.0, 0.0]
[plan_pick] detected 16 carton OBBs
[plan_pick] generated 3 suction candidates for carton_front_l0_c3
[plan_pick] candidate 0/2: face=front, score=0.888, contact=[0.05, 0.709, 0.497]
[plan_pick] candidate 0: solving pregrasp IK
[plan_pick] candidate 0: solving grasp IK
[plan_pick] candidate 0: grasp IK failed after 0.6s
[plan_pick] candidate 1/2: face=side, score=0.902, contact=[0.26, 0.55, 0.497]
[plan_pick] candidate 1: solving pregrasp IK
[plan_pick] candidate 1: pregrasp IK failed after 0.9s
[plan_pick] candidate 2/2: face=top, score=0.548, contact=[0.26, 0.709, 0.7]
[plan_pick] candidate 2: solving pregrasp IK
[plan_pick] candidate 2: solving grasp IK
[plan_pick] candidate 2: checking straight approach
[plan_pick] candidate 2: solving carry-exit IK
[plan_pick] candidate 2: evaluating 3 supported conveyor poses
[plan_pick] candidate 2: planning transit RRT
[plan_pick] candidate 2: planning place RRT
[plan_pick] candidate 2: retreat with carton blocked after 16.3s
[online] pick 8: no exposed target feasible at amr_dock=[-0.7, 0.0, 0.0]
[online] pick 8: planning target=carton_back_l2_c1; amr_dock=[-0.4, -0.3, 0.0]
[plan_pick] detected 16 carton OBBs
[plan_pick] generated 3 suction candidates for carton_back_l2_c1
[plan_pick] candidate 0/2: face=front, score=0.835, contact=[0.47, -0.39, 1.897]
[plan_pick] candidate 0: solving pregrasp IK
[plan_pick] candidate 0: solving grasp IK
[plan_pick] candidate 0: checking straight approach
[plan_pick] candidate 0: solving carry-exit IK
[plan_pick] candidate 0: evaluating 3 supported conveyor poses
[plan_pick] candidate 0: planning transit RRT
[plan_pick] candidate 0: planning place RRT
[plan_pick] candidate 0: retreat with carton blocked after 11.9s
[plan_pick] candidate 1/2: face=side, score=0.780, contact=[0.68, 0.0, 1.897]
[plan_pick] candidate 1: solving pregrasp IK
[plan_pick] candidate 1: solving grasp IK
[plan_pick] candidate 1: checking straight approach
[plan_pick] candidate 1: solving carry-exit IK
[plan_pick] candidate 1: carry-exit IK failed after 1.7s
[plan_pick] target=carton_back_l2_c1: time budget exceeded
[online] pick 8: planning target=carton_back_l2_c0; amr_dock=[-0.4, -0.3, 0.0]
[plan_pick] detected 16 carton OBBs
[plan_pick] generated 3 suction candidates for carton_back_l2_c0
[plan_pick] candidate 0/2: face=front, score=0.826, contact=[0.47, -0.94, 1.897]
[plan_pick] candidate 0: solving pregrasp IK
[plan_pick] candidate 0: solving grasp IK
[plan_pick] candidate 0: checking straight approach
[plan_pick] candidate 0: solving carry-exit IK
[plan_pick] candidate 0: evaluating 3 supported conveyor poses
[plan_pick] candidate 0: planning transit RRT
[plan_pick] candidate 0: planning place RRT
[plan_pick] candidate 0: maximum iterations reached after 54.5s
[plan_pick] target=carton_back_l2_c0: time budget exceeded
[online] pick 8: planning target=carton_front_l1_c1; amr_dock=[-0.4, -0.3, 0.0]
[plan_pick] detected 16 carton OBBs
[plan_pick] generated 3 suction candidates for carton_front_l1_c1
[plan_pick] candidate 0/2: face=front, score=0.849, contact=[0.05, -0.39, 1.197]
[plan_pick] candidate 0: solving pregrasp IK
[plan_pick] candidate 0: pregrasp IK failed after 0.8s
[plan_pick] candidate 1/2: face=side, score=0.794, contact=[0.26, 0.0, 1.197]
[plan_pick] candidate 1: solving pregrasp IK
[plan_pick] candidate 1: solving grasp IK
[plan_pick] candidate 1: checking straight approach
[plan_pick] candidate 1: approach blocked after 1.2s
[plan_pick] candidate 2/2: face=top, score=0.548, contact=[0.26, -0.39, 1.4]
[plan_pick] candidate 2: solving pregrasp IK
[plan_pick] candidate 2: solving grasp IK
[plan_pick] candidate 2: checking straight approach
[plan_pick] candidate 2: solving carry-exit IK
[plan_pick] candidate 2: carry-exit IK failed after 1.7s
[online] pick 8: planning target=carton_front_l1_c0; amr_dock=[-0.4, -0.3, 0.0]
[plan_pick] detected 16 carton OBBs
[plan_pick] generated 3 suction candidates for carton_front_l1_c0
[plan_pick] candidate 0/2: face=front, score=0.823, contact=[0.05, -0.94, 1.197]
[plan_pick] candidate 0: solving pregrasp IK
[plan_pick] candidate 0: solving grasp IK
[plan_pick] candidate 0: checking straight approach
[plan_pick] candidate 0: solving carry-exit IK
[plan_pick] candidate 0: evaluating 3 supported conveyor poses
[plan_pick] candidate 0: planning transit RRT
[plan_pick] candidate 0: planning place RRT
[plan_pick] candidate 0: retreat with carton blocked after 8.1s
[plan_pick] candidate 1/2: face=side, score=0.898, contact=[0.26, -0.55, 1.197]
[plan_pick] candidate 1: solving pregrasp IK
[plan_pick] candidate 1: pregrasp IK failed after 2.6s
[plan_pick] candidate 2/2: face=top, score=0.548, contact=[0.26, -0.94, 1.4]
[plan_pick] candidate 2: solving pregrasp IK
[plan_pick] candidate 2: solving grasp IK
[plan_pick] candidate 2: checking straight approach
[plan_pick] candidate 2: solving carry-exit IK
[plan_pick] candidate 2: carry-exit IK failed after 1.7s
[online] pick 8: planning target=carton_back_l1_c2; amr_dock=[-0.4, -0.3, 0.0]
[plan_pick] detected 16 carton OBBs
[plan_pick] generated 3 suction candidates for carton_back_l1_c2
[plan_pick] candidate 0/2: face=front, score=0.879, contact=[0.47, 0.16, 1.197]
[plan_pick] candidate 0: solving pregrasp IK
[plan_pick] candidate 0: solving grasp IK
[plan_pick] candidate 0: checking straight approach
[plan_pick] candidate 0: solving carry-exit IK
[plan_pick] candidate 0: carry-exit IK failed after 1.4s
[plan_pick] candidate 1/2: face=side, score=0.838, contact=[0.68, 0.0, 1.197]
[plan_pick] candidate 1: solving pregrasp IK
[plan_pick] candidate 1: pregrasp IK failed after 2.2s
[plan_pick] candidate 2/2: face=top, score=0.548, contact=[0.68, 0.16, 1.4]
[plan_pick] candidate 2: solving pregrasp IK
[plan_pick] candidate 2: pregrasp IK failed after 3.1s
[online] pick 8: planning target=carton_back_l1_c3; amr_dock=[-0.4, -0.3, 0.0]
[plan_pick] detected 16 carton OBBs
[plan_pick] generated 3 suction candidates for carton_back_l1_c3
[plan_pick] candidate 0/2: face=front, score=0.850, contact=[0.47, 0.709, 1.197]
[plan_pick] candidate 0: solving pregrasp IK
[plan_pick] candidate 0: solving grasp IK
[plan_pick] candidate 0: checking straight approach
[plan_pick] candidate 0: solving carry-exit IK
[plan_pick] candidate 0: carry-exit IK failed after 1.9s
[plan_pick] candidate 1/2: face=side, score=0.907, contact=[0.68, 0.55, 1.197]
[plan_pick] candidate 1: solving pregrasp IK
[plan_pick] candidate 1: pregrasp IK failed after 1.9s
[plan_pick] candidate 2/2: face=top, score=0.548, contact=[0.68, 0.709, 1.4]
[plan_pick] candidate 2: solving pregrasp IK
[plan_pick] candidate 2: solving grasp IK
[plan_pick] candidate 2: checking straight approach
[plan_pick] candidate 2: solving carry-exit IK
[plan_pick] candidate 2: carry-exit IK failed after 2.2s
[online] pick 8: planning target=carton_front_l0_c2; amr_dock=[-0.4, -0.3, 0.0]
[plan_pick] detected 16 carton OBBs
[plan_pick] generated 3 suction candidates for carton_front_l0_c2
[plan_pick] candidate 0/2: face=front, score=0.893, contact=[0.05, 0.16, 0.497]
[plan_pick] candidate 0: solving pregrasp IK
[plan_pick] candidate 0: solving grasp IK
[plan_pick] candidate 0: grasp IK failed after 0.8s
[plan_pick] candidate 1/2: face=side, score=0.894, contact=[0.26, 0.0, 0.497]
[plan_pick] candidate 1: solving pregrasp IK
[plan_pick] candidate 1: pregrasp IK failed after 1.5s
[plan_pick] candidate 2/2: face=top, score=0.548, contact=[0.26, 0.16, 0.7]
[plan_pick] candidate 2: solving pregrasp IK
[plan_pick] candidate 2: solving grasp IK
[plan_pick] candidate 2: grasp IK failed after 0.9s
[online] pick 8: planning target=carton_front_l0_c3; amr_dock=[-0.4, -0.3, 0.0]
[plan_pick] detected 16 carton OBBs
[plan_pick] generated 3 suction candidates for carton_front_l0_c3
[plan_pick] candidate 0/2: face=front, score=0.826, contact=[0.05, 0.709, 0.497]
[plan_pick] candidate 0: solving pregrasp IK
[plan_pick] candidate 0: solving grasp IK
[plan_pick] candidate 0: checking straight approach
[plan_pick] candidate 0: solving carry-exit IK
[plan_pick] candidate 0: evaluating 3 supported conveyor poses
[plan_pick] candidate 0: planning transit RRT
[plan_pick] candidate 0: planning place RRT
[plan_pick] candidate 0: retreat with carton blocked after 5.1s
[plan_pick] candidate 1/2: face=side, score=0.963, contact=[0.26, 0.55, 0.497]
[plan_pick] candidate 1: solving pregrasp IK
[plan_pick] candidate 1: pregrasp IK failed after 1.4s
[plan_pick] candidate 2/2: face=top, score=0.548, contact=[0.26, 0.709, 0.7]
[plan_pick] candidate 2: solving pregrasp IK
[plan_pick] candidate 2: solving grasp IK
[plan_pick] candidate 2: grasp IK failed after 0.7s
[online] pick 8: no exposed target feasible at amr_dock=[-0.4, -0.3, 0.0]
[online] pick 8: planning target=carton_back_l2_c1; amr_dock=[-0.4, 0.0, 0.0]
[plan_pick] detected 16 carton OBBs
[plan_pick] generated 3 suction candidates for carton_back_l2_c1
[plan_pick] candidate 0/2: face=front, score=0.831, contact=[0.47, -0.39, 1.897]
[plan_pick] candidate 0: solving pregrasp IK
[plan_pick] candidate 0: solving grasp IK
[plan_pick] candidate 0: checking straight approach
[plan_pick] candidate 0: solving carry-exit IK
[plan_pick] candidate 0: evaluating 3 supported conveyor poses
[plan_pick] candidate 0: planning transit RRT
[plan_pick] candidate 0: planning place RRT
[plan_pick] candidate 0: retreat with carton blocked after 5.9s
[plan_pick] candidate 1/2: face=side, score=0.819, contact=[0.68, 0.0, 1.897]
[plan_pick] candidate 1: solving pregrasp IK
[plan_pick] candidate 1: solving grasp IK
[plan_pick] candidate 1: checking straight approach
[plan_pick] candidate 1: solving carry-exit IK
[plan_pick] candidate 1: carry-exit IK failed after 2.2s
[plan_pick] candidate 2/2: face=top, score=0.548, contact=[0.68, -0.39, 2.1]
[plan_pick] candidate 2: solving pregrasp IK
[plan_pick] candidate 2: pregrasp IK failed after 1.7s
[online] pick 8: planning target=carton_back_l2_c0; amr_dock=[-0.4, 0.0, 0.0]
[plan_pick] detected 16 carton OBBs
[plan_pick] generated 3 suction candidates for carton_back_l2_c0
[plan_pick] candidate 0/2: face=front, score=0.818, contact=[0.47, -0.94, 1.897]
[plan_pick] candidate 0: solving pregrasp IK
[plan_pick] candidate 0: solving grasp IK
[plan_pick] candidate 0: checking straight approach
[plan_pick] candidate 0: solving carry-exit IK
[plan_pick] candidate 0: evaluating 3 supported conveyor poses
[plan_pick] candidate 0: planning transit RRT
[plan_pick] candidate 0: planning place RRT
[plan_pick] candidate 0: retreat with carton blocked after 7.7s
[plan_pick] candidate 1/2: face=side, score=0.878, contact=[0.68, -0.55, 1.897]
[plan_pick] candidate 1: solving pregrasp IK
[plan_pick] candidate 1: pregrasp IK failed after 3.0s
[plan_pick] candidate 2/2: face=top, score=0.548, contact=[0.68, -0.94, 2.1]
[plan_pick] candidate 2: solving pregrasp IK
[plan_pick] candidate 2: pregrasp IK failed after 1.5s
[online] pick 8: planning target=carton_front_l1_c1; amr_dock=[-0.4, 0.0, 0.0]
[plan_pick] detected 16 carton OBBs
[plan_pick] generated 3 suction candidates for carton_front_l1_c1
[plan_pick] candidate 0/2: face=front, score=0.837, contact=[0.05, -0.39, 1.197]
[plan_pick] candidate 0: solving pregrasp IK
[plan_pick] candidate 0: solving grasp IK
[plan_pick] candidate 0: checking straight approach
[plan_pick] candidate 0: solving carry-exit IK
[plan_pick] candidate 0: carry-exit IK failed after 1.2s
[plan_pick] candidate 1/2: face=side, score=0.858, contact=[0.26, 0.0, 1.197]
[plan_pick] candidate 1: solving pregrasp IK
[plan_pick] candidate 1: solving grasp IK
[plan_pick] candidate 1: checking straight approach
[plan_pick] candidate 1: solving carry-exit IK
[plan_pick] candidate 1: carry-exit IK failed after 2.9s
[plan_pick] candidate 2/2: face=top, score=0.548, contact=[0.26, -0.39, 1.4]
[plan_pick] candidate 2: solving pregrasp IK
[plan_pick] candidate 2: solving grasp IK
[plan_pick] candidate 2: checking straight approach
[plan_pick] candidate 2: solving carry-exit IK
[plan_pick] candidate 2: carry-exit IK failed after 1.5s
[online] pick 8: planning target=carton_front_l1_c0; amr_dock=[-0.4, 0.0, 0.0]
[plan_pick] detected 16 carton OBBs
[plan_pick] generated 3 suction candidates for carton_front_l1_c0
[plan_pick] candidate 0/2: face=front, score=0.805, contact=[0.05, -0.94, 1.197]
[plan_pick] candidate 0: solving pregrasp IK
[plan_pick] candidate 0: solving grasp IK
[plan_pick] candidate 0: checking straight approach
[plan_pick] candidate 0: solving carry-exit IK
[plan_pick] candidate 0: evaluating 3 supported conveyor poses
[plan_pick] candidate 0: planning transit RRT
[plan_pick] candidate 0: planning place RRT
[plan_pick] candidate 0: maximum iterations reached after 22.3s
[plan_pick] target=carton_front_l1_c0: time budget exceeded
[online] pick 8: planning target=carton_back_l1_c2; amr_dock=[-0.4, 0.0, 0.0]
[plan_pick] detected 16 carton OBBs
[plan_pick] generated 3 suction candidates for carton_back_l1_c2
[plan_pick] candidate 0/2: face=front, score=0.888, contact=[0.47, 0.16, 1.197]
[plan_pick] candidate 0: solving pregrasp IK
[plan_pick] candidate 0: solving grasp IK
[plan_pick] candidate 0: checking straight approach
[plan_pick] candidate 0: solving carry-exit IK
[plan_pick] candidate 0: carry-exit IK failed after 0.5s
[plan_pick] candidate 1/2: face=side, score=0.787, contact=[0.68, 0.0, 1.197]
[plan_pick] candidate 1: solving pregrasp IK
[plan_pick] candidate 1: pregrasp IK failed after 2.1s
[plan_pick] candidate 2/2: face=top, score=0.548, contact=[0.68, 0.16, 1.4]
[plan_pick] candidate 2: solving pregrasp IK
[plan_pick] candidate 2: solving grasp IK
[plan_pick] candidate 2: checking straight approach
[plan_pick] candidate 2: solving carry-exit IK
[plan_pick] candidate 2: carry-exit IK failed after 1.4s
[online] pick 8: planning target=carton_back_l1_c3; amr_dock=[-0.4, 0.0, 0.0]
[plan_pick] detected 16 carton OBBs
[plan_pick] generated 3 suction candidates for carton_back_l1_c3
[plan_pick] candidate 0/2: face=front, score=0.867, contact=[0.47, 0.709, 1.197]
[plan_pick] candidate 0: solving pregrasp IK
[plan_pick] candidate 0: pregrasp IK failed after 0.6s
[plan_pick] candidate 1/2: face=side, score=0.874, contact=[0.68, 0.55, 1.197]
[plan_pick] candidate 1: solving pregrasp IK
[plan_pick] candidate 1: pregrasp IK failed after 1.3s
[plan_pick] candidate 2/2: face=top, score=0.548, contact=[0.68, 0.709, 1.4]
[plan_pick] candidate 2: solving pregrasp IK
[plan_pick] candidate 2: solving grasp IK
[plan_pick] candidate 2: checking straight approach
[plan_pick] candidate 2: solving carry-exit IK
[plan_pick] candidate 2: carry-exit IK failed after 1.8s
[online] pick 8: planning target=carton_front_l0_c2; amr_dock=[-0.4, 0.0, 0.0]
[plan_pick] detected 16 carton OBBs
[plan_pick] generated 3 suction candidates for carton_front_l0_c2
[plan_pick] candidate 0/2: face=front, score=0.927, contact=[0.05, 0.16, 0.497]
[plan_pick] candidate 0: solving pregrasp IK
[plan_pick] candidate 0: pregrasp IK failed after 0.7s
[plan_pick] candidate 1/2: face=side, score=0.808, contact=[0.26, 0.0, 0.497]
[plan_pick] candidate 1: solving pregrasp IK
[plan_pick] candidate 1: pregrasp IK failed after 2.1s
[plan_pick] candidate 2/2: face=top, score=0.548, contact=[0.26, 0.16, 0.7]
[plan_pick] candidate 2: solving pregrasp IK
[plan_pick] candidate 2: solving grasp IK
[plan_pick] candidate 2: grasp IK failed after 1.2s
[online] pick 8: planning target=carton_front_l0_c3; amr_dock=[-0.4, 0.0, 0.0]
[plan_pick] detected 16 carton OBBs
[plan_pick] generated 3 suction candidates for carton_front_l0_c3
[plan_pick] candidate 0/2: face=front, score=0.859, contact=[0.05, 0.709, 0.497]
[plan_pick] candidate 0: solving pregrasp IK
[plan_pick] candidate 0: solving grasp IK
[plan_pick] candidate 0: checking straight approach
[plan_pick] candidate 0: solving carry-exit IK
[plan_pick] candidate 0: evaluating 3 supported conveyor poses
[plan_pick] candidate 0: place IK failed after 4.5s
[plan_pick] candidate 1/2: face=side, score=0.935, contact=[0.26, 0.55, 0.497]
[plan_pick] candidate 1: solving pregrasp IK
[plan_pick] candidate 1: pregrasp IK failed after 1.6s
[plan_pick] candidate 2/2: face=top, score=0.548, contact=[0.26, 0.709, 0.7]
[plan_pick] candidate 2: solving pregrasp IK
[plan_pick] candidate 2: solving grasp IK
[plan_pick] candidate 2: checking straight approach
[plan_pick] candidate 2: solving carry-exit IK
[plan_pick] candidate 2: evaluating 3 supported conveyor poses
[plan_pick] candidate 2: planning transit RRT
[plan_pick] candidate 2: planning place RRT
[plan_pick] candidate 2: retreat with carton blocked after 19.1s
[online] pick 8: no exposed target feasible at amr_dock=[-0.4, 0.0, 0.0]
[online] pick 8: planning target=carton_back_l2_c1; amr_dock=[-0.4, 0.3, 0.0]
[plan_pick] detected 16 carton OBBs
[plan_pick] generated 3 suction candidates for carton_back_l2_c1
[plan_pick] candidate 0/2: face=front, score=0.825, contact=[0.47, -0.39, 1.897]
[plan_pick] candidate 0: solving pregrasp IK
[plan_pick] candidate 0: solving grasp IK
[plan_pick] candidate 0: checking straight approach
[plan_pick] candidate 0: solving carry-exit IK
[plan_pick] candidate 0: evaluating 3 supported conveyor poses
[plan_pick] candidate 0: place IK failed after 6.0s
[plan_pick] candidate 1/2: face=side, score=0.853, contact=[0.68, 0.0, 1.897]
[plan_pick] candidate 1: solving pregrasp IK
[plan_pick] candidate 1: solving grasp IK
[plan_pick] candidate 1: checking straight approach
[plan_pick] candidate 1: solving carry-exit IK
[plan_pick] candidate 1: evaluating 3 supported conveyor poses
[plan_pick] candidate 1: place IK failed after 6.2s
[plan_pick] target=carton_back_l2_c1: time budget exceeded
[online] pick 8: planning target=carton_back_l2_c0; amr_dock=[-0.4, 0.3, 0.0]
[plan_pick] detected 16 carton OBBs
[plan_pick] generated 3 suction candidates for carton_back_l2_c0
[plan_pick] candidate 0/2: face=front, score=0.809, contact=[0.47, -0.94, 1.897]
[plan_pick] candidate 0: solving pregrasp IK
[plan_pick] candidate 0: solving grasp IK
[plan_pick] candidate 0: grasp IK failed after 1.0s
[plan_pick] candidate 1/2: face=side, score=0.902, contact=[0.68, -0.55, 1.897]
[plan_pick] candidate 1: solving pregrasp IK
[plan_pick] candidate 1: pregrasp IK failed after 2.0s
[plan_pick] candidate 2/2: face=top, score=0.548, contact=[0.68, -0.94, 2.1]
[plan_pick] candidate 2: solving pregrasp IK
[plan_pick] candidate 2: pregrasp IK failed after 0.8s
[online] pick 8: planning target=carton_front_l1_c1; amr_dock=[-0.4, 0.3, 0.0]
[plan_pick] detected 16 carton OBBs
[plan_pick] generated 3 suction candidates for carton_front_l1_c1
[plan_pick] candidate 0/2: face=front, score=0.820, contact=[0.05, -0.39, 1.197]
[plan_pick] candidate 0: solving pregrasp IK
[plan_pick] candidate 0: solving grasp IK
[plan_pick] candidate 0: checking straight approach
[plan_pick] candidate 0: solving carry-exit IK
[plan_pick] candidate 0: evaluating 3 supported conveyor poses
[plan_pick] candidate 0: planning transit RRT
[plan_pick] candidate 0: planning place RRT
[plan_pick] candidate 0: retreat with carton blocked after 12.1s
[plan_pick] target=carton_front_l1_c1: time budget exceeded
[online] pick 8: planning target=carton_front_l1_c0; amr_dock=[-0.4, 0.3, 0.0]
[plan_pick] detected 16 carton OBBs
[plan_pick] generated 3 suction candidates for carton_front_l1_c0
[plan_pick] candidate 0/2: face=front, score=0.789, contact=[0.05, -0.94, 1.197]
[plan_pick] candidate 0: solving pregrasp IK
[plan_pick] candidate 0: solving grasp IK
[plan_pick] candidate 0: checking straight approach
[plan_pick] candidate 0: solving carry-exit IK
[plan_pick] candidate 0: evaluating 3 supported conveyor poses
[plan_pick] candidate 0: place IK failed after 7.3s
[plan_pick] candidate 1/2: face=side, score=0.953, contact=[0.26, -0.55, 1.197]
[plan_pick] candidate 1: solving pregrasp IK
[plan_pick] candidate 1: pregrasp IK failed after 1.7s
[plan_pick] candidate 2/2: face=top, score=0.548, contact=[0.26, -0.94, 1.4]
[plan_pick] candidate 2: solving pregrasp IK
[plan_pick] candidate 2: solving grasp IK
[plan_pick] candidate 2: checking straight approach
[plan_pick] candidate 2: solving carry-exit IK
[plan_pick] candidate 2: carry-exit IK failed after 1.4s
[online] pick 8: planning target=carton_back_l1_c2; amr_dock=[-0.4, 0.3, 0.0]
[plan_pick] detected 16 carton OBBs
[plan_pick] generated 3 suction candidates for carton_back_l1_c2
[plan_pick] candidate 0/2: face=front, score=0.887, contact=[0.47, 0.16, 1.197]
[plan_pick] candidate 0: solving pregrasp IK
[plan_pick] candidate 0: pregrasp IK failed after 0.8s
[plan_pick] candidate 1/2: face=side, score=0.796, contact=[0.68, 0.55, 1.197]
[plan_pick] candidate 1: solving pregrasp IK
[plan_pick] candidate 1: pregrasp IK failed after 2.0s
[plan_pick] candidate 2/2: face=top, score=0.548, contact=[0.68, 0.16, 1.4]
[plan_pick] candidate 2: solving pregrasp IK
[plan_pick] candidate 2: solving grasp IK
[plan_pick] candidate 2: checking straight approach
[plan_pick] candidate 2: solving carry-exit IK
[plan_pick] candidate 2: carry-exit IK failed after 1.6s
[online] pick 8: planning target=carton_back_l1_c3; amr_dock=[-0.4, 0.3, 0.0]
[plan_pick] detected 16 carton OBBs
[plan_pick] generated 3 suction candidates for carton_back_l1_c3
[plan_pick] candidate 0/2: face=front, score=0.881, contact=[0.47, 0.709, 1.197]
[plan_pick] candidate 0: solving pregrasp IK
[plan_pick] candidate 0: solving grasp IK
[plan_pick] candidate 0: checking straight approach
[plan_pick] candidate 0: solving carry-exit IK
[plan_pick] candidate 0: carry-exit IK failed after 1.7s
[plan_pick] candidate 1/2: face=side, score=0.830, contact=[0.68, 0.55, 1.197]
[plan_pick] candidate 1: solving pregrasp IK
[plan_pick] candidate 1: pregrasp IK failed after 1.2s
[plan_pick] candidate 2/2: face=top, score=0.548, contact=[0.68, 0.709, 1.4]
[plan_pick] candidate 2: solving pregrasp IK
[plan_pick] candidate 2: solving grasp IK
[plan_pick] candidate 2: checking straight approach
[plan_pick] candidate 2: solving carry-exit IK
[plan_pick] candidate 2: carry-exit IK failed after 1.2s
[online] pick 8: planning target=carton_front_l0_c2; amr_dock=[-0.4, 0.3, 0.0]
[plan_pick] detected 16 carton OBBs
[plan_pick] generated 3 suction candidates for carton_front_l0_c2
[plan_pick] candidate 0/2: face=front, score=0.923, contact=[0.05, 0.16, 0.497]
[plan_pick] candidate 0: solving pregrasp IK
[plan_pick] candidate 0: pregrasp IK failed after 1.0s
[plan_pick] candidate 1/2: face=side, score=0.825, contact=[0.26, 0.55, 0.497]
[plan_pick] candidate 1: solving pregrasp IK
[plan_pick] candidate 1: pregrasp IK failed after 1.2s
[plan_pick] candidate 2/2: face=top, score=0.548, contact=[0.26, 0.16, 0.7]
[plan_pick] candidate 2: solving pregrasp IK
[plan_pick] candidate 2: solving grasp IK
[plan_pick] candidate 2: checking straight approach
[plan_pick] candidate 2: solving carry-exit IK
[plan_pick] candidate 2: evaluating 3 supported conveyor poses
[plan_pick] candidate 2: planning transit RRT
[plan_pick] candidate 2: planning place RRT
[plan_pick] candidate 2: retreat with carton blocked after 24.3s
[online] pick 8: planning target=carton_front_l0_c3; amr_dock=[-0.4, 0.3, 0.0]
[plan_pick] detected 16 carton OBBs
[plan_pick] generated 3 suction candidates for carton_front_l0_c3
[plan_pick] candidate 0/2: face=front, score=0.900, contact=[0.05, 0.709, 0.497]
[plan_pick] candidate 0: solving pregrasp IK
[plan_pick] candidate 0: pregrasp IK failed after 0.9s
[plan_pick] candidate 1/2: face=side, score=0.882, contact=[0.26, 0.55, 0.497]
[plan_pick] candidate 1: solving pregrasp IK
[plan_pick] candidate 1: pregrasp IK failed after 1.8s
[plan_pick] candidate 2/2: face=top, score=0.548, contact=[0.26, 0.709, 0.7]
[plan_pick] candidate 2: solving pregrasp IK
[plan_pick] candidate 2: solving grasp IK
[plan_pick] candidate 2: checking straight approach
[plan_pick] candidate 2: solving carry-exit IK
[plan_pick] candidate 2: evaluating 3 supported conveyor poses
[plan_pick] candidate 2: planning transit RRT
[plan_pick] candidate 2: planning place RRT
[plan_pick] candidate 2: retreat with carton blocked after 21.9s
[online] pick 8: no exposed target feasible at amr_dock=[-0.4, 0.3, 0.0]
[online] pick 8: no feasible fixed-base target remains
[online] wrote /home/zy0004-lr/下载/code/00/unloading_layer1_sim/outputs/kuka_kr50/amr_full_safe/online_plan.json
{
  "success": true,
  "moved_boxes": 8,
  "manifest": "/home/zy0004-lr/下载/code/00/unloading_layer1_sim/outputs/kuka_kr50/amr_full_safe/online_plan.json"
}

