WARNING: All log messages before absl::InitializeLog() is called are written to STDERR
E0000 00:00:1790577724.215044   27964 descriptor_database.cc:633] File already exists in database: grpc/health/v1/health.proto
W0000 00:00:1790577724.215084   27964 message.cc:301] Protobuf GeneratedMessageFactory: File is already registered: grpc/health/v1/health.proto
2026-09-28T06:42:04Z [Info] [carb] Logging to file: /root/autodl-tmp/envs/isaacsim-clean/lib/python3.12/site-packages/isaacsim/kit/logs/Kit/Isaac-Sim Python/6.0/kit_20260928_144204.log
[0.075s] [ext: omni.assets.plugins-0.0.0] startup
[0.076s] [ext: omni.blobkey-1.1.2] startup
[0.076s] [ext: omni.kit.async_engine-0.0.3] startup
[0.186s] [ext: omni.client.lib-1.1.1] startup
[0.200s] [ext: omni.client-1.3.0] startup
[0.206s] [ext: omni.protobuf.lib-1.0.0] startup
[0.207s] [ext: omni.grpc.lib-1.0.0] startup
[0.213s] [ext: omni.metrics.core-0.0.3] startup
[0.213s] [ext: omni.datastore-0.0.0] startup
[0.214s] [ext: omni.gpu_foundation.shadercache.vulkan-1.0.0] startup
[0.216s] [ext: omni.hsscclient-1.1.4] startup
[0.217s] [ext: omni.stats-1.0.1] startup
[0.218s] [ext: omni.ujitso.default-1.0.0] startup
[0.224s] [ext: omni.gpu_foundation-0.0.0] startup
[0.493s] [ext: carb.windowing.plugins-1.0.1] startup
[0.494s] [ext: omni.kit.renderer.init-1.0.1] startup
2026-09-28T06:42:04Z [540ms] [Warning] [omni.platforminfo.plugin] failed to open the default display.  Can't verify X Server version.

|---------------------------------------------------------------------------------------------|
| Driver Version: 595.71.05     | Graphics API: Vulkan
|=============================================================================================|
| GPU | Name                             | Active | LDA | GPU Memory | Vendor-ID | LUID       |
|     |                                  |        |     |            | Device-ID | UUID       |
|     |                                  |        |     |            | Bus-ID    |            |
|---------------------------------------------------------------------------------------------|
| 0   | NVIDIA RTX PRO 6000 Blackwell .. | Yes: 0 |     | 97887   MB | 10de      | 0          |
|     |                                  |        |     |            | 2bb5      | 6c84d4ca.. |
|     |                                  |        |     |            | a8        |            |
|=============================================================================================|
| OS: 22.04.5 LTS (Jammy Jellyfish) ubuntu, Version: 22.04.5, Kernel: 5.15.0-78-generic
| Processor: Intel(R) Xeon(R) Platinum 8470Q
| Bare Metal Cores: 104 | Bare Metal Logical Cores: 208
| Core Usage Quota: 22
|---------------------------------------------------------------------------------------------|
| Total Memory (MB): 112640 | Free Memory: 100948
| Total Page/Swap (MB): 0 | Free Page/Swap: 0
|---------------------------------------------------------------------------------------------|
2026-09-28T06:42:05Z [1,429ms] [Warning] [omni.rtx] CPU performance profile is set to powersave. This profile sets the CPU to the lowest frequency reducing performance.
[1.711s] [ext: omni.kit.pipapi-0.0.0] startup
[1.712s] [ext: omni.kit.telemetry-0.5.2] startup
[1.743s] [ext: omni.kit.loop-isaac-1.6.0] startup
[1.744s] [ext: omni.kit.test-2.0.7] startup
[1.800s] [ext: omni.materialx.libs-1.0.9] startup
[1.807s] [ext: omni.gpucompute.plugins-0.0.0] startup
[1.808s] [ext: omni.usd.config-1.0.7] startup
[1.811s] [ext: omni.usd.libs-1.0.3] startup
[1.911s] [ext: omni.iray.libs-0.0.1] startup
[1.918s] [ext: omni.mdl-57.0.3] startup
[1.973s] [ext: omni.mdl.neuraylib-0.2.20] startup
[1.975s] [ext: omni.kit.usd.mdl-1.1.9] startup
[2.093s] [ext: omni.appwindow-1.2.2] startup
[2.097s] [ext: omni.kit.renderer.core-1.2.2] startup
2026-09-28T06:42:06Z [2,071ms] [Warning] [carb.windowing-glfw.plugin] GLFW initialization failed.
2026-09-28T06:42:06Z [2,071ms] [Warning] [carb] Failed to startup plugin carb.windowing-glfw.plugin (interfaces: [carb::windowing::IGLContext v1.0],[carb::windowing::IWindowing v1.5]) (impl: carb.windowing-glfw.plugin)
[2.132s] [ext: omni.kit.renderer.capture-2.0.1] startup
[2.134s] [ext: omni.kit.renderer.imgui-2.0.6] startup
2026-09-28T06:42:06Z [2,095ms] [Warning] [carb.windowing-glfw.plugin] GLFW initialization failed.
2026-09-28T06:42:06Z [2,095ms] [Warning] [carb] Failed to startup plugin carb.windowing-glfw.plugin (interfaces: [carb::windowing::IGLContext v1.0],[carb::windowing::IWindowing v1.5]) (impl: carb.windowing-glfw.plugin)
2026-09-28T06:42:06Z [2,096ms] [Warning] [carb.windowing-glfw.plugin] GLFW initialization failed.
2026-09-28T06:42:06Z [2,096ms] [Warning] [carb] Failed to startup plugin carb.windowing-glfw.plugin (interfaces: [carb::windowing::IGLContext v1.0],[carb::windowing::IWindowing v1.5]) (impl: carb.windowing-glfw.plugin)
[2.204s] [ext: omni.ui-3.2.0] startup
[2.215s] [ext: omni.kit.mainwindow-1.0.3] startup
[2.216s] [ext: carb.audio-0.1.0] startup
[2.242s] [ext: omni.uiaudio-1.0.0] startup
[2.242s] [ext: omni.kit.uiapp-0.0.0] startup
[2.243s] [ext: omni.usd.schema.metrics.assembler-110.1.0] startup
[2.245s] [ext: omni.usd.schema.audio-0.0.1] startup
[2.248s] [ext: omni.usd_resolver-1.0.0] startup
[2.252s] [ext: omni.usd.core-1.8.3] startup
[2.256s] [ext: omni.metropolis.schema-0.0.3] startup
[2.257s] [ext: isaacsim.anim.robot.schema-0.1.1] startup
[2.258s] [ext: omni.usd.schema.anim-0.0.1] startup
[2.278s] [ext: omni.usd.schema.geospatial-0.0.1] startup
[2.280s] [ext: omni.usd.schema.omnigraph-1.0.1] startup
[2.286s] [ext: omni.usd.schema.semantics-0.0.0] startup
[2.289s] [ext: omni.activity.core-1.0.3] startup
[2.290s] [ext: omni.cubric-0.1.0] startup
[2.291s] [ext: omni.graph.exec-0.9.6] startup
[2.291s] [ext: omni.hydra.scene_delegate-0.3.5] startup
[2.295s] [ext: usdrt.scenegraph-7.6.3] startup
[2.323s] [ext: omni.hydra.usdrt_delegate-7.5.2] startup
[2.330s] [ext: omni.inspect-1.0.2] startup
[2.332s] [ext: omni.kit.actions.core-1.0.0] startup
[2.334s] [ext: omni.kit.audiodeviceenum-1.0.2] startup
[2.335s] [ext: omni.kit.commands-1.5.0] startup
[2.338s] [ext: omni.kit.exec.core-0.13.5] startup
[2.340s] [ext: omni.kit.usd_undo-0.1.8] startup
[2.340s] [ext: omni.kit.window.popup_dialog-2.0.25] startup
[2.344s] [ext: omni.kit.widget.nucleus_connector-2.3.1] startup
[2.347s] [ext: omni.timeline-1.1.0] startup
[2.349s] [ext: omni.usd-1.16.0] startup
[2.393s] [ext: omni.graph.core-3.1.2] startup
[2.397s] [ext: omni.kit.notification_manager-1.0.11] startup
[2.398s] [ext: isaacsim.core.deprecation_manager-0.4.2] startup
[2.399s] [ext: isaacsim.replicator.agent.schema-0.1.1] startup
[2.400s] [ext: isaacsim.robot.schema-6.3.7] startup
[2.404s] [ext: isaacsim.robot_motion.schema-0.2.1] startup
[2.405s] [ext: omni.anim.behavior.schema-110.1.0] startup
[2.409s] [ext: omni.anim.graph.schema-110.1.1] startup
[2.415s] [ext: omni.anim.navigation.schema-110.1.0] startup
[2.419s] [ext: omni.behavior.tree.schema-110.1.0] startup
[2.419s] [ext: omni.kit.asset_converter-6.0.1] startup
[2.434s] [ext: omni.usd.schema.flow-110.0.0] startup
[2.434s] [ext: omni.usd.schema.mujoco-1.1.1] startup
[2.435s] [ext: omni.usd.schema.newton-1.2.1] startup
[2.435s] [ext: omni.usd.schema.omni_lens_distortion-1.0.0] startup
[2.436s] [ext: omni.usd.schema.omni_projectors-1.0.0] startup
[2.437s] [ext: omni.usd.schema.omni_sensors-0.0.0] startup
[2.444s] [ext: omni.usd.schema.omniscripting-1.0.1] startup
[2.449s] [ext: omni.usd.schema.physical_lighting-0.1.0] startup
[2.452s] [ext: omni.usd.schema.physx-110.1.13] startup
[2.483s] [ext: omni.usd.schema.render_settings.rtx-1.0.2] startup
[2.487s] [ext: omni.usd.schema.usd_particle_field-1.0.0] startup
[2.488s] [ext: isaacsim.core.version-2.1.1] startup
[2.488s] [ext: omni.kit.menu.core-1.2.0] startup
[2.489s] [ext: omni.kit.menu.utils-2.2.4] startup
[2.496s] [ext: isaacsim.app.about-2.3.1] startup
[2.502s] [ext: isaacsim.asset.transformer-1.2.5] startup
[2.505s] [ext: omni.scene.optimizer.core-110.1.0] startup
[2.565s] [ext: isaacsim.asset.importer.utils-1.8.1] startup
[2.567s] [ext: omni.convexdecomposition-110.1.13] startup
[2.570s] [ext: omni.physics-110.1.13] startup
[2.573s] [ext: omni.physx.gpu-110.1.13] startup
[2.574s] [ext: omni.physx.foundation-110.1.13] startup
[2.575s] [ext: omni.usdphysics-110.1.13] startup
[2.577s] [ext: omni.physx.cooking-110.1.13] startup
[2.580s] [ext: omni.physx-110.1.13] startup
[2.591s] [ext: omni.physics.physx-110.1.13] startup
[2.593s] [ext: isaacsim.asset.exporter.urdf-2.0.5] startup
[2.601s] [ext: omni.kit.clipboard-1.1.1] startup
[2.602s] [ext: omni.kit.usd.layers-2.6.1] startup
[2.609s] [ext: omni.kit.widget.context_menu-1.4.0] startup
[2.611s] [ext: omni.kit.context_menu-1.9.0] startup
[2.612s] [ext: omni.kit.helper.file_utils-0.1.10] startup
[2.614s] [ext: omni.kit.widget.nucleus_info-2.0.2] startup
[2.614s] [ext: omni.kit.search_core-1.0.8] startup
[2.615s] [ext: omni.kit.widget.path_field-2.0.13] startup
[2.616s] [ext: omni.kit.widget.browser_bar-2.0.10] startup
[2.616s] [ext: omni.kit.widget.filebrowser-2.13.4] startup
[2.621s] [ext: omni.kit.widget.options_menu-1.1.6] startup
[2.623s] [ext: omni.kit.widget.options_button-1.0.3] startup
[2.624s] [ext: omni.kit.widget.search_delegate-1.0.9] startup
[2.625s] [ext: omni.ui.scene-2.0.3] startup
[2.630s] [ext: omni.kit.window.filepicker-2.15.5] startup
[2.643s] [ext: omni.kit.window.file_importer-1.1.21] startup
[2.645s] [ext: omni.kit.material.library-3.1.2] startup
[2.651s] [ext: isaacsim.asset.transformer.rules-1.7.10] startup
[2.662s] [ext: omni.usdex.libs-2.2.2] startup
[2.672s] [ext: isaacsim.asset.importer.mjcf-3.10.1] startup
[2.674s] [ext: isaacsim.asset.importer.urdf-3.11.2] startup
[2.678s] [ext: omni.kit.primitive.mesh-1.1.0] startup
[2.680s] [ext: omni.kit.stage_template.core-1.1.22] startup
[2.681s] [ext: omni.kit.stage_templates-2.0.2] startup
[2.682s] [ext: omni.usd.metrics.assembler-110.1.2] startup
[2.686s] [ext: omni.warp.core-1.13.0] startup
[2.865s] [ext: isaacsim.core.experimental.utils-0.17.2] startup
[2.866s] [ext: omni.physics.stageupdate-110.1.13] startup
[2.868s] [ext: omni.physics.tensors-110.1.13] startup
[2.873s] [ext: omni.physx.tensors-110.1.13] startup
[2.877s] [ext: isaacsim.core.simulation_manager-1.15.6] startup
[2.891s] [ext: isaacsim.storage.native-1.9.3] startup
[2.892s] [ext: omni.usd.metrics.assembler.physics-110.1.13] startup
[2.894s] [ext: isaacsim.core.utils-4.1.7] startup
[2.896s] [ext: isaacsim.core.prims-0.11.7] startup
[4.192s] [ext: isaacsim.core.api-5.2.13] startup
[4.202s] [ext: isaacsim.core.cloner-1.7.3] startup
[4.204s] [ext: isaacsim.test.docstring-1.3.2] startup
[4.208s] [ext: isaacsim.core.experimental.prims-1.8.9] startup
[4.232s] [ext: isaacsim.core.experimental.primdata-0.3.2] startup
[4.234s] [ext: omni.graph.tools-1.81.0] startup
[4.258s] [ext: omni.graph-1.142.5] startup
[4.298s] [ext: isaacsim.core.experimental.actuators-0.1.2] startup
[4.319s] [ext: isaacsim.core.experimental.materials-0.7.1] startup
[4.323s] [ext: isaacsim.core.experimental.objects-0.8.1] startup
[4.391s] [ext: omni.hydra.engine.stats-1.0.5] startup
[4.394s] [ext: omni.hydra.rtx.shadercache.vulkan-1.0.0] startup
[4.395s] [ext: omni.index.libs-387500.4413.0] startup
[4.395s] [ext: omni.index-1.0.1] startup
[4.396s] [ext: omni.ujitso.client-0.0.0] startup
[4.396s] [ext: omni.usd.schema.playback-1.0.0] startup
[4.400s] [ext: omni.volume-0.5.2] startup
[4.405s] [ext: omni.hydra.rtx-1.0.4] startup
2026-09-28T06:42:08Z [4,381ms] [Warning] [omni.log] Source: omni.hydra was already registered.
[4.442s] [ext: omni.kit.hydra_texture-1.6.0] startup
[4.446s] [ext: omni.kit.raycast.query-1.2.0] startup
[4.452s] [ext: omni.kit.viewport.legacy_gizmos-1.0.24] startup
[4.455s] [ext: omni.kit.viewport.registry-104.0.6] startup
[4.456s] [ext: omni.kit.viewport.scene_camera_model-1.0.7] startup
[4.461s] [ext: omni.kit.widget.viewport-109.2.0] startup
[4.465s] [ext: omni.kit.window.drop_support-1.0.8] startup
[4.466s] [ext: omni.kit.viewport.window-109.0.2] startup
[4.486s] [ext: omni.kit.viewport.utility-2.0.1] startup
[4.487s] [ext: isaacsim.core.rendering_manager-0.4.3] startup
[4.506s] [ext: omni.graph.action_core-1.1.9] startup
[4.509s] [ext: omni.graph.action_nodes_core-2.11.0] startup
[4.512s] [ext: omni.graph.action_nodes-2.11.0] startup
[4.554s] [ext: omni.graph.action-2.10.2] startup
[4.556s] [ext: omni.graph.image.core-0.6.1] startup
[4.558s] [ext: omni.graph.image.nodes-1.3.1] startup
[4.559s] [ext: omni.graph.nodes_core-2.11.0] startup
[4.566s] [ext: omni.graph.nodes-2.12.0] startup
[4.574s] [ext: omni.kit.hotkeys.core-1.3.12] startup
[4.575s] [ext: omni.kit.property.adapter.core-1.1.1] startup
[4.578s] [ext: omni.kit.property.adapter.usd-1.0.5] startup
[4.580s] [ext: omni.kit.widget.filter-1.1.5] startup
[4.581s] [ext: omni.kit.widget.highlight_label-1.0.3] startup
[4.582s] [ext: omni.kit.widget.searchfield-1.1.8] startup
[4.584s] [ext: omni.kit.window.file_exporter-1.0.36] startup
[4.586s] [ext: omni.kit.widget.stage-4.4.0] startup
[4.596s] [ext: omni.kit.window.content_browser_registry-0.0.6] startup
[4.597s] [ext: omni.kit.window.file-2.0.10] startup
[4.600s] [ext: omni.kit.window.content_browser-3.1.8] startup
[4.613s] [ext: omni.kit.window.property-1.15.1] startup
[4.625s] [ext: omni.kit.property.usd-4.9.4] startup
[4.637s] [ext: omni.graph.scriptnode-2.10.2] startup
[4.649s] [ext: omni.kit.widget.searchable_combobox-1.0.7] startup
[4.651s] [ext: omni.kit.widget.settings-2.0.0] startup
[4.656s] [ext: omni.kit.window.preferences-1.8.3] startup
[4.662s] [ext: omni.kit.viewport.menubar.core-107.2.2] startup
[4.675s] [ext: omni.syntheticdata-0.6.15] startup
[4.711s] [ext: omni.replicator.nv-1.1.1] startup
[4.721s] [ext: omni.videoencoding-0.2.1] startup
[4.724s] [ext: omni.replicator.core-1.13.27] startup
2026-09-28T06:42:08Z [4,692ms] [Warning] [pxr.Semantics] pxr.Semantics is deprecated - please use Semantics instead
2026-09-28T06:42:08Z [4,785ms] [Warning] [omni.replicator.core.scripts.extension] No material configuration file, adding configuration to material settings directly.
[4.979s] [ext: isaacsim.core.nodes-5.10.5] startup
[5.022s] [ext: isaacsim.core.throttling-2.3.5] startup
[5.024s] [ext: omni.kit.manipulator.viewport-107.0.1] startup
[5.025s] [ext: omni.graph.visualization.nodes-2.1.4] startup
[5.043s] [ext: omni.kit.window.extensions-1.5.10] startup
[5.050s] [ext: isaacsim.gui.components-1.8.5] startup
[5.055s] [ext: isaacsim.robot.surface_gripper-3.6.2] startup
[5.069s] [ext: isaacsim.robot.manipulators-3.4.4] startup
[5.085s] [ext: isaacsim.robot_motion.lula-4.1.3] startup
[5.093s] [ext: isaacsim.robot_motion.motion_generation-8.2.9] startup
[5.101s] [ext: isaacsim.cortex.framework-1.0.18] startup
[5.103s] [ext: isaacsim.cortex.behaviors-2.0.17] startup
[5.105s] [ext: isaacsim.examples.base-1.3.2] startup
[5.108s] [ext: omni.kit.widget.zoombar-1.0.7] startup
[5.109s] [ext: omni.kit.browser.core-2.3.18] startup
[5.113s] [ext: omni.kit.browser.folder.core-2.0.2] startup
[5.118s] [ext: omni.kit.widget.stage_icons-1.0.8] startup
[5.119s] [ext: omni.kit.window.stage-2.6.1] startup
[5.124s] [ext: omni.kit.menu.stage-1.2.7] startup
[5.126s] [ext: omni.kit.usd.collect-3.0.6] startup
[5.129s] [ext: omni.kit.widget.prompt-1.0.7] startup
[5.130s] [ext: omni.kit.tool.collect-2.2.19] startup
[5.132s] [ext: isaacsim.examples.browser-0.3.2] startup
[5.135s] [ext: omni.kit.search.files-1.0.4] startup
[5.136s] [ext: omni.kit.widget.calendar-1.0.9] startup
[5.138s] [ext: omni.kit.widget.extended_searchfield-1.0.31] startup
[5.147s] [ext: omni.simready.content.browser-0.3.7] startup
[5.236s] [ext: isaacsim.gui.content_browser-0.4.3] startup
[5.239s] [ext: omni.kit.selection-0.1.6] startup
[5.241s] [ext: isaacsim.gui.menu-2.10.5] startup
[5.249s] [ext: isaacsim.gui.property-1.6.4] startup
[5.257s] [ext: omni.kit.viewport.actions-110.0.0] startup
[5.261s] [ext: omni.kit.viewport.menubar.display-107.1.3] startup
[5.263s] [ext: isaacsim.gui.sensors.icon-2.2.1] startup
[5.267s] [ext: omni.behavior.scripting.core-110.1.0] startup
[5.270s] [ext: isaacsim.replicator.behavior-1.5.4] startup
[5.271s] [ext: isaacsim.replicator.experimental.domain_randomization-1.2.5] startup
[5.292s] [ext: isaacsim.replicator.domain_randomization-1.2.2] startup
[5.370s] [ext: isaacsim.replicator.writers-1.5.4] startup
[5.399s] [ext: isaacsim.robot.experimental.wheeled_robots-0.2.11] startup
[5.421s] [ext: isaacsim.robot.policy.examples-5.2.12] startup
[5.443s] [ext: isaacsim.robot.wheeled_robots-5.2.4] startup
[5.449s] [ext: isaacsim.robot.wheeled_robots.nodes-0.1.5] startup
[5.475s] [ext: isaacsim.robot_motion.experimental.motion_generation-6.1.3] startup
[5.487s] [ext: isaacsim.robot_motion.cumotion-1.3.1] startup
[5.500s] [ext: omni.kit.numpy.common-0.1.3] startup
[5.502s] [ext: isaacsim.sensors.camera-1.7.9] startup
[5.530s] [ext: isaacsim.sensors.experimental.physics-3.0.2] startup
[5.539s] [ext: omni.sensors.net-1.0.1] startup
[5.547s] [ext: omni.sensors.nv.common-3.0.0] startup
[5.562s] [ext: omni.sensors.nv.materials-2.0.0] startup
[5.566s] [ext: omni.sensors.nv.acoustic-3.0.0] startup
[5.569s] [ext: omni.sensors.nv.ids-2.0.1] startup
[5.571s] [ext: omni.sensors.nv.lidar-3.0.0] startup
[5.576s] [ext: omni.sensors.nv.radar-3.0.0] startup
[5.579s] [ext: isaacsim.sensors.experimental.rtx-1.4.6] startup
[5.795s] [ext: isaacsim.sensors.physics.nodes-1.5.3] startup
[5.805s] [ext: isaacsim.util.debug_draw-3.2.3] startup
[5.811s] [ext: isaacsim.sensors.physx-2.5.5] startup
[5.820s] [ext: isaacsim.sensors.rtx-15.17.1] startup
[5.834s] [ext: isaacsim.simulation_app-2.18.4] startup
[5.834s] [ext: omni.anim.curve.core-1.6.0] startup
[5.845s] [ext: omni.graph.ui_nodes-2.11.1] startup
[5.882s] [ext: omni.hydra.scene_api-0.1.3] startup
[5.930s] [ext: omni.kit.manipulator.camera-110.0.0] startup
[5.935s] [ext: omni.kit.manipulator.selector-1.1.4] startup
[5.936s] [ext: omni.kit.manipulator.transform-107.0.0] startup
[5.941s] [ext: omni.kit.widget.toolbar-2.1.0] startup
[5.947s] [ext: omni.kit.manipulator.tool.snap-1.5.14] startup
[5.952s] [ext: omni.kit.viewport.manipulator.transform-107.0.4] startup
[5.954s] [ext: omni.kit.manipulator.prim.core-108.0.2] startup
[5.961s] [ext: omni.kit.manipulator.prim.usd-107.0.3] startup
[5.963s] [ext: omni.kit.manipulator.prim-108.0.0] startup
[5.963s] [ext: omni.kit.manipulator.selection-109.0.1] startup
[5.964s] [ext: omni.kit.menu.create-2.0.2] startup
[5.966s] [ext: omni.kit.property.audio-1.0.16] startup
[5.971s] [ext: omni.kit.property.camera-1.0.14] startup
[5.972s] [ext: omni.kit.property.geometry-2.1.2] startup
[5.976s] [ext: omni.kit.property.light-1.0.14] startup
2026-09-28T06:42:10Z [5,966ms] [Warning] [omni.usd] Encountered USD Warnings but USD Diagnostics are currently muted. To view USD Warnings, please set the '/persistent/app/usd/muteUsdDiagnostics' setting to false in Preferences page.
[6.019s] [ext: omni.kit.property.material-1.14.6] startup
[6.025s] [ext: omni.kit.property.render-1.2.2] startup
[6.027s] [ext: omni.kit.property.transform-1.6.9] startup
[6.031s] [ext: omni.kit.property.bundle-1.5.1] startup
[6.033s] [ext: omni.kit.usdz_export-1.1.0] startup
[6.036s] [ext: omni.kit.tool.asset_importer-6.0.1] startup
[6.042s] [ext: omni.kit.ui.actions-1.0.5] startup
[6.044s] [ext: omni.kit.viewport.menubar.camera-107.0.10] startup
[6.049s] [ext: omni.kit.viewport.menubar.lighting-107.3.2] startup
[6.053s] [ext: omni.kit.viewport.menubar.render-110.0.0] startup
[6.055s] [ext: omni.kit.viewport.menubar.settings-110.0.1] startup
[6.059s] [ext: omni.kit.window.console-1.1.9] startup
[6.064s] [ext: omni.kit.window.status_bar-0.1.11] startup
[6.068s] [ext: omni.kit.window.toolbar-3.0.3] startup
[6.070s] [ext: omni.ocio-0.1.1] startup
[6.072s] [ext: omni.physx.commands-110.1.13] startup
[6.075s] [ext: omni.replicator.replicator_yaml-2.0.12] startup
[6.089s] [ext: omni.rtx.window.settings-0.8.0] startup
[6.094s] [ext: omni.rtx.settings.core-0.7.1] startup
[6.098s] [ext: omni.usd.metrics.assembler.ui-110.1.1] startup
[6.106s] [ext: semantics.schema.editor-2.0.2] startup
[6.109s] [ext: semantics.schema.property-2.0.2] startup
[6.111s] [ext: omni.kit.menu.common-2.0.2] startup
[6.113s] [ext: isaacsim.exp.base-6.0.1] startup
[6.113s] [ext: isaacsim.exp.base.python-6.0.1] startup
[6.116s] Simulation App Starting
2026-09-28T06:42:10Z [6,153ms] [Warning] [carb.audio.device] audio device is misconfigured or broken {deviceIndex = 0, name = 'default'} (The device is likely misconfigured, check your $HOME/.asoundrc)
2026-09-28T06:42:10Z [6,153ms] [Warning] [carb.audio.output] failed to retrieve the capabilities for device 0 {result = eDeviceLost (2)}
2026-09-28T06:42:10Z [6,153ms] [Warning] [carb.audio.context] failed to set the requested output during context creation.  Using a null streamer instead {result = eDeviceLost (2)}
2026-09-28T06:42:11Z [7,241ms] [Warning] [omni.rtx] DLSS increasing input dimensions: Render resolution of (320, 180) is below minimal input resolution of 300.
[7.423s] Simulation App Startup Complete
[7.434s] app ready
Starting kit application with the following args:  ['/root/autodl-tmp/envs/isaacsim-clean/lib/python3.12/site-packages/isaacsim/exts/isaacsim.simulation_app/isaacsim/simulation_app/simulation_app.py', '/root/autodl-tmp/envs/isaacsim-clean/lib/python3.12/site-packages/isaacsim/apps/isaacsim.exp.base.python.kit', '--/app/tokens/exe-path=/root/autodl-tmp/envs/isaacsim-clean/lib/python3.12/site-packages/isaacsim/kit', '--/persistent/app/viewport/displayOptions=3094', '--/rtx/materialDb/syncLoads=True', '--/rtx/hydra/materialSyncLoads=True', '--/omni/kit/plugin/syncUsdLoads=True', '--/app/renderer/resolution/width=640', '--/app/renderer/resolution/height=360', '--/app/window/width=1440', '--/app/window/height=900', '--/renderer/multiGpu/enabled=True', '--/app/fastShutdown=True', '--/app/installSignalHandlers=0', '--ext-folder', '/root/autodl-tmp/envs/isaacsim-clean/lib/python3.12/site-packages/isaacsim/exts', '--ext-folder', '/root/autodl-tmp/envs/isaacsim-clean/lib/python3.12/site-packages/isaacsim/apps', '--/physics/cudaDevice=0', '--/plugins/carb.tasking.plugin/threadCount=32', '--/plugins/omni.tbb.globalcontrol/maxThreadCount=32', '--portable', '--no-window', '--/app/window/hideUi=1', '--allow-root']
Passing the following args to the base kit application:  ['--bundle', '/root/autodl-tmp/curobo-v2-20260928-isaac/trial/execution/replay_bundle.json', '--project-root', '/root/autodl-tmp/curobo-v2-20260928-isaac/repo', '--usd-directory', '/root/autodl-tmp/curobo-v2-20260928-isaac/trial/usd_after_import_fix', '--reuse-usd-entrypoint', '/root/autodl-tmp/m710-official-dynamics-20260910/isaac_usd/m710id_70_official_8/m710id_70_official.usda', '--reuse-usd-run-evidence', '/root/autodl-tmp/m710-official-dynamics-20260910/isaac_outputs/initialization_render_sync_logged_final/run_status.json', '--reuse-usd-source-contract', '/root/autodl-tmp/m710-official-dynamics-20260910/repo/outputs/m710_official_dynamics_20260910_final/initialization_contract.json', '--output', '/root/autodl-tmp/curobo-v2-20260928-isaac/trial/isaac_after_import_fix', '--record-video', '--video-preview-speed', '1', '--maximum-segments', '1']
Warp 1.13.0 initialized:
   CUDA Toolkit 12.9, Driver 13.2
   Devices:
     "cpu"      : "x86_64"
     "cuda:0"   : "NVIDIA RTX PRO 6000 Blackwell Server Edition" (95 GiB, sm_120, mempool enabled)
   Kernel cache:
     /root/autodl-tmp/cache/xdg/warp/1.13.0
FANUC_REPLAY_STAGE=simulation_app_ready
FANUC_REPLAY_STAGE=numpy_imported
FANUC_REPLAY_STAGE=current_assets_verified
FANUC_REPLAY_STAGE=replicator_imported
FANUC_REPLAY_STAGE=usd_imported
FANUC_REPLAY_STAGE=pillow_imported
FANUC_REPLAY_STAGE=opencv_imported
FANUC_REPLAY_STAGE=urdf_importer_imported
FANUC_REPLAY_STAGE=world_imported
FANUC_REPLAY_STAGE=articulation_imported
FANUC_REPLAY_STAGE=surface_gripper_imported
FANUC_REPLAY_STAGE=pxr_imported
FANUC_REPLAY_STAGE=inputs_validated
FANUC_REPLAY_STAGE=usd_resolved
FANUC_REPLAY_STAGE=stage_opened
FANUC_REPLAY_STAGE=scene_created primitives=45  target_carton=/Validation/Scene/carton_l07_c04
FANUC_REPLAY_STAGE=physics_backend_verified {"status": "PASS", "requested": {"mode": "physx_cpu", "device": "cpu", "broadphase_type": "MBP", "gpu_dynamics_enabled": false, "fabric_enabled": true, "ccd_enabled": true}, "actual": {"mode": "physx_cpu", "device": "cpu", "broadphase_type": "MBP", "gpu_dynamics_enabled": false, "fabric_enabled": true, "ccd_enabled": true}, "source": "SimulationManager_and_PhysicsContext_runtime_readback"}
FANUC_REPLAY_STAGE=world_reset_started
FANUC_REPLAY_STAGE=world_reset_completed
FANUC_REPLAY_STAGE=collision_offsets_verified {"contact_offset_m": 0.01, "rest_offset_m": 0.0, "all_collider_count": 256, "articulation_shape_count": 209, "carton_shape_count": 37}
FANUC_REPLAY_STAGE=settling_started {"maximum_steps": 2400, "physics_dt_s": 0.004166666666666667, "reset_q_error_rad": 2.384185791015625e-07}
FANUC_REPLAY_STAGE=settling_step_wall_timing {"schema": "m710_settling_step_wall_timing_v1", "step_index": 0, "physical_time_s": 0.004166666666666667, "drive_target_wall_s": 0.0004961006343364716, "physx_and_fabric_wall_s": 0.00914829596877098, "actual_tensor_read_and_poses_wall_s": 0.001012597233057022, "full_penetration_audit_wall_s": 0.029334448277950287, "contact_callback_wall_s": 0.0016405712813138962, "contact_callback_headers": 74, "total_step_wall_s": 0.03999144211411476}
FANUC_REPLAY_STAGE=settling_checkpoint {"schema": "m710_actual_settling_checkpoint_v1", "step_index": 0, "elapsed_s": 0.004166666666666667, "maximum_steps": 2400, "thresholds": {"max_position_drift_m": 0.002, "required_stable_duration_s": 0.5, "max_angular_speed_rad_s": 0.03, "maximum_settle_time_s": 10.0, "max_linear_speed_m_s": 0.01, "max_penetration_m": 0.001}, "max_linear_speed_m_s": 0.0189060065895319, "max_angular_speed_rad_s": 0.032124027609825134, "current_max_penetration_m": 5.303974961123892e-06, "peak_settling_penetration_m": 5.303974961123892e-06, "position_drift_from_configured_m": 8.988586457095908e-05, "peak_position_drift_from_configured_m": 8.988586457095908e-05, "joint_names": ["J1", "J2", "J3", "J4", "J5", "J6"], "q_rad": [-0.5284196138381958, 0.0945245623588562, -0.21069619059562683, -3.1416544914245605, 1.2654095888137817, 0.5286962985992432]}
FANUC_REPLAY_STAGE=settling_step_wall_timing {"schema": "m710_settling_step_wall_timing_v1", "step_index": 1, "physical_time_s": 0.008333333333333333, "drive_target_wall_s": 0.0003592148423194885, "physx_and_fabric_wall_s": 0.006290240213274956, "actual_tensor_read_and_poses_wall_s": 0.0009469520300626755, "full_penetration_audit_wall_s": 0.02983963117003441, "contact_callback_wall_s": 0.001017790287733078, "contact_callback_headers": 74, "total_step_wall_s": 0.03743603825569153}
FANUC_REPLAY_STAGE=settling_step_wall_timing {"schema": "m710_settling_step_wall_timing_v1", "step_index": 2, "physical_time_s": 0.0125, "drive_target_wall_s": 0.0003371480852365494, "physx_and_fabric_wall_s": 0.005783135071396828, "actual_tensor_read_and_poses_wall_s": 0.0009122714400291443, "full_penetration_audit_wall_s": 0.02866409160196781, "contact_callback_wall_s": 0.0009700842201709747, "contact_callback_headers": 72, "total_step_wall_s": 0.03569664619863033}
FANUC_REPLAY_STAGE=settling_step_wall_timing {"schema": "m710_settling_step_wall_timing_v1", "step_index": 3, "physical_time_s": 0.016666666666666666, "drive_target_wall_s": 0.0003317892551422119, "physx_and_fabric_wall_s": 0.005560651421546936, "actual_tensor_read_and_poses_wall_s": 0.0009454600512981415, "full_penetration_audit_wall_s": 0.028629234060645103, "contact_callback_wall_s": 0.0009710807353258133, "contact_callback_headers": 72, "total_step_wall_s": 0.03546713478863239}
FANUC_REPLAY_STAGE=settling_step_wall_timing {"schema": "m710_settling_step_wall_timing_v1", "step_index": 4, "physical_time_s": 0.020833333333333332, "drive_target_wall_s": 0.00033988989889621735, "physx_and_fabric_wall_s": 0.005920561030507088, "actual_tensor_read_and_poses_wall_s": 0.0009087752550840378, "full_penetration_audit_wall_s": 0.028252964839339256, "contact_callback_wall_s": 0.0009715873748064041, "contact_callback_headers": 71, "total_step_wall_s": 0.0354221910238266}
FANUC_REPLAY_STAGE=settling_step_wall_timing {"schema": "m710_settling_step_wall_timing_v1", "step_index": 5, "physical_time_s": 0.025, "drive_target_wall_s": 0.00033490918576717377, "physx_and_fabric_wall_s": 0.005768368020653725, "actual_tensor_read_and_poses_wall_s": 0.0009148474782705307, "full_penetration_audit_wall_s": 0.028240948915481567, "contact_callback_wall_s": 0.0009705740958452225, "contact_callback_headers": 73, "total_step_wall_s": 0.035259073600172997}
FANUC_REPLAY_STAGE=settling_step_wall_timing {"schema": "m710_settling_step_wall_timing_v1", "step_index": 6, "physical_time_s": 0.029166666666666667, "drive_target_wall_s": 0.00033972039818763733, "physx_and_fabric_wall_s": 0.006768370047211647, "actual_tensor_read_and_poses_wall_s": 0.0009298399090766907, "full_penetration_audit_wall_s": 0.028605801984667778, "contact_callback_wall_s": 0.0009854789823293686, "contact_callback_headers": 73, "total_step_wall_s": 0.03664373233914375}
FANUC_REPLAY_STAGE=settling_step_wall_timing {"schema": "m710_settling_step_wall_timing_v1", "step_index": 7, "physical_time_s": 0.03333333333333333, "drive_target_wall_s": 0.0003373418003320694, "physx_and_fabric_wall_s": 0.005950676277279854, "actual_tensor_read_and_poses_wall_s": 0.0009948015213012695, "full_penetration_audit_wall_s": 0.027824001386761665, "contact_callback_wall_s": 0.0009770914912223816, "contact_callback_headers": 74, "total_step_wall_s": 0.03510682098567486}
FANUC_REPLAY_STAGE=settling_step_wall_timing {"schema": "m710_settling_step_wall_timing_v1", "step_index": 8, "physical_time_s": 0.0375, "drive_target_wall_s": 0.00035268068313598633, "physx_and_fabric_wall_s": 0.006120869889855385, "actual_tensor_read_and_poses_wall_s": 0.0009187068790197372, "full_penetration_audit_wall_s": 0.027997823432087898, "contact_callback_wall_s": 0.0009726416319608688, "contact_callback_headers": 74, "total_step_wall_s": 0.03539008088409901}
FANUC_REPLAY_STAGE=settling_step_wall_timing {"schema": "m710_settling_step_wall_timing_v1", "step_index": 9, "physical_time_s": 0.041666666666666664, "drive_target_wall_s": 0.00034406594932079315, "physx_and_fabric_wall_s": 0.006044154986739159, "actual_tensor_read_and_poses_wall_s": 0.0009145047515630722, "full_penetration_audit_wall_s": 0.02816046215593815, "contact_callback_wall_s": 0.0009771715849637985, "contact_callback_headers": 74, "total_step_wall_s": 0.03546318784356117}
FANUC_REPLAY_STAGE=initial_cartons_settled {"current_max_penetration_m": 1.8493156382692888e-05, "dynamic_body_count": 37, "elapsed_s": 0.9041666666666667, "max_angular_speed_rad_s": 0.0, "max_linear_speed_m_s": 0.0, "peak_position_drift_from_configured_m": 0.00013924248452452224, "peak_settling_penetration_m": 1.9431339954578686e-05, "position_drift_from_configured_m": 4.8481962076993076e-05, "stable_duration_s": 0.5, "stable_window_position_drift_m": 0.0, "status": "PASS", "thresholds": {"max_angular_speed_rad_s": 0.03, "max_linear_speed_m_s": 0.01, "max_penetration_m": 0.001, "max_position_drift_m": 0.002, "maximum_settle_time_s": 10.0, "required_stable_duration_s": 0.5}}
FANUC_REPLAY_EVENT=grasp_command time_s=35.554167 model=surface_gripper accepted=True contact_audit=PASS frame_position_error_m=1.11022302e-16 frame_rotation_error_rad=0
FANUC_REPLAY_EVENT={"event": "actual_stack_geometry_free_space_entered", "step": 14619, "time_s": 60.916666666666664, "from_free": false, "to_free": true, "clearance_m": 0.005239004547212378, "nearest_neighbor": "carton_l06_c04", "shape_fingerprint": "3bbb495c1b5e4d1234266da8be71c84aa8939c7c428019b613e6a1e2f4660118", "policy_fingerprint": "91e8bebb851170e3620b5e2fc1bda49b5a72d1e62c8b3a3cd0dbed3c05d928e5", "contact_evidence_status": "RESOLVED", "basis": "POST_STEP_VERIFIED_BOX_GEOMETRY"}
FANUC_REPLAY_EVENT={"event": "actual_free_transit_gate_passed", "time_s": 61.15833333333333, "wait_elapsed_s": 0.0}
FANUC_REPLAY_EVENT=release_command time_s=187.262500 model=ideal_fixed_constraint support=PAYLOAD_NOT_IN_SUPPORT_CONTACT accepted=True
FANUC_REPLAY_EVENT={"event": "target_cup_release_clearance_started", "time_s": 187.2625, "maximum_wait_s": 1.0}
FANUC_REPLAY_EVENT={"event": "IDEAL_RECEPTION_ACCEPTED", "carton_id": "carton_l07_c04", "time_s": 187.28333333333333, "takeover_pose_world": [[-9.195770766412537e-06, -0.00019607972343992425, 0.9999999807340897, -0.35992926359176636], [7.913129643389598e-05, 0.9999999776453472, 0.00019608045050756095, -0.6100643277168274], [-0.9999999968268377, 7.91330980202342e-05, -9.180254518126318e-06, 0.9227736592292786], [0.0, 0.0, 0.0, 1.0]], "release_height_m": 0.02488690108224123, "release_height_semantics": "ACTUAL_PRE_REMOVAL_LOWEST_CORNER_HEIGHT", "actual_release_height_m": 0.02488690108224123, "first_takeover_height_m": 0.02275645652344549, "source": "RECEPTION_ASSUMED", "model": "SAME_BODY_BOUNDED_IDEAL_RECEPTION", "disabled_collider_paths": ["/Validation/Scene/carton_l07_c04"]}
FANUC_REPLAY_EVENT={"event": "target_cup_clearance_ended_by_assumed_reception", "time_s": 187.28333333333333, "physical_clearance_certified": false}
FANUC_REPLAY_EVENT={"event": "OUTFED_ASSUMED", "carton_id": "carton_l07_c04", "time_s": 197.33749999999085, "output_plane": {"name": "trailer_opening_x", "direction": "-X", "x_m": -3.2}, "full_envelope_max_x_m": -3.200880835282465, "source": "IDEAL_DOWNSTREAM_FULL_ENVELOPE_CROSSING", "actual_full_envelope_max_x_m": -3.200880851166239}
ISAACSIM_FANUC_REPLAY_RESULT={"actual_free_transit_gate": {"clearance_policy_changed": false, "events": [{"event": "actual_free_transit_gate_passed", "time_s": 61.15833333333333, "wait_elapsed_s": 0.0}], "maximum_wait_s": 1.0, "passed": true, "timeout_waived": false, "timeout_waiver_authorized": false, "trajectory_boundary_s": 61.05304641176404, "waiver_target": null}, "actual_landing_state": null, "actual_reception_succeeded": false, "actual_release_prediction": {"accepted": true, "actual_landing_state": null, "actual_support": null, "angular_velocity_rad_s": [0.0021324120461940765, 0.0023823133669793606, -0.0004463016812223941], "flight_time_s": 0.0, "height_m": 0.02488690108224123, "landing_support": {"actual_box_pose": [[9.688084473546965e-06, -0.00018971496930788765, 0.9999999819571855, -0.35993292927742004], [5.9989372732539153e-05, 0.9999999802048629, 0.0001897143877933248, -0.6100566983222961], [-0.9999999981537081, 5.9987533681147255e-05, 9.699465163715004e-06, 0.9249003529548645], [0.0, 0.0, 0.0, 1.0]], "edge_tolerance_m": 0.002, "footprint_area_m2": 0.11999999977844494, "payload_half_extents_m": [0.3, 0.2, 0.15], "physical_support_observed": false, "reason": "IDEAL_FOOTPRINT_COVERED", "receiver_names": ["conveyor_longitudinal"], "schema": "ideal_receiver_projection_v1", "support_face_local_axis": 0, "support_face_local_sign": 1, "support_obbs": [{"category": "conveyor", "half_extents_m": [0.35, 0.75, 0.06], "name": "conveyor_transverse", "pose_world": [[1.0, 0.0, 0.0, -0.55], [0.0, 1.0, 0.0, 0.35], [0.0, 0.0, 1.0, 0.54], [0.0, 0.0, 0.0, 1.0]]}, {"category": "conveyor", "half_extents_m": [1.4, 0.35, 0.06], "name": "conveyor_longitudinal", "pose_world": [[1.0, 0.0, 0.0, -1.6], [0.0, 1.0, 0.0, -0.7500000000000001], [0.0, 0.0, 1.0, 0.54], [0.0, 0.0, 0.0, 1.0]]}], "support_z_m": 0.6000000000000001, "supported": true, "tolerance_m": 0.0, "unsupported_area_m2": 0}, "linear_velocity_m_s": [0.0003983229980804026, -0.00036246562376618385, 0.02029033564031124], "mode": "IDEAL_RECEPTION_RELEASE", "policy": {"gravity_m_s2": 9.81, "ideal_release_height_reserve_m": 0.005, "ideal_release_max_height_m": 0.05, "ideal_release_min_height_m": 0.02, "maximum_angular_speed_rad_s": 0.08, "maximum_drop_m": 0.05, "maximum_flight_s": 0.25, "maximum_landing_speed_m_s": 1.1, "position_uncertainty_m": 0.002, "prediction_step_s": 0.005, "velocity_uncertainty_m_s": 0.01}, "predicted_landing_pose_world": [[9.688084473546965e-06, -0.00018971496930788765, 0.9999999819571855, -0.35993292927742004], [5.9989372732539153e-05, 0.9999999802048629, 0.0001897143877933248, -0.6100566983222961], [-0.9999999981537081, 5.9987533681147255e-05, 9.699465163715004e-06, 0.9000134518726233], [0.0, 0.0, 0.0, 1.0]], "prediction_source": "BOUNDED_IDEAL_RECEPTION_REGION_NOT_PHYSICAL_LANDING", "reason": "IDEAL_RECEPTION_REGION_ACCEPTED", "reception_region": {"accepted": true, "actual_release_pose_world": [[9.688084473546965e-06, -0.00018971496930788765, 0.9999999819571855, -0.35993292927742004], [5.9989372732539153e-05, 0.9999999802048629, 0.0001897143877933248, -0.6100566983222961], [-0.9999999981537081, 5.9987533681147255e-05, 9.699465163715004e-06, 0.9249003529548645], [0.0, 0.0, 0.0, 1.0]], "actual_top_contact_observed": false, "gap_m": 0.02488690108224123, "height_policy": {"gravity_m_s2": 9.81, "ideal_release_height_reserve_m": 0.005, "ideal_release_max_height_m": 0.05, "ideal_release_min_height_m": 0.02, "maximum_angular_speed_rad_s": 0.08, "maximum_drop_m": 0.05, "maximum_flight_s": 0.25, "maximum_landing_speed_m_s": 1.1, "position_uncertainty_m": 0.002, "prediction_step_s": 0.005, "velocity_uncertainty_m_s": 0.01}, "physical_landing_qualified": false, "reason": "IDEAL_RECEPTION_REGION_ACCEPTED", "reception_pose_world": [[9.688084473546965e-06, -0.00018971496930788765, 0.9999999819571855, -0.35993292927742004], [5.9989372732539153e-05, 0.9999999802048629, 0.0001897143877933248, -0.6100566983222961], [-0.9999999981537081, 5.9987533681147255e-05, 9.699465163715004e-06, 0.9000134518726233], [0.0, 0.0, 0.0, 1.0]], "support": {"actual_box_pose": [[9.688084473546965e-06, -0.00018971496930788765, 0.9999999819571855, -0.35993292927742004], [5.9989372732539153e-05, 0.9999999802048629, 0.0001897143877933248, -0.6100566983222961], [-0.9999999981537081, 5.9987533681147255e-05, 9.699465163715004e-06, 0.9249003529548645], [0.0, 0.0, 0.0, 1.0]], "edge_tolerance_m": 0.002, "footprint_area_m2": 0.11999999977844494, "payload_half_extents_m": [0.3, 0.2, 0.15], "physical_support_observed": false, "reason": "IDEAL_FOOTPRINT_COVERED", "receiver_names": ["conveyor_longitudinal"], "schema": "ideal_receiver_projection_v1", "support_face_local_axis": 0, "support_face_local_sign": 1, "support_obbs": [{"category": "conveyor", "half_extents_m": [0.35, 0.75, 0.06], "name": "conveyor_transverse", "pose_world": [[1.0, 0.0, 0.0, -0.55], [0.0, 1.0, 0.0, 0.35], [0.0, 0.0, 1.0, 0.54], [0.0, 0.0, 0.0, 1.0]]}, {"category": "conveyor", "half_extents_m": [1.4, 0.35, 0.06], "name": "conveyor_longitudinal", "pose_world": [[1.0, 0.0, 0.0, -1.6], [0.0, 1.0, 0.0, -0.7500000000000001], [0.0, 0.0, 1.0, 0.54], [0.0, 0.0, 0.0, 1.0]]}], "support_z_m": 0.6000000000000001, "supported": true, "tolerance_m": 0.0, "unsupported_area_m2": 0}, "vertical_correction_m": -0.02488690108224123}, "release_pose_world": [[9.688084473546965e-06, -0.00018971496930788765, 0.9999999819571855, -0.35993292927742004], [5.9989372732539153e-05, 0.9999999802048629, 0.0001897143877933248, -0.6100566983222961], [-0.9999999981537081, 5.9987533681147255e-05, 9.699465163715004e-06, 0.9249003529548645], [0.0, 0.0, 0.0, 1.0]]}, "actual_rest_start_gate": [{"actual_q_rad": [-0.5284243822097778, 0.09455489367246628, -0.21062441170215607, -3.141669273376465, 1.265438199043274, 0.5286921262741089], "actual_qd_rad_s": [-0.00020927404693793505, -0.0017459072405472398, 0.018089156597852707, -0.0009250292205251753, 0.015279265120625496, 0.00021925019973423332], "error_rad": 4.260241985321045e-05, "hold": true, "position_derived_speed_rad_s": null, "reason": null, "reported_velocity_tolerance_rad_s": 0.03, "speed_rad_s": 0.018089156597852707, "time_s": 0.0}, {"actual_q_rad": [-0.5284243822097778, 0.09455489367246628, -0.21062441170215607, -3.141669273376465, 1.265438199043274, 0.5286921858787537], "actual_qd_rad_s": [-0.00020927585137542337, -0.0017458827933296561, 0.01808921806514263, -0.0009250331204384565, 0.015279355458915234, 0.0002199602749897167], "error_rad": 4.260241985321045e-05, "hold": true, "position_derived_speed_rad_s": 1.430511474609375e-05, "reason": null, "reported_velocity_tolerance_rad_s": 0.03, "speed_rad_s": 0.01808921806514263, "time_s": 0.004166666666666667}, {"actual_q_rad": [-0.5284243822097778, 0.09455489367246628, -0.21062441170215607, -3.141669273376465, 1.265438199043274, 0.5286921262741089], "actual_qd_rad_s": [-0.0002092743816319853, -0.0017458958318457007, 0.01808915100991726, -0.0009250285802409053, 0.015279264189302921, 0.00021925009787082672], "error_rad": 4.260241985321045e-05, "hold": true, "position_derived_speed_rad_s": 1.430511474609375e-05, "reason": null, "reported_velocity_tolerance_rad_s": 0.03, "speed_rad_s": 0.01808915100991726, "time_s": 0.008333333333333333}, {"actual_q_rad": [-0.5284243822097778, 0.09455489367246628, -0.21062441170215607, -3.141669273376465, 1.265438199043274, 0.5286921858787537], "actual_qd_rad_s": [-0.000209276273380965, -0.0017458742950111628, 0.018089214339852333, -0.0009250311995856464, 0.01527935266494751, 0.0002199600712629035], "error_rad": 4.260241985321045e-05, "hold": true, "position_derived_speed_rad_s": 1.4305114746093747e-05, "reason": null, "reported_velocity_tolerance_rad_s": 0.03, "speed_rad_s": 0.018089214339852333, "time_s": 0.0125}, {"actual_q_rad": [-0.5284243822097778, 0.09455489367246628, -0.21062441170215607, -3.141669273376465, 1.265438199043274, 0.5286921262741089], "actual_qd_rad_s": [-0.00020927480363752693, -0.0017458872171118855, 0.01808914914727211, -0.000925028114579618, 0.015279256738722324, 0.00021925017063040286], "error_rad": 4.260241985321045e-05, "hold": true, "position_derived_speed_rad_s": 1.4305114746093753e-05, "reason": null, "reported_velocity_tolerance_rad_s": 0.03, "speed_rad_s": 0.01808914914727211, "time_s": 0.016666666666666666}, {"actual_q_rad": [-0.5284243822097778, 0.09455489367246628, -0.21062441170215607, -3.141669273376465, 1.265438199043274, 0.5286921858787537], "actual_qd_rad_s": [-0.000209276782697998, -0.001745865447446704, 0.018089212477207184, -0.0009250327711924911, 0.015279355458915234, 0.000219960420508869], "error_rad": 4.260241985321045e-05, "hold": true, "position_derived_speed_rad_s": 1.4305114746093753e-05, "reason": null, "reported_velocity_tolerance_rad_s": 0.03, "speed_rad_s": 0.018089212477207184, "time_s": 0.020833333333333332}, {"actual_q_rad": [-0.5284243822097778, 0.09455489367246628, -0.21062441170215607, -3.141669273376465, 1.265438199043274, 0.5286921262741089], "actual_qd_rad_s": [-0.00020927516743540764, -0.0017458798829466105, 0.01808914542198181, -0.0009250277071259916, 0.015279266983270645, 0.0002192501851823181], "error_rad": 4.260241985321045e-05, "hold": true, "position_derived_speed_rad_s": 1.4305114746093742e-05, "reason": null, "reported_velocity_tolerance_rad_s": 0.03, "speed_rad_s": 0.01808914542198181, "time_s": 0.025}, {"actual_q_rad": [-0.5284243822097778, 0.09455489367246628, -0.21062441170215607, -3.141669273376465, 1.265438199043274, 0.5286921858787537], "actual_qd_rad_s": [-0.0002092770446324721, -0.0017458588117733598, 0.018089208751916885, -0.0009250317816622555, 0.015279351733624935, 0.0002199601731263101], "error_rad": 4.260241985321045e-05, "hold": true, "position_derived_speed_rad_s": 1.4305114746093753e-05, "reason": null, "reported_velocity_tolerance_rad_s": 0.03, "speed_rad_s": 0.018089208751916885, "time_s": 0.029166666666666667}, {"actual_q_rad": [-0.5284243822097778, 0.09455489367246628, -0.21062441170215607, -3.141669273376465, 1.265438199043274, 0.5286921262741089], "actual_qd_rad_s": [-0.00020927547302562743, -0.0017458733636885881, 0.018089141696691513, -0.0009250282892026007, 0.015279260464012623, 0.00021925030159763992], "error_rad": 4.260241985321045e-05, "hold": true, "position_derived_speed_rad_s": 1.4305114746093753e-05, "reason": null, "reported_velocity_tolerance_rad_s": 0.03, "speed_rad_s": 0.018089141696691513, "time_s": 0.03333333333333333}, {"actual_q_rad": [-0.5284243822097778, 0.09455489367246628, -0.21062441170215607, -3.141669273376465, 1.265438199043274, 0.5286921858787537], "actual_qd_rad_s": [-0.00020927746663801372, -0.0017458534566685557, 0.018089203163981438, -0.0009250331204384565, 0.015279344283044338, 0.00021996028954163194], "error_rad": 4.260241985321045e-05, "hold": true, "position_derived_speed_rad_s": 1.4305114746093753e-05, "reason": null, "reported_velocity_tolerance_rad_s": 0.03, "speed_rad_s": 0.018089203163981438, "time_s": 0.0375}, {"actual_q_rad": [-0.5284243822097778, 0.09455489367246628, -0.21062441170215607, -3.141669273376465, 1.265438199043274, 0.5286921262741089], "actual_qd_rad_s": [-0.00020927573496010154, -0.001745867426507175, 0.018089139834046364, -0.0009250293369404972, 0.01527926605194807, 0.00021925001055933535], "error_rad": 4.260241985321045e-05, "hold": true, "position_derived_speed_rad_s": 1.4305114746093753e-05, "reason": null, "reported_velocity_tolerance_rad_s": 0.03, "speed_rad_s": 0.018089139834046364, "time_s": 0.041666666666666664}, {"actual_q_rad": [-0.5284243822097778, 0.09455489367246628, -0.21062441170215607, -3.141669273376465, 1.265438199043274, 0.5286921858787537], "actual_qd_rad_s": [-0.0002092775102937594, -0.0017458477523177862, 0.01808919943869114, -0.0009250321891158819, 0.015279351733624935, 0.00021996002760715783], "error_rad": 4.260241985321045e-05, "hold": true, "position_derived_speed_rad_s": 1.4305114746093753e-05, "reason": null, "reported_velocity_tolerance_rad_s": 0.03, "speed_rad_s": 0.01808919943869114, "time_s": 0.04583333333333333}, {"actual_q_rad": [-0.5284243822097778, 0.09455489367246628, -0.21062441170215607, -3.141669273376465, 1.265438199043274, 0.5286921262741089], "actual_qd_rad_s": [-0.0002092756622005254, -0.001745862071402371, 0.018089136108756065, -0.0009250264265574515, 0.015279264189302921, 0.00021924999600742012], "error_rad": 4.260241985321045e-05, "hold": true, "position_derived_speed_rad_s": 1.430511474609373e-05, "reason": null, "reported_velocity_tolerance_rad_s": 0.03, "speed_rad_s": 0.018089136108756065, "time_s": 0.05}, {"actual_q_rad": [-0.5284243822097778, 0.09455489367246628, -0.21062441170215607, -3.141669273376465, 1.265438199043274, 0.5286921858787537], "actual_qd_rad_s": [-0.00020927777222823352, -0.001745843910612166, 0.018089191988110542, -0.0009250315488316119, 0.015279354527592659, 0.00021996005671098828], "error_rad": 4.260241985321045e-05, "hold": true, "position_derived_speed_rad_s": 1.4305114746093753e-05, "reason": null, "reported_velocity_tolerance_rad_s": 0.03, "speed_rad_s": 0.018089191988110542, "time_s": 0.05416666666666667}, {"actual_q_rad": [-0.5284243822097778, 0.09455489367246628, -0.21062441170215607, -3.141669273376465, 1.265438199043274, 0.5286921262741089], "actual_qd_rad_s": [-0.00020927585137542337, -0.001745856599882245, 0.018089134246110916, -0.0009250277071259916, 0.015279266983270645, 0.00021925006876699626], "error_rad": 4.260241985321045e-05, "hold": true, "position_derived_speed_rad_s": 1.4305114746093753e-05, "reason": null, "reported_velocity_tolerance_rad_s": 0.03, "speed_rad_s": 0.018089134246110916, "time_s": 0.058333333333333334}, {"actual_q_rad": [-0.5284243822097778, 0.09455489367246628, -0.21062441170215607, -3.141669273376465, 1.265438199043274, 0.5286921858787537], "actual_qd_rad_s": [-0.00020927799050696194, -0.0017458385555073619, 0.01808919757604599, -0.0009250332950614393, 0.015279349870979786, 0.0002199602749897167], "error_rad": 4.260241985321045e-05, "hold": true, "position_derived_speed_rad_s": 1.4305114746093753e-05, "reason": null, "reported_velocity_tolerance_rad_s": 0.03, "speed_rad_s": 0.01808919757604599, "time_s": 0.0625}, {"actual_q_rad": [-0.5284243822097778, 0.09455489367246628, -0.21062441170215607, -3.141669273376465, 1.265438199043274, 0.5286921262741089], "actual_qd_rad_s": [-0.00020927624427713454, -0.0017458542715758085, 0.018089132383465767, -0.0009250286966562271, 0.015279262326657772, 0.000219250243389979], "error_rad": 4.260241985321045e-05, "hold": true, "position_derived_speed_rad_s": 1.4305114746093753e-05, "reason": null, "reported_velocity_tolerance_rad_s": 0.03, "speed_rad_s": 0.018089132383465767, "time_s": 0.06666666666666667}, {"actual_q_rad": [-0.5284243822097778, 0.09455489367246628, -0.21062441170215607, -3.141669273376465, 1.265438199043274, 0.5286921858787537], "actual_qd_rad_s": [-0.00020927825244143605, -0.0017458372749388218, 0.018089191988110542, -0.0009250313742086291, 0.01527935266494751, 0.0002199602749897167], "error_rad": 4.260241985321045e-05, "hold": true, "position_derived_speed_rad_s": 1.4305114746093753e-05, "reason": null, "reported_velocity_tolerance_rad_s": 0.03, "speed_rad_s": 0.018089191988110542, "time_s": 0.07083333333333333}, {"actual_q_rad": [-0.5284243822097778, 0.09455489367246628, -0.21062441170215607, -3.141669273376465, 1.265438199043274, 0.5286921262741089], "actual_qd_rad_s": [-0.00020927641890011728, -0.0017458517104387283, 0.018089132383465767, -0.0009250288712792099, 0.01527926605194807, 0.00021924996690358967], "error_rad": 4.260241985321045e-05, "hold": true, "position_derived_speed_rad_s": 1.4305114746093753e-05, "reason": null, "reported_velocity_tolerance_rad_s": 0.03, "speed_rad_s": 0.018089132383465767, "time_s": 0.075}, {"actual_q_rad": [-0.5284243822097778, 0.09455489367246628, -0.21062441170215607, -3.141669273376465, 1.265438199043274, 0.5286921858787537], "actual_qd_rad_s": [-0.00020927857258357108, -0.001745836460031569, 0.018089190125465393, -0.000925032130908221, 0.015279348939657211, 0.0002199600130552426], "error_rad": 4.260241985321045e-05, "hold": true, "position_derived_speed_rad_s": 1.4305114746093753e-05, "reason": null, "reported_velocity_tolerance_rad_s": 0.03, "speed_rad_s": 0.018089190125465393, "time_s": 0.07916666666666666}, {"actual_q_rad": [-0.5284243822097778, 0.09455489367246628, -0.21062441170215607, -3.141669273376465, 1.265438199043274, 0.5286921262741089], "actual_qd_rad_s": [-0.0002092765789711848, -0.00174585054628551, 0.018089130520820618, -0.000925028114579618, 0.015279265120625496, 0.00021925009787082672], "error_rad": 4.260241985321045e-05, "hold": true, "position_derived_speed_rad_s": 1.4305114746093753e-05, "reason": null, "reported_velocity_tolerance_rad_s": 0.03, "speed_rad_s": 0.018089130520820618, "time_s": 0.08333333333333333}, {"actual_q_rad": [-0.5284243822097778, 0.09455489367246628, -0.21062441170215607, -3.141669273376465, 1.265438199043274, 0.5286921858787537], "actual_qd_rad_s": [-0.0002092787908622995, -0.0017458354122936726, 0.018089191988110542, -0.0009250325383618474, 0.015279347077012062, 0.00021996023133397102], "error_rad": 4.260241985321045e-05, "hold": true, "position_derived_speed_rad_s": 1.4305114746093753e-05, "reason": null, "reported_velocity_tolerance_rad_s": 0.03, "speed_rad_s": 0.018089191988110542, "time_s": 0.0875}, {"actual_q_rad": [-0.5284243822097778, 0.09455489367246628, -0.21062441170215607, -3.141669273376465, 1.265438199043274, 0.5286921262741089], "actual_qd_rad_s": [-0.00020927698642481118, -0.0017458507791161537, 0.018089130520820618, -0.0009250296279788017, 0.015279262326657772, 0.00021925009787082672], "error_rad": 4.260241985321045e-05, "hold": true, "position_derived_speed_rad_s": 1.4305114746093753e-05, "reason": null, "reported_velocity_tolerance_rad_s": 0.03, "speed_rad_s": 0.018089130520820618, "time_s": 0.09166666666666666}, {"actual_q_rad": [-0.5284243822097778, 0.09455489367246628, -0.21062441170215607, -3.141669273376465, 1.265438199043274, 0.5286921858787537], "actual_qd_rad_s": [-0.00020927895093336701, -0.0017458354122936726, 0.018089190125465393, -0.0009250320144928992, 0.01527935266494751, 0.0002199601149186492], "error_rad": 4.260241985321045e-05, "hold": true, "position_derived_speed_rad_s": 1.4305114746093753e-05, "reason": null, "reported_velocity_tolerance_rad_s": 0.03, "speed_rad_s": 0.018089190125465393, "time_s": 0.09583333333333333}, {"actual_q_rad": [-0.5284243822097778, 0.09455489367246628, -0.21062441170215607, -3.141669273376465, 1.265438199043274, 0.5286921262741089], "actual_qd_rad_s": [-0.0002092770009767264, -0.0017458510119467974, 0.01808912865817547, -0.0009250268340110779, 0.015279264189302921, 0.00021924996690358967], "error_rad": 4.260241985321045e-05, "hold": true, "position_derived_speed_rad_s": 1.4305114746093706e-05, "reason": null, "reported_velocity_tolerance_rad_s": 0.03, "speed_rad_s": 0.01808912865817547, "time_s": 0.1}, {"actual_q_rad": [-0.5284243822097778, 0.09455489367246628, -0.21062441170215607, -3.141669273376465, 1.265438199043274, 0.5286921858787537], "actual_qd_rad_s": [-0.0002092791983159259, -0.0017458356451243162, 0.018089188262820244, -0.0009250330040231347, 0.015279349870979786, 0.00021996028954163194], "error_rad": 4.260241985321045e-05, "hold": false, "position_derived_speed_rad_s": 1.4305114746093753e-05, "reason": null, "reported_velocity_tolerance_rad_s": 0.03, "speed_rad_s": 0.018089188262820244, "time_s": 0.10416666666666667}], "actual_stack_contact_monitor": {"box_box_physics_enabled": true, "contact_force_channel": "NOT_USED_BY_GEOMETRIC_DISTURBANCE_MONITOR", "first_free_space_time_s": 60.916666666666664, "free_space_reached": true, "observations": 44948, "peak_actual_penetration_m": null, "peak_neighbor_displacement_m": 0.020826753954769895, "peak_neighbor_tilt_rad": 0.0022524031489032075, "peak_sat_overlap_bound_m": 5.152936383506779e-06}, "app_startup_wall_seconds": 7.923466093838215, "archive_initialization": {"historical_counts": {"actual_received": 0, "ideal_received": 3, "outfed": 3, "processed": 3}, "historical_events_counted_as_new_task_completion": false, "initial_binding": {"accepted": true, "recording_output_changed": false, "retained_carton_count": 37, "scene_restored_or_teleported": false, "world_session_id": "1790577723.9653654"}, "new_world_session_id": "1790577723.9653654", "source_actual_state_fingerprint": "6d9f6350eb92259e1f163e3721507fb7854ada35737221dd4a74489988eda716", "source_world_session_id": "1789875150.9359868", "world_scope": "NEW_WORLD_RECONSTRUCTED_FROM_ARCHIVED_ACTUAL_STATE"}, "assumed_reception_state": {"angular_velocity_rad_s": [0.0012997526209801435, 0.0013699850533157587, 0.0003350811603013426], "linear_velocity_m_s": [0.00027193152345716953, -0.00024157308507710695, -0.18376369774341583], "position_m": [-0.35992926359176636, -0.6100643277168274, 0.9227736592292786], "region": {"accepted": true, "actual_release_pose_world": [[9.688084473546965e-06, -0.00018971496930788765, 0.9999999819571855, -0.35993292927742004], [5.9989372732539153e-05, 0.9999999802048629, 0.0001897143877933248, -0.6100566983222961], [-0.9999999981537081, 5.9987533681147255e-05, 9.699465163715004e-06, 0.9249003529548645], [0.0, 0.0, 0.0, 1.0]], "actual_top_contact_observed": false, "current_takeover_pose_world": [[-9.195770766412537e-06, -0.00019607972343992425, 0.9999999807340897, -0.35992926359176636], [7.913129643389598e-05, 0.9999999776453472, 0.00019608045050756095, -0.6100643277168274], [-0.9999999968268377, 7.91330980202342e-05, -9.180254518126318e-06, 0.9227736592292786], [0.0, 0.0, 0.0, 1.0]], "gap_m": 0.02275645652344549, "height_policy": {"gravity_m_s2": 9.81, "ideal_release_height_reserve_m": 0.005, "ideal_release_max_height_m": 0.05, "ideal_release_min_height_m": 0.02, "maximum_angular_speed_rad_s": 0.08, "maximum_drop_m": 0.05, "maximum_flight_s": 0.25, "maximum_landing_speed_m_s": 1.1, "position_uncertainty_m": 0.002, "prediction_step_s": 0.005, "velocity_uncertainty_m_s": 0.01}, "physical_landing_qualified": false, "reason": "VALIDATED_POST_RELEASE_TRANSITION", "reception_pose_world": [[-9.195770766412537e-06, -0.00019607972343992425, 0.9999999807340897, -0.35992926359176636], [7.913129643389598e-05, 0.9999999776453472, 0.00019608045050756095, -0.6100643277168274], [-0.9999999968268377, 7.91330980202342e-05, -9.180254518126318e-06, 0.9000172027058331], [0.0, 0.0, 0.0, 1.0]], "support": {"actual_box_pose": [[-9.195770766412537e-06, -0.00019607972343992425, 0.9999999807340897, -0.35992926359176636], [7.913129643389598e-05, 0.9999999776453472, 0.00019608045050756095, -0.6100643277168274], [-0.9999999968268377, 7.91330980202342e-05, -9.180254518126318e-06, 0.9227736592292786], [0.0, 0.0, 0.0, 1.0]], "edge_tolerance_m": 0.002, "footprint_area_m2": 0.11999999961922059, "payload_half_extents_m": [0.3, 0.2, 0.15], "physical_support_observed": false, "reason": "IDEAL_FOOTPRINT_COVERED", "receiver_names": ["conveyor_longitudinal"], "schema": "ideal_receiver_projection_v1", "support_face_local_axis": 0, "support_face_local_sign": 1, "support_obbs": [{"category": "conveyor", "half_extents_m": [0.35, 0.75, 0.06], "name": "conveyor_transverse", "pose_world": [[1.0, 0.0, 0.0, -0.55], [0.0, 1.0, 0.0, 0.35], [0.0, 0.0, 1.0, 0.54], [0.0, 0.0, 0.0, 1.0]]}, {"category": "conveyor", "half_extents_m": [1.4, 0.35, 0.06], "name": "conveyor_longitudinal", "pose_world": [[1.0, 0.0, 0.0, -1.6], [0.0, 1.0, 0.0, -0.7500000000000001], [0.0, 0.0, 1.0, 0.54], [0.0, 0.0, 0.0, 1.0]]}], "support_z_m": 0.6000000000000001, "supported": true, "tolerance_m": 0.0, "unsupported_area_m2": 0}, "vertical_correction_m": -0.02275645652344549}, "release_handoff_evidence": {"context": {"receiver": "conveyor_longitudinal", "target": "carton_l07_c04", "task_id": "0", "transport_policy": {"downstream_capacity": "assumed_sufficient", "evaluate_post_landing_environment_collisions": false, "evaluate_tipping": false, "mode": "ideal_outfeed", "output_plane": {"direction": "-X", "name": "trailer_opening_x", "x_m": -3.2}, "reception_mode": "ideal", "tail_protection_enabled": false}, "world_id": "1790577723.9653654"}, "release": {"audit": {"accepted": true, "actual_landing_state": null, "actual_support": null, "angular_velocity_rad_s": [0.0021324120461940765, 0.0023823133669793606, -0.0004463016812223941], "flight_time_s": 0.0, "height_m": 0.02488690108224123, "landing_support": {"actual_box_pose": [[9.688084473546965e-06, -0.00018971496930788765, 0.9999999819571855, -0.35993292927742004], [5.9989372732539153e-05, 0.9999999802048629, 0.0001897143877933248, -0.6100566983222961], [-0.9999999981537081, 5.9987533681147255e-05, 9.699465163715004e-06, 0.9249003529548645], [0.0, 0.0, 0.0, 1.0]], "edge_tolerance_m": 0.002, "footprint_area_m2": 0.11999999977844494, "payload_half_extents_m": [0.3, 0.2, 0.15], "physical_support_observed": false, "reason": "IDEAL_FOOTPRINT_COVERED", "receiver_names": ["conveyor_longitudinal"], "schema": "ideal_receiver_projection_v1", "support_face_local_axis": 0, "support_face_local_sign": 1, "support_obbs": [{"category": "conveyor", "half_extents_m": [0.35, 0.75, 0.06], "name": "conveyor_transverse", "pose_world": [[1.0, 0.0, 0.0, -0.55], [0.0, 1.0, 0.0, 0.35], [0.0, 0.0, 1.0, 0.54], [0.0, 0.0, 0.0, 1.0]]}, {"category": "conveyor", "half_extents_m": [1.4, 0.35, 0.06], "name": "conveyor_longitudinal", "pose_world": [[1.0, 0.0, 0.0, -1.6], [0.0, 1.0, 0.0, -0.7500000000000001], [0.0, 0.0, 1.0, 0.54], [0.0, 0.0, 0.0, 1.0]]}], "support_z_m": 0.6000000000000001, "supported": true, "tolerance_m": 0.0, "unsupported_area_m2": 0}, "linear_velocity_m_s": [0.0003983229980804026, -0.00036246562376618385, 0.02029033564031124], "mode": "IDEAL_RECEPTION_RELEASE", "policy": {"gravity_m_s2": 9.81, "ideal_release_height_reserve_m": 0.005, "ideal_release_max_height_m": 0.05, "ideal_release_min_height_m": 0.02, "maximum_angular_speed_rad_s": 0.08, "maximum_drop_m": 0.05, "maximum_flight_s": 0.25, "maximum_landing_speed_m_s": 1.1, "position_uncertainty_m": 0.002, "prediction_step_s": 0.005, "velocity_uncertainty_m_s": 0.01}, "predicted_landing_pose_world": [[9.688084473546965e-06, -0.00018971496930788765, 0.9999999819571855, -0.35993292927742004], [5.9989372732539153e-05, 0.9999999802048629, 0.0001897143877933248, -0.6100566983222961], [-0.9999999981537081, 5.9987533681147255e-05, 9.699465163715004e-06, 0.9000134518726233], [0.0, 0.0, 0.0, 1.0]], "prediction_source": "BOUNDED_IDEAL_RECEPTION_REGION_NOT_PHYSICAL_LANDING", "reason": "IDEAL_RECEPTION_REGION_ACCEPTED", "reception_region": {"accepted": true, "actual_release_pose_world": [[9.688084473546965e-06, -0.00018971496930788765, 0.9999999819571855, -0.35993292927742004], [5.9989372732539153e-05, 0.9999999802048629, 0.0001897143877933248, -0.6100566983222961], [-0.9999999981537081, 5.9987533681147255e-05, 9.699465163715004e-06, 0.9249003529548645], [0.0, 0.0, 0.0, 1.0]], "actual_top_contact_observed": false, "gap_m": 0.02488690108224123, "height_policy": {"gravity_m_s2": 9.81, "ideal_release_height_reserve_m": 0.005, "ideal_release_max_height_m": 0.05, "ideal_release_min_height_m": 0.02, "maximum_angular_speed_rad_s": 0.08, "maximum_drop_m": 0.05, "maximum_flight_s": 0.25, "maximum_landing_speed_m_s": 1.1, "position_uncertainty_m": 0.002, "prediction_step_s": 0.005, "velocity_uncertainty_m_s": 0.01}, "physical_landing_qualified": false, "reason": "IDEAL_RECEPTION_REGION_ACCEPTED", "reception_pose_world": [[9.688084473546965e-06, -0.00018971496930788765, 0.9999999819571855, -0.35993292927742004], [5.9989372732539153e-05, 0.9999999802048629, 0.0001897143877933248, -0.6100566983222961], [-0.9999999981537081, 5.9987533681147255e-05, 9.699465163715004e-06, 0.9000134518726233], [0.0, 0.0, 0.0, 1.0]], "support": {"actual_box_pose": [[9.688084473546965e-06, -0.00018971496930788765, 0.9999999819571855, -0.35993292927742004], [5.9989372732539153e-05, 0.9999999802048629, 0.0001897143877933248, -0.6100566983222961], [-0.9999999981537081, 5.9987533681147255e-05, 9.699465163715004e-06, 0.9249003529548645], [0.0, 0.0, 0.0, 1.0]], "edge_tolerance_m": 0.002, "footprint_area_m2": 0.11999999977844494, "payload_half_extents_m": [0.3, 0.2, 0.15], "physical_support_observed": false, "reason": "IDEAL_FOOTPRINT_COVERED", "receiver_names": ["conveyor_longitudinal"], "schema": "ideal_receiver_projection_v1", "support_face_local_axis": 0, "support_face_local_sign": 1, "support_obbs": [{"category": "conveyor", "half_extents_m": [0.35, 0.75, 0.06], "name": "conveyor_transverse", "pose_world": [[1.0, 0.0, 0.0, -0.55], [0.0, 1.0, 0.0, 0.35], [0.0, 0.0, 1.0, 0.54], [0.0, 0.0, 0.0, 1.0]]}, {"category": "conveyor", "half_extents_m": [1.4, 0.35, 0.06], "name": "conveyor_longitudinal", "pose_world": [[1.0, 0.0, 0.0, -1.6], [0.0, 1.0, 0.0, -0.7500000000000001], [0.0, 0.0, 1.0, 0.54], [0.0, 0.0, 0.0, 1.0]]}], "support_z_m": 0.6000000000000001, "supported": true, "tolerance_m": 0.0, "unsupported_area_m2": 0}, "vertical_correction_m": -0.02488690108224123}, "release_pose_world": [[9.688084473546965e-06, -0.00018971496930788765, 0.9999999819571855, -0.35993292927742004], [5.9989372732539153e-05, 0.9999999802048629, 0.0001897143877933248, -0.6100566983222961], [-0.9999999981537081, 5.9987533681147255e-05, 9.699465163715004e-06, 0.9249003529548645], [0.0, 0.0, 0.0, 1.0]]}, "measurement": {"angular_velocity": [0.0021324120461940765, 0.0023823133669793606, -0.0004463016812223941], "current_cartons": [{"angular_velocity_rad_s": [0.0, 0.0, 0.0], "center_m": [0.3000170588493347, -0.8400931358337402, 0.1500009149312973], "linear_velocity_m_s": [0.0, 0.0, 0.0], "mass_kg": 42.5, "name": "carton_l00_c00", "prim_path": "/Validation/Scene/carton_l00_c00", "quaternion_wxyz": [1.0, 5.996738764224574e-06, -4.294523023418151e-06, -1.0374270459578838e-05], "size_m": [0.6, 0.4, 0.3]}, {"angular_velocity_rad_s": [0.0, 0.0, 0.0], "center_m": [0.2999294102191925, -0.42007413506507874, 0.15000054240226746], "linear_velocity_m_s": [0.0, 0.0, 0.0], "mass_kg": 42.5, "name": "carton_l00_c01", "prim_path": "/Validation/Scene/carton_l00_c01", "quaternion_wxyz": [1.0, 4.278733740648022e-06, -2.350278691665153e-06, 6.962824045331217e-06], "size_m": [0.6, 0.4, 0.3]}, {"angular_velocity_rad_s": [0.0, 0.0, 0.0], "center_m": [0.2999831736087799, -0.00018912680388893932, 0.15000100433826447], "linear_velocity_m_s": [0.0, 0.0, 0.0], "mass_kg": 42.5, "name": "carton_l00_c02", "prim_path": "/Validation/Scene/carton_l00_c02", "quaternion_wxyz": [1.0, 1.9773786334553733e-05, -1.2110842362744734e-05, -1.0352840945415664e-05], "size_m": [0.6, 0.4, 0.3]}, {"angular_velocity_rad_s": [0.0, 0.0, 0.0], "center_m": [0.29996612668037415, 0.41987690329551697, 0.15000052750110626], "linear_velocity_m_s": [0.0, 0.0, 0.0], "mass_kg": 42.5, "name": "carton_l00_c03", "prim_path": "/Validation/Scene/carton_l00_c03", "quaternion_wxyz": [1.0, 2.000238237087615e-05, -1.2224792044435162e-05, -8.004440132935997e-06], "size_m": [0.6, 0.4, 0.3]}, {"angular_velocity_rad_s": [0.0, 0.0, 0.0], "center_m": [0.2999745011329651, 0.8398594260215759, 0.15000084042549133], "linear_velocity_m_s": [0.0, 0.0, 0.0], "mass_kg": 42.5, "name": "carton_l00_c04", "prim_path": "/Validation/Scene/carton_l00_c04", "quaternion_wxyz": [1.0, 2.7949952709604986e-05, -1.6361629604944028e-05, -1.3008688256377354e-05], "size_m": [0.6, 0.4, 0.3]}, {"angular_velocity_rad_s": [0.0, 0.0, 0.0], "center_m": [0.3001517057418823, -0.8402995467185974, 0.45000892877578735], "linear_velocity_m_s": [0.0, 0.0, 0.0], "mass_kg": 42.5, "name": "carton_l01_c00", "prim_path": "/Validation/Scene/carton_l01_c00", "quaternion_wxyz": [1.0, -1.1147690202051308e-06, 3.807963821600424e-06, -1.6156125639099628e-05], "size_m": [0.6, 0.4, 0.3]}, {"angular_velocity_rad_s": [0.0, 0.0, 0.0], "center_m": [0.2996756434440613, -0.4200263023376465, 0.4500087797641754], "linear_velocity_m_s": [0.0, 0.0, 0.0], "mass_kg": 42.5, "name": "carton_l01_c01", "prim_path": "/Validation/Scene/carton_l01_c01", "quaternion_wxyz": [1.0, 5.438961125037167e-06, 1.353855054730957e-07, 3.837752956314944e-05], "size_m": [0.6, 0.4, 0.3]}, {"angular_velocity_rad_s": [0.0, 0.0, 0.0], "center_m": [0.30012476444244385, -0.00046056872815825045, 0.45002099871635437], "linear_velocity_m_s": [0.0, 0.0, 0.0], "mass_kg": 42.5, "name": "carton_l01_c02", "prim_path": "/Validation/Scene/carton_l01_c02", "quaternion_wxyz": [1.0, 2.760072675300762e-05, -2.180708179366775e-06, 1.505901036580326e-05], "size_m": [0.6, 0.4, 0.3]}, {"angular_velocity_rad_s": [0.0, 0.0, 0.0], "center_m": [0.2999613285064697, 0.419653058052063, 0.45000985264778137], "linear_velocity_m_s": [0.0, 0.0, 0.0], "mass_kg": 42.5, "name": "carton_l01_c03", "prim_path": "/Validation/Scene/carton_l01_c03", "quaternion_wxyz": [1.0, 6.909494004503358e-06, 3.985196030953375e-07, -1.790541864465922e-05], "size_m": [0.6, 0.4, 0.3]}, {"angular_velocity_rad_s": [0.0, 0.0, 0.0], "center_m": [0.29995977878570557, 0.8395826816558838, 0.45001736283302307], "linear_velocity_m_s": [0.0, 0.0, 0.0], "mass_kg": 42.5, "name": "carton_l01_c04", "prim_path": "/Validation/Scene/carton_l01_c04", "quaternion_wxyz": [1.0, 8.439964403805789e-06, -6.509905233542668e-06, -3.3146316127385944e-05], "size_m": [0.6, 0.4, 0.3]}, {"angular_velocity_rad_s": [0.0, 0.0, 0.0], "center_m": [0.3002105951309204, -0.8403475880622864, 0.750011682510376], "linear_velocity_m_s": [0.0, 0.0, 0.0], "mass_kg": 42.5, "name": "carton_l02_c00", "prim_path": "/Validation/Scene/carton_l02_c00", "quaternion_wxyz": [1.0, -6.368061349348864e-06, -4.094722044101218e-06, -1.3954548194305971e-05], "size_m": [0.6, 0.4, 0.3]}, {"angular_velocity_rad_s": [0.0, 0.0, 0.0], "center_m": [0.29937100410461426, -0.41969865560531616, 0.7500169277191162], "linear_velocity_m_s": [0.0, 0.0, 0.0], "mass_kg": 42.5, "name": "carton_l02_c01", "prim_path": "/Validation/Scene/carton_l02_c01", "quaternion_wxyz": [1.0, 4.719613571069203e-06, 1.5172197436186252e-06, 5.265786967356689e-05], "size_m": [0.6, 0.4, 0.3]}, {"angular_velocity_rad_s": [0.0, 0.0, 0.0], "center_m": [0.3003236651420593, -0.00044631920172832906, 0.7500404119491577], "linear_velocity_m_s": [0.0, 0.0, 0.0], "mass_kg": 42.5, "name": "carton_l02_c02", "prim_path": "/Validation/Scene/carton_l02_c02", "quaternion_wxyz": [1.0, -3.087162258452736e-05, 1.1423114301578607e-05, 3.497497164062224e-05], "size_m": [0.6, 0.4, 0.3]}, {"angular_velocity_rad_s": [0.0, 0.0, 0.0], "center_m": [0.2999940514564514, 0.41962680220603943, 0.7500329613685608], "linear_velocity_m_s": [0.0, 0.0, 0.0], "mass_kg": 42.5, "name": "carton_l02_c03", "prim_path": "/Validation/Scene/carton_l02_c03", "quaternion_wxyz": [1.0, -2.8618876967811957e-05, 6.2362905737245455e-06, -1.8348517187405378e-05], "size_m": [0.6, 0.4, 0.3]}, {"angular_velocity_rad_s": [0.0, 0.0, 0.0], "center_m": [0.2999827563762665, 0.8395511507987976, 0.7500432729721069], "linear_velocity_m_s": [0.0, 0.0, 0.0], "mass_kg": 42.5, "name": "carton_l02_c04", "prim_path": "/Validation/Scene/carton_l02_c04", "quaternion_wxyz": [1.0, -4.331777381594293e-05, 1.646981036174111e-05, -3.5024466342292726e-05], "size_m": [0.6, 0.4, 0.3]}, {"angular_velocity_rad_s": [0.0, 0.0, 0.0], "center_m": [0.30029213428497314, -0.8402497172355652, 1.0500154495239258], "linear_velocity_m_s": [0.0, 0.0, 0.0], "mass_kg": 42.5, "name": "carton_l03_c00", "prim_path": "/Validation/Scene/carton_l03_c00", "quaternion_wxyz": [1.0, -7.76108936406672e-06, 8.633097422716673e-06, -3.4633992527233204e-06], "size_m": [0.6, 0.4, 0.3]}, {"angular_velocity_rad_s": [0.0, 0.0, 0.0], "center_m": [0.2995627224445343, -0.4195310175418854, 1.0500246286392212], "linear_velocity_m_s": [0.0, 0.0, 0.0], "mass_kg": 42.5, "name": "carton_l03_c01", "prim_path": "/Validation/Scene/carton_l03_c01", "quaternion_wxyz": [1.0, 2.756827370831161e-06, 6.538459160765342e-07, 5.788353519164957e-05], "size_m": [0.6, 0.4, 0.3]}, {"angular_velocity_rad_s": [0.0, 0.0, 0.0], "center_m": [0.30078840255737305, -0.0001610579784028232, 1.0500445365905762], "linear_velocity_m_s": [0.0, 0.0, 0.0], "mass_kg": 42.5, "name": "carton_l03_c02", "prim_path": "/Validation/Scene/carton_l03_c02", "quaternion_wxyz": [1.0, -1.6158875268956763e-06, -5.556407245421724e-07, 5.223268090048805e-05], "size_m": [0.6, 0.4, 0.3]}, {"angular_velocity_rad_s": [0.0, 0.0, 0.0], "center_m": [0.30014359951019287, 0.41983863711357117, 1.0500365495681763], "linear_velocity_m_s": [0.0, 0.0, 0.0], "mass_kg": 42.5, "name": "carton_l03_c03", "prim_path": "/Validation/Scene/carton_l03_c03", "quaternion_wxyz": [1.0, -1.2041434729326284e-06, -6.470248081313912e-06, -6.716146344842855e-06], "size_m": [0.6, 0.4, 0.3]}, {"angular_velocity_rad_s": [0.0, 0.0, 0.0], "center_m": [0.3001038432121277, 0.8397587537765503, 1.0500497817993164], "linear_velocity_m_s": [0.0, 0.0, 0.0], "mass_kg": 42.5, "name": "carton_l03_c04", "prim_path": "/Validation/Scene/carton_l03_c04", "quaternion_wxyz": [1.0, -6.419531473511597e-06, 3.010045475093648e-06, -2.0581403077812865e-05], "size_m": [0.6, 0.4, 0.3]}, {"angular_velocity_rad_s": [0.0, 0.0, 0.0], "center_m": [0.30041393637657166, -0.8401116132736206, 1.3500159978866577], "linear_velocity_m_s": [0.0, 0.0, 0.0], "mass_kg": 42.5, "name": "carton_l04_c00", "prim_path": "/Validation/Scene/carton_l04_c00", "quaternion_wxyz": [1.0, -1.3988037608214654e-06, 5.1393139983701985e-06, 7.7001359386486e-06], "size_m": [0.6, 0.4, 0.3]}, {"angular_velocity_rad_s": [0.0, 0.0, 0.0], "center_m": [0.2995685338973999, -0.418926864862442, 1.3500311374664307], "linear_velocity_m_s": [0.0, 0.0, 0.0], "mass_kg": 42.5, "name": "carton_l04_c01", "prim_path": "/Validation/Scene/carton_l04_c01", "quaternion_wxyz": [1.0, -8.342965884367004e-06, 4.269965359071648e-07, 3.3099706342909485e-05], "size_m": [0.6, 0.4, 0.3]}, {"angular_velocity_rad_s": [0.0, 0.0, 0.0], "center_m": [0.3017940819263458, 0.0003531992551870644, 1.350061297416687], "linear_velocity_m_s": [0.0, 0.0, 0.0], "mass_kg": 42.5, "name": "carton_l04_c02", "prim_path": "/Validation/Scene/carton_l04_c02", "quaternion_wxyz": [1.0, -2.219935595348943e-06, 1.2412188880261965e-05, 6.990251858951524e-05], "size_m": [0.6, 0.4, 0.3]}, {"angular_velocity_rad_s": [0.0, 0.0, 0.0], "center_m": [0.3003370463848114, 0.4201090335845947, 1.3500515222549438], "linear_velocity_m_s": [0.0, 0.0, 0.0], "mass_kg": 42.5, "name": "carton_l04_c03", "prim_path": "/Validation/Scene/carton_l04_c03", "quaternion_wxyz": [1.0, -2.427666913717985e-06, 8.393596544920001e-06, 9.54078586801188e-06], "size_m": [0.6, 0.4, 0.3]}, {"angular_velocity_rad_s": [0.0, 0.0, 0.0], "center_m": [0.30023202300071716, 0.8399906754493713, 1.3500739336013794], "linear_velocity_m_s": [0.0, 0.0, 0.0], "mass_kg": 42.5, "name": "carton_l04_c04", "prim_path": "/Validation/Scene/carton_l04_c04", "quaternion_wxyz": [1.0, -3.3040860216715373e-06, 4.310652457206743e-06, 5.166821665625321e-06], "size_m": [0.6, 0.4, 0.3]}, {"angular_velocity_rad_s": [0.0, 0.0, 0.0], "center_m": [0.30863267183303833, -0.8418313264846802, 1.650018572807312], "linear_velocity_m_s": [0.0, 0.0, 0.0], "mass_kg": 42.5, "name": "carton_l05_c00", "prim_path": "/Validation/Scene/carton_l05_c00", "quaternion_wxyz": [0.9999996423721313, 3.3352532113894995e-07, 1.2669319403357804e-05, -0.0008786754333414137], "size_m": [0.6, 0.4, 0.3]}, {"angular_velocity_rad_s": [0.0, 0.0, 0.0], "center_m": [0.29988816380500793, -0.4178119897842407, 1.650032877922058], "linear_velocity_m_s": [0.0, 0.0, 0.0], "mass_kg": 42.5, "name": "carton_l05_c01", "prim_path": "/Validation/Scene/carton_l05_c01", "quaternion_wxyz": [1.0, -2.8698154892481398e-06, -4.047369657200761e-07, 9.942942597263027e-06], "size_m": [0.6, 0.4, 0.3]}, {"angular_velocity_rad_s": [0.0, 0.0, 0.0], "center_m": [0.3030354976654053, 0.000646332569885999, 1.6500625610351562], "linear_velocity_m_s": [0.0, 0.0, 0.0], "mass_kg": 42.5, "name": "carton_l05_c02", "prim_path": "/Validation/Scene/carton_l05_c02", "quaternion_wxyz": [1.0, 1.1723031093424652e-05, 5.360882369132014e-06, 4.990074012312107e-05], "size_m": [0.6, 0.4, 0.3]}, {"angular_velocity_rad_s": [0.0, 0.0, 0.0], "center_m": [0.3010389506816864, 0.42046457529067993, 1.6500520706176758], "linear_velocity_m_s": [0.0, 0.0, 0.0], "mass_kg": 42.5, "name": "carton_l05_c03", "prim_path": "/Validation/Scene/carton_l05_c03", "quaternion_wxyz": [1.0, 1.1783898116846103e-05, 9.64732862485107e-07, -2.7304773539071903e-05], "size_m": [0.6, 0.4, 0.3]}, {"angular_velocity_rad_s": [0.0, 0.0, 0.0], "center_m": [0.3003174960613251, 0.8401376605033875, 1.6500768661499023], "linear_velocity_m_s": [0.0, 0.0, 0.0], "mass_kg": 42.5, "name": "carton_l05_c04", "prim_path": "/Validation/Scene/carton_l05_c04", "quaternion_wxyz": [1.0, 1.511441314505646e-05, -3.249550445616478e-06, 2.0923665942973457e-05], "size_m": [0.6, 0.4, 0.3]}, {"angular_velocity_rad_s": [0.0, 0.0, 0.0], "center_m": [0.3086722493171692, -0.841716468334198, 1.9500188827514648], "linear_velocity_m_s": [0.0, 0.0, 0.0], "mass_kg": 42.5, "name": "carton_l06_c00", "prim_path": "/Validation/Scene/carton_l06_c00", "quaternion_wxyz": [0.9999995827674866, 2.8665933768934337e-06, 1.1099733455921523e-05, -0.0008812182350084186], "size_m": [0.6, 0.4, 0.3]}, {"angular_velocity_rad_s": [0.0, 0.0, 0.0], "center_m": [0.3026474118232727, -0.4171749949455261, 1.9500346183776855], "linear_velocity_m_s": [0.0, 0.0, 0.0], "mass_kg": 42.5, "name": "carton_l06_c01", "prim_path": "/Validation/Scene/carton_l06_c01", "quaternion_wxyz": [0.9999991655349731, -4.589062882587314e-06, 5.426842335509718e-07, 0.0013390978565439582], "size_m": [0.6, 0.4, 0.3]}, {"angular_velocity_rad_s": [0.0, 0.0, 0.0], "center_m": [0.307615727186203, 0.00032905174884945154, 1.9500679969787598], "linear_velocity_m_s": [0.0, 0.0, 0.0], "mass_kg": 42.5, "name": "carton_l06_c02", "prim_path": "/Validation/Scene/carton_l06_c02", "quaternion_wxyz": [1.0, 9.10752987692831e-06, 4.647310561267659e-06, 0.00022523204097524285], "size_m": [0.6, 0.4, 0.3]}, {"angular_velocity_rad_s": [0.0, 0.0, 0.0], "center_m": [0.3204244077205658, 0.42741262912750244, 1.9500573873519897], "linear_velocity_m_s": [0.0, 0.0, 0.0], "mass_kg": 42.5, "name": "carton_l06_c03", "prim_path": "/Validation/Scene/carton_l06_c03", "quaternion_wxyz": [1.0, 1.559632619319018e-05, 2.9090047064528335e-06, -8.642089233035222e-05], "size_m": [0.6, 0.4, 0.3]}, {"angular_velocity_rad_s": [0.0, 0.0, 0.0], "center_m": [0.30042150616645813, 0.8402755260467529, 1.9500850439071655], "linear_velocity_m_s": [0.0, 0.0, 0.0], "mass_kg": 42.5, "name": "carton_l06_c04", "prim_path": "/Validation/Scene/carton_l06_c04", "quaternion_wxyz": [1.0, 2.206496719736606e-05, -5.182562745176256e-06, 3.6535144317895174e-05], "size_m": [0.6, 0.4, 0.3]}, {"angular_velocity_rad_s": [0.0, 0.0, 0.0], "center_m": [0.30850499868392944, -0.8431874513626099, 2.2500195503234863], "linear_velocity_m_s": [0.0, 0.0, 0.0], "mass_kg": 42.5, "name": "carton_l07_c00", "prim_path": "/Validation/Scene/carton_l07_c00", "quaternion_wxyz": [0.9999958276748657, 2.6207699193037115e-06, 1.192363015434239e-05, -0.0028908951207995415], "size_m": [0.6, 0.4, 0.3]}, {"angular_velocity_rad_s": [0.0021324120461940765, 0.0023823133669793606, -0.0004463016812223941], "center_m": [-0.35993292927742004, -0.6100566983222961, 0.9249003529548645], "linear_velocity_m_s": [0.0003983229980804026, -0.00036246562376618385, 0.02029033564031124], "mass_kg": 42.5, "name": "carton_l07_c04", "prim_path": "/Validation/Scene/carton_l07_c04", "quaternion_wxyz": [0.7071102261543274, -4.5865148422308266e-05, 0.7071033716201782, 8.828339196043089e-05], "size_m": [0.6, 0.4, 0.3]}], "linear_velocity": [0.0003983229980804026, -0.00036246562376618385, 0.02029033564031124], "position": [-0.35993292927742004, -0.6100566983222961, 0.9249003529548645], "rotation": [[9.688084473546965e-06, -0.00018971496930788765, 0.9999999819571855], [5.9989372732539153e-05, 0.9999999802048629, 0.0001897143877933248], [-0.9999999981537081, 5.9987533681147255e-05, 9.699465163715004e-06]]}, "time_s": 187.2625}, "removal": {"joint_present": false, "minimum_rotation_rad": 0.01, "minimum_translation_m": 0.002, "relative_rotation_rad": 1.3913759284576484e-05, "relative_translation_m": 0.002126069624919185, "time_s": 187.28333333333333}, "takeover": {"accepted": true, "actual_release_height_m": 0.02488690108224123, "angular_velocity_rad_s": [0.0012997526209801435, 0.0013699850533157587, 0.0003350811603013426], "current_pose_world": [[-9.195770766412537e-06, -0.00019607972343992425, 0.9999999807340897, -0.35992926359176636], [7.913129643389598e-05, 0.9999999776453472, 0.00019608045050756095, -0.6100643277168274], [-0.9999999968268377, 7.91330980202342e-05, -9.180254518126318e-06, 0.9227736592292786], [0.0, 0.0, 0.0, 1.0]], "elapsed_s": 0.020833333333342807, "first_takeover_height_m": 0.02275645652344549, "linear_velocity_m_s": [0.00027193152345716953, -0.00024157308507710695, -0.18376369774341583], "position_error_m": 0.0004205283273418852, "position_limit_m": 0.00271927083333366, "reason": "LEGAL_RELEASE_TO_IDEAL_TAKEOVER", "reception_region": {"accepted": true, "actual_release_pose_world": [[9.688084473546965e-06, -0.00018971496930788765, 0.9999999819571855, -0.35993292927742004], [5.9989372732539153e-05, 0.9999999802048629, 0.0001897143877933248, -0.6100566983222961], [-0.9999999981537081, 5.9987533681147255e-05, 9.699465163715004e-06, 0.9249003529548645], [0.0, 0.0, 0.0, 1.0]], "actual_top_contact_observed": false, "current_takeover_pose_world": [[-9.195770766412537e-06, -0.00019607972343992425, 0.9999999807340897, -0.35992926359176636], [7.913129643389598e-05, 0.9999999776453472, 0.00019608045050756095, -0.6100643277168274], [-0.9999999968268377, 7.91330980202342e-05, -9.180254518126318e-06, 0.9227736592292786], [0.0, 0.0, 0.0, 1.0]], "gap_m": 0.02275645652344549, "height_policy": {"gravity_m_s2": 9.81, "ideal_release_height_reserve_m": 0.005, "ideal_release_max_height_m": 0.05, "ideal_release_min_height_m": 0.02, "maximum_angular_speed_rad_s": 0.08, "maximum_drop_m": 0.05, "maximum_flight_s": 0.25, "maximum_landing_speed_m_s": 1.1, "position_uncertainty_m": 0.002, "prediction_step_s": 0.005, "velocity_uncertainty_m_s": 0.01}, "physical_landing_qualified": false, "reason": "VALIDATED_POST_RELEASE_TRANSITION", "reception_pose_world": [[-9.195770766412537e-06, -0.00019607972343992425, 0.9999999807340897, -0.35992926359176636], [7.913129643389598e-05, 0.9999999776453472, 0.00019608045050756095, -0.6100643277168274], [-0.9999999968268377, 7.91330980202342e-05, -9.180254518126318e-06, 0.9000172027058331], [0.0, 0.0, 0.0, 1.0]], "support": {"actual_box_pose": [[-9.195770766412537e-06, -0.00019607972343992425, 0.9999999807340897, -0.35992926359176636], [7.913129643389598e-05, 0.9999999776453472, 0.00019608045050756095, -0.6100643277168274], [-0.9999999968268377, 7.91330980202342e-05, -9.180254518126318e-06, 0.9227736592292786], [0.0, 0.0, 0.0, 1.0]], "edge_tolerance_m": 0.002, "footprint_area_m2": 0.11999999961922059, "payload_half_extents_m": [0.3, 0.2, 0.15], "physical_support_observed": false, "reason": "IDEAL_FOOTPRINT_COVERED", "receiver_names": ["conveyor_longitudinal"], "schema": "ideal_receiver_projection_v1", "support_face_local_axis": 0, "support_face_local_sign": 1, "support_obbs": [{"category": "conveyor", "half_extents_m": [0.35, 0.75, 0.06], "name": "conveyor_transverse", "pose_world": [[1.0, 0.0, 0.0, -0.55], [0.0, 1.0, 0.0, 0.35], [0.0, 0.0, 1.0, 0.54], [0.0, 0.0, 0.0, 1.0]]}, {"category": "conveyor", "half_extents_m": [1.4, 0.35, 0.06], "name": "conveyor_longitudinal", "pose_world": [[1.0, 0.0, 0.0, -1.6], [0.0, 1.0, 0.0, -0.7500000000000001], [0.0, 0.0, 1.0, 0.54], [0.0, 0.0, 0.0, 1.0]]}], "support_z_m": 0.6000000000000001, "supported": true, "tolerance_m": 0.0, "unsupported_area_m2": 0}, "vertical_correction_m": -0.02275645652344549}, "time_s": 187.28333333333333, "velocity_error_m_s": 0.0003655261681323074}}, "rotation_matrix": [[-9.195770766412537e-06, -0.00019607972343992425, 0.9999999807340897], [7.913129643389598e-05, 0.9999999776453472, 0.00019608045050756095], [-0.9999999968268377, 7.91330980202342e-05, -9.180254518126318e-06]], "source": "RECEPTION_ASSUMED", "support": {"accepted": false, "angular_speed_rad_s": 0.0019179403812533457, "footprint_overlap_ratio": 0.0, "linear_speed_m_s": 0.18376405772795282, "reason": "PAYLOAD_NOT_IN_SUPPORT_CONTACT", "signed_normal_gap_m": 0.02275645652344549, "support_name": "conveyor_longitudinal", "support_normal_alignment": 0.9999999968268377, "support_surface_velocity_world_m_s": [-0.3, 0.0, 0.0], "transport_velocity_error_m_s": 0.352040321308109}, "time_s": 187.28333333333333}, "attachment_position_tolerance_m": 0.02, "attachment_rotation_tolerance_rad": 0.1, "camera_depth_shape": [360, 640], "camera_rgba_shape": [360, 640, 4], "collision_offset_readback": {"articulation": {"contact_offsets_m": [[0.009999999776482582, 0.009999999776482582, 0.009999999776482582, 0.009999999776482582, 0.009999999776482582, 0.009999999776482582, 0.009999999776482582, 0.009999999776482582, 0.009999999776482582, 0.009999999776482582, 0.009999999776482582, 0.009999999776482582, 0.009999999776482582, 0.009999999776482582, 0.009999999776482582, 0.009999999776482582, 0.009999999776482582, 0.009999999776482582, 0.009999999776482582, 0.009999999776482582, 0.009999999776482582, 0.009999999776482582, 0.009999999776482582, 0.009999999776482582, 0.009999999776482582, 0.009999999776482582, 0.009999999776482582, 0.009999999776482582, 0.009999999776482582, 0.009999999776482582, 0.009999999776482582, 0.009999999776482582, 0.009999999776482582, 0.009999999776482582, 0.009999999776482582, 0.009999999776482582, 0.009999999776482582, 0.009999999776482582, 0.009999999776482582, 0.009999999776482582, 0.009999999776482582, 0.009999999776482582, 0.009999999776482582, 0.009999999776482582, 0.009999999776482582, 0.009999999776482582, 0.009999999776482582, 0.009999999776482582, 0.009999999776482582, 0.009999999776482582, 0.009999999776482582, 0.009999999776482582, 0.009999999776482582, 0.009999999776482582, 0.009999999776482582, 0.009999999776482582, 0.009999999776482582, 0.009999999776482582, 0.009999999776482582, 0.009999999776482582, 0.009999999776482582, 0.009999999776482582, 0.009999999776482582, 0.009999999776482582, 0.009999999776482582, 0.009999999776482582, 0.009999999776482582, 0.009999999776482582, 0.009999999776482582, 0.009999999776482582, 0.009999999776482582, 0.009999999776482582, 0.009999999776482582, 0.009999999776482582, 0.009999999776482582, 0.009999999776482582, 0.009999999776482582, 0.009999999776482582, 0.009999999776482582, 0.009999999776482582, 0.009999999776482582, 0.009999999776482582, 0.009999999776482582, 0.009999999776482582, 0.009999999776482582, 0.009999999776482582, 0.009999999776482582, 0.009999999776482582, 0.009999999776482582, 0.009999999776482582, 0.009999999776482582, 0.009999999776482582, 0.009999999776482582, 0.009999999776482582, 0.009999999776482582, 0.009999999776482582, 0.009999999776482582, 0.009999999776482582, 0.009999999776482582, 0.009999999776482582, 0.009999999776482582, 0.009999999776482582, 0.009999999776482582, 0.009999999776482582, 0.009999999776482582, 0.009999999776482582, 0.009999999776482582, 0.009999999776482582, 0.009999999776482582, 0.009999999776482582, 0.009999999776482582, 0.009999999776482582, 0.009999999776482582, 0.009999999776482582, 0.009999999776482582, 0.009999999776482582, 0.009999999776482582, 0.009999999776482582, 0.009999999776482582, 0.009999999776482582, 0.009999999776482582, 0.009999999776482582, 0.009999999776482582, 0.009999999776482582, 0.009999999776482582, 0.009999999776482582, 0.009999999776482582, 0.009999999776482582, 0.009999999776482582, 0.009999999776482582, 0.009999999776482582, 0.009999999776482582, 0.009999999776482582, 0.009999999776482582, 0.009999999776482582, 0.009999999776482582, 0.009999999776482582, 0.009999999776482582, 0.009999999776482582, 0.009999999776482582, 0.009999999776482582, 0.009999999776482582, 0.009999999776482582, 0.009999999776482582, 0.009999999776482582, 0.009999999776482582, 0.009999999776482582, 0.009999999776482582, 0.009999999776482582, 0.009999999776482582, 0.009999999776482582, 0.009999999776482582, 0.009999999776482582, 0.009999999776482582, 0.009999999776482582, 0.009999999776482582, 0.009999999776482582, 0.009999999776482582, 0.009999999776482582, 0.009999999776482582, 0.009999999776482582, 0.009999999776482582, 0.009999999776482582, 0.009999999776482582, 0.009999999776482582, 0.009999999776482582, 0.009999999776482582, 0.009999999776482582, 0.009999999776482582, 0.009999999776482582, 0.009999999776482582, 0.009999999776482582, 0.009999999776482582, 0.009999999776482582, 0.009999999776482582, 0.009999999776482582, 0.009999999776482582, 0.009999999776482582, 0.009999999776482582, 0.009999999776482582, 0.009999999776482582, 0.009999999776482582, 0.009999999776482582, 0.009999999776482582, 0.009999999776482582, 0.009999999776482582, 0.009999999776482582, 0.009999999776482582, 0.009999999776482582, 0.009999999776482582, 0.009999999776482582, 0.009999999776482582, 0.009999999776482582, 0.009999999776482582, 0.009999999776482582, 0.009999999776482582, 0.009999999776482582, 0.009999999776482582, 0.009999999776482582, 0.009999999776482582, 0.009999999776482582, 0.009999999776482582, 0.009999999776482582, 0.009999999776482582, 0.009999999776482582, 0.009999999776482582, 0.009999999776482582, 0.009999999776482582, 0.009999999776482582]], "read_only": true, "rest_offsets_m": [[0.0, 0.0, 0.0, 0.0, 0.0, 0.0, 0.0, 0.0, 0.0, 0.0, 0.0, 0.0, 0.0, 0.0, 0.0, 0.0, 0.0, 0.0, 0.0, 0.0, 0.0, 0.0, 0.0, 0.0, 0.0, 0.0, 0.0, 0.0, 0.0, 0.0, 0.0, 0.0, 0.0, 0.0, 0.0, 0.0, 0.0, 0.0, 0.0, 0.0, 0.0, 0.0, 0.0, 0.0, 0.0, 0.0, 0.0, 0.0, 0.0, 0.0, 0.0, 0.0, 0.0, 0.0, 0.0, 0.0, 0.0, 0.0, 0.0, 0.0, 0.0, 0.0, 0.0, 0.0, 0.0, 0.0, 0.0, 0.0, 0.0, 0.0, 0.0, 0.0, 0.0, 0.0, 0.0, 0.0, 0.0, 0.0, 0.0, 0.0, 0.0, 0.0, 0.0, 0.0, 0.0, 0.0, 0.0, 0.0, 0.0, 0.0, 0.0, 0.0, 0.0, 0.0, 0.0, 0.0, 0.0, 0.0, 0.0, 0.0, 0.0, 0.0, 0.0, 0.0, 0.0, 0.0, 0.0, 0.0, 0.0, 0.0, 0.0, 0.0, 0.0, 0.0, 0.0, 0.0, 0.0, 0.0, 0.0, 0.0, 0.0, 0.0, 0.0, 0.0, 0.0, 0.0, 0.0, 0.0, 0.0, 0.0, 0.0, 0.0, 0.0, 0.0, 0.0, 0.0, 0.0, 0.0, 0.0, 0.0, 0.0, 0.0, 0.0, 0.0, 0.0, 0.0, 0.0, 0.0, 0.0, 0.0, 0.0, 0.0, 0.0, 0.0, 0.0, 0.0, 0.0, 0.0, 0.0, 0.0, 0.0, 0.0, 0.0, 0.0, 0.0, 0.0, 0.0, 0.0, 0.0, 0.0, 0.0, 0.0, 0.0, 0.0, 0.0, 0.0, 0.0, 0.0, 0.0, 0.0, 0.0, 0.0, 0.0, 0.0, 0.0, 0.0, 0.0, 0.0, 0.0, 0.0, 0.0, 0.0, 0.0, 0.0, 0.0, 0.0, 0.0, 0.0, 0.0, 0.0, 0.0, 0.0, 0.0, 0.0, 0.0, 0.0, 0.0, 0.0, 0.0]], "shape_count": 209, "shape_path_mapping": "backend shape order; no unverified path-order assumption", "source": "PhysX tensor backend getters", "status": "PASS"}, "authored_all_colliders": {"collider_count": 256, "colliders": [{"collider": "/fanuc_m710id_70/Geometry/world/base_link/J1_link/J2_link/J3_link/J4_link/J5_link/J6_link/j6_1/j6_1", "contact_offset_m": 0.01, "newton_contact_gap_m": 0.01, "rest_offset_m": 0.0}, {"collider": "/fanuc_m710id_70/Geometry/world/base_link/J1_link/J2_link/J3_link/J4_link/J5_link/J6_link/SuctionToolRigidCollision_000", "contact_offset_m": 0.01, "newton_contact_gap_m": 0.01, "rest_offset_m": 0.0}, {"collider": "/fanuc_m710id_70/Geometry/world/base_link/J1_link/J2_link/J3_link/J4_link/J5_link/J6_link/SuctionToolRigidCollision_001", "contact_offset_m": 0.01, "newton_contact_gap_m": 0.01, "rest_offset_m": 0.0}, {"collider": "/fanuc_m710id_70/Geometry/world/base_link/J1_link/J2_link/J3_link/J4_link/J5_link/J6_link/SuctionToolRigidCollision_002", "contact_offset_m": 0.01, "newton_contact_gap_m": 0.01, "rest_offset_m": 0.0}, {"collider": "/fanuc_m710id_70/Geometry/world/base_link/J1_link/J2_link/J3_link/J4_link/J5_link/J6_link/SuctionToolRigidCollision_003", "contact_offset_m": 0.01, "newton_contact_gap_m": 0.01, "rest_offset_m": 0.0}, {"collider": "/fanuc_m710id_70/Geometry/world/base_link/J1_link/J2_link/J3_link/J4_link/J5_link/J6_link/SuctionToolRigidCollision_004", "contact_offset_m": 0.01, "newton_contact_gap_m": 0.01, "rest_offset_m": 0.0}, {"collider": "/fanuc_m710id_70/Geometry/world/base_link/J1_link/J2_link/J3_link/J4_link/J5_link/J6_link/SuctionToolRigidCollision_005", "contact_offset_m": 0.01, "newton_contact_gap_m": 0.01, "rest_offset_m": 0.0}, {"collider": "/fanuc_m710id_70/Geometry/world/base_link/J1_link/J2_link/J3_link/J4_link/J5_link/J6_link/SuctionToolRigidCollision_006", "contact_offset_m": 0.01, "newton_contact_gap_m": 0.01, "rest_offset_m": 0.0}, {"collider": "/fanuc_m710id_70/Geometry/world/base_link/J1_link/J2_link/J3_link/J4_link/J5_link/J6_link/SuctionToolRigidCollision_007", "contact_offset_m": 0.01, "newton_contact_gap_m": 0.01, "rest_offset_m": 0.0}, {"collider": "/fanuc_m710id_70/Geometry/world/base_link/J1_link/J2_link/J3_link/J4_link/J5_link/J6_link/SuctionToolRigidCollision_008", "contact_offset_m": 0.01, "newton_contact_gap_m": 0.01, "rest_offset_m": 0.0}, {"collider": "/fanuc_m710id_70/Geometry/world/base_link/J1_link/J2_link/J3_link/J4_link/J5_link/J6_link/SuctionToolRigidCollision_009", "contact_offset_m": 0.01, "newton_contact_gap_m": 0.01, "rest_offset_m": 0.0}, {"collider": "/fanuc_m710id_70/Geometry/world/base_link/J1_link/J2_link/J3_link/J4_link/J5_link/J6_link/SuctionToolRigidCollision_010", "contact_offset_m": 0.01, "newton_contact_gap_m": 0.01, "rest_offset_m": 0.0}, {"collider": "/fanuc_m710id_70/Geometry/world/base_link/J1_link/J2_link/J3_link/J4_link/J5_link/J6_link/SuctionToolRigidCollision_011", "contact_offset_m": 0.01, "newton_contact_gap_m": 0.01, "rest_offset_m": 0.0}, {"collider": "/fanuc_m710id_70/Geometry/world/base_link/J1_link/J2_link/J3_link/J4_link/J5_link/J6_link/SuctionToolRigidCollision_012", "contact_offset_m": 0.01, "newton_contact_gap_m": 0.01, "rest_offset_m": 0.0}, {"collider": "/fanuc_m710id_70/Geometry/world/base_link/J1_link/J2_link/J3_link/J4_link/J5_link/J6_link/SuctionToolRigidCollision_013", "contact_offset_m": 0.01, "newton_contact_gap_m": 0.01, "rest_offset_m": 0.0}, {"collider": "/fanuc_m710id_70/Geometry/world/base_link/J1_link/J2_link/J3_link/J4_link/J5_link/J6_link/SuctionToolRigidCollision_014", "contact_offset_m": 0.01, "newton_contact_gap_m": 0.01, "rest_offset_m": 0.0}, {"collider": "/fanuc_m710id_70/Geometry/world/base_link/J1_link/J2_link/J3_link/J4_link/J5_link/J6_link/SuctionToolRigidCollision_015", "contact_offset_m": 0.01, "newton_contact_gap_m": 0.01, "rest_offset_m": 0.0}, {"collider": "/fanuc_m710id_70/Geometry/world/base_link/J1_link/J2_link/J3_link/J4_link/J5_link/J6_link/SuctionToolRigidCollision_016", "contact_offset_m": 0.01, "newton_contact_gap_m": 0.01, "rest_offset_m": 0.0}, {"collider": "/fanuc_m710id_70/Geometry/world/base_link/J1_link/J2_link/J3_link/J4_link/J5_link/J6_link/SuctionToolRigidCollision_017", "contact_offset_m": 0.01, "newton_contact_gap_m": 0.01, "rest_offset_m": 0.0}, {"collider": "/fanuc_m710id_70/Geometry/world/base_link/J1_link/J2_link/J3_link/J4_link/J5_link/J6_link/SuctionToolRigidCollision_018", "contact_offset_m": 0.01, "newton_contact_gap_m": 0.01, "rest_offset_m": 0.0}, {"collider": "/fanuc_m710id_70/Geometry/world/base_link/J1_link/J2_link/J3_link/J4_link/J5_link/J6_link/SuctionToolRigidCollision_019", "contact_offset_m": 0.01, "newton_contact_gap_m": 0.01, "rest_offset_m": 0.0}, {"collider": "/fanuc_m710id_70/Geometry/world/base_link/J1_link/J2_link/J3_link/J4_link/J5_link/J6_link/SuctionToolRigidCollision_020", "contact_offset_m": 0.01, "newton_contact_gap_m": 0.01, "rest_offset_m": 0.0}, {"collider": "/fanuc_m710id_70/Geometry/world/base_link/J1_link/J2_link/J3_link/J4_link/J5_link/J6_link/SuctionToolRigidCollision_021", "contact_offset_m": 0.01, "newton_contact_gap_m": 0.01, "rest_offset_m": 0.0}, {"collider": "/fanuc_m710id_70/Geometry/world/base_link/J1_link/J2_link/J3_link/J4_link/J5_link/J6_link/SuctionToolRigidCollision_022", "contact_offset_m": 0.01, "newton_contact_gap_m": 0.01, "rest_offset_m": 0.0}, {"collider": "/fanuc_m710id_70/Geometry/world/base_link/J1_link/J2_link/J3_link/J4_link/J5_link/J6_link/SuctionToolRigidCollision_023", "contact_offset_m": 0.01, "newton_contact_gap_m": 0.01, "rest_offset_m": 0.0}, {"collider": "/fanuc_m710id_70/Geometry/world/base_link/J1_link/J2_link/J3_link/J4_link/J5_link/J6_link/SuctionToolRigidCollision_024", "contact_offset_m": 0.01, "newton_contact_gap_m": 0.01, "rest_offset_m": 0.0}, {"collider": "/fanuc_m710id_70/Geometry/world/base_link/J1_link/J2_link/J3_link/J4_link/J5_link/J6_link/SuctionToolRigidCollision_025", "contact_offset_m": 0.01, "newton_contact_gap_m": 0.01, "rest_offset_m": 0.0}, {"collider": "/fanuc_m710id_70/Geometry/world/base_link/J1_link/J2_link/J3_link/J4_link/J5_link/J6_link/SuctionToolRigidCollision_026", "contact_offset_m": 0.01, "newton_contact_gap_m": 0.01, "rest_offset_m": 0.0}, {"collider": "/fanuc_m710id_70/Geometry/world/base_link/J1_link/J2_link/J3_link/J4_link/J5_link/J6_link/SuctionToolRigidCollision_027", "contact_offset_m": 0.01, "newton_contact_gap_m": 0.01, "rest_offset_m": 0.0}, {"collider": "/fanuc_m710id_70/Geometry/world/base_link/J1_link/J2_link/J3_link/J4_link/J5_link/J6_link/SuctionToolRigidCollision_028", "contact_offset_m": 0.01, "newton_contact_gap_m": 0.01, "rest_offset_m": 0.0}, {"collider": "/fanuc_m710id_70/Geometry/world/base_link/J1_link/J2_link/J3_link/J4_link/J5_link/J6_link/SuctionToolRigidCollision_029", "contact_offset_m": 0.01, "newton_contact_gap_m": 0.01, "rest_offset_m": 0.0}, {"collider": "/fanuc_m710id_70/Geometry/world/base_link/J1_link/J2_link/J3_link/J4_link/J5_link/J6_link/SuctionToolRigidCollision_030", "contact_offset_m": 0.01, "newton_contact_gap_m": 0.01, "rest_offset_m": 0.0}, {"collider": "/fanuc_m710id_70/Geometry/world/base_link/J1_link/J2_link/J3_link/J4_link/J5_link/J6_link/SuctionToolRigidCollision_031", "contact_offset_m": 0.01, "newton_contact_gap_m": 0.01, "rest_offset_m": 0.0}, {"collider": "/fanuc_m710id_70/Geometry/world/base_link/J1_link/J2_link/J3_link/J4_link/J5_link/J6_link/SuctionToolRigidCollision_032", "contact_offset_m": 0.01, "newton_contact_gap_m": 0.01, "rest_offset_m": 0.0}, {"collider": "/fanuc_m710id_70/Geometry/world/base_link/J1_link/J2_link/J3_link/J4_link/J5_link/J6_link/SuctionToolRigidCollision_033", "contact_offset_m": 0.01, "newton_contact_gap_m": 0.01, "rest_offset_m": 0.0}, {"collider": "/fanuc_m710id_70/Geometry/world/base_link/J1_link/J2_link/J3_link/J4_link/J5_link/J6_link/SuctionToolRigidCollision_034", "contact_offset_m": 0.01, "newton_contact_gap_m": 0.01, "rest_offset_m": 0.0}, {"collider": "/fanuc_m710id_70/Geometry/world/base_link/J1_link/J2_link/J3_link/J4_link/J5_link/J6_link/SuctionToolRigidCollision_035", "contact_offset_m": 0.01, "newton_contact_gap_m": 0.01, "rest_offset_m": 0.0}, {"collider": "/fanuc_m710id_70/Geometry/world/base_link/J1_link/J2_link/J3_link/J4_link/J5_link/J6_link/SuctionToolRigidCollision_036", "contact_offset_m": 0.01, "newton_contact_gap_m": 0.01, "rest_offset_m": 0.0}, {"collider": "/fanuc_m710id_70/Geometry/world/base_link/J1_link/J2_link/J3_link/J4_link/J5_link/J6_link/SuctionToolRigidCollision_037", "contact_offset_m": 0.01, "newton_contact_gap_m": 0.01, "rest_offset_m": 0.0}, {"collider": "/fanuc_m710id_70/Geometry/world/base_link/J1_link/J2_link/J3_link/J4_link/J5_link/J6_link/SuctionToolRigidCollision_038", "contact_offset_m": 0.01, "newton_contact_gap_m": 0.01, "rest_offset_m": 0.0}, {"collider": "/fanuc_m710id_70/Geometry/world/base_link/J1_link/J2_link/J3_link/J4_link/J5_link/J6_link/SuctionToolRigidCollision_039", "contact_offset_m": 0.01, "newton_contact_gap_m": 0.01, "rest_offset_m": 0.0}, {"collider": "/fanuc_m710id_70/Geometry/world/base_link/J1_link/J2_link/J3_link/J4_link/J5_link/J6_link/SuctionToolRigidCollision_040", "contact_offset_m": 0.01, "newton_contact_gap_m": 0.01, "rest_offset_m": 0.0}, {"collider": "/fanuc_m710id_70/Geometry/world/base_link/J1_link/J2_link/J3_link/J4_link/J5_link/J6_link/SuctionToolRigidCollision_041", "contact_offset_m": 0.01, "newton_contact_gap_m": 0.01, "rest_offset_m": 0.0}, {"collider": "/fanuc_m710id_70/Geometry/world/base_link/J1_link/J2_link/J3_link/J4_link/J5_link/J6_link/SuctionToolRigidCollision_042", "contact_offset_m": 0.01, "newton_contact_gap_m": 0.01, "rest_offset_m": 0.0}, {"collider": "/fanuc_m710id_70/Geometry/world/base_link/J1_link/J2_link/J3_link/J4_link/J5_link/J6_link/SuctionToolRigidCollision_043", "contact_offset_m": 0.01, "newton_contact_gap_m": 0.01, "rest_offset_m": 0.0}, {"collider": "/fanuc_m710id_70/Geometry/world/base_link/J1_link/J2_link/J3_link/J4_link/J5_link/J6_link/SuctionToolRigidCollision_044", "contact_offset_m": 0.01, "newton_contact_gap_m": 0.01, "rest_offset_m": 0.0}, {"collider": "/fanuc_m710id_70/Geometry/world/base_link/J1_link/J2_link/J3_link/J4_link/J5_link/J6_link/SuctionToolRigidCollision_045", "contact_offset_m": 0.01, "newton_contact_gap_m": 0.01, "rest_offset_m": 0.0}, {"collider": "/fanuc_m710id_70/Geometry/world/base_link/J1_link/J2_link/J3_link/J4_link/J5_link/J6_link/SuctionToolRigidCollision_046", "contact_offset_m": 0.01, "newton_contact_gap_m": 0.01, "rest_offset_m": 0.0}, {"collider": "/fanuc_m710id_70/Geometry/world/base_link/J1_link/J2_link/J3_link/J4_link/J5_link/J6_link/SuctionToolRigidCollision_047", "contact_offset_m": 0.01, "newton_contact_gap_m": 0.01, "rest_offset_m": 0.0}, {"collider": "/fanuc_m710id_70/Geometry/world/base_link/J1_link/J2_link/J3_link/J4_link/J5_link/J6_link/SuctionToolRigidCollision_048", "contact_offset_m": 0.01, "newton_contact_gap_m": 0.01, "rest_offset_m": 0.0}, {"collider": "/fanuc_m710id_70/Geometry/world/base_link/J1_link/J2_link/J3_link/J4_link/J5_link/J6_link/SuctionToolRigidCollision_049", "contact_offset_m": 0.01, "newton_contact_gap_m": 0.01, "rest_offset_m": 0.0}, {"collider": "/fanuc_m710id_70/Geometry/world/base_link/J1_link/J2_link/J3_link/J4_link/J5_link/J6_link/SuctionToolRigidCollision_050", "contact_offset_m": 0.01, "newton_contact_gap_m": 0.01, "rest_offset_m": 0.0}, {"collider": "/fanuc_m710id_70/Geometry/world/base_link/J1_link/J2_link/J3_link/J4_link/J5_link/J6_link/SuctionToolRigidCollision_051", "contact_offset_m": 0.01, "newton_contact_gap_m": 0.01, "rest_offset_m": 0.0}, {"collider": "/fanuc_m710id_70/Geometry/world/base_link/J1_link/J2_link/J3_link/J4_link/J5_link/J6_link/SuctionToolRigidCollision_052", "contact_offset_m": 0.01, "newton_contact_gap_m": 0.01, "rest_offset_m": 0.0}, {"collider": "/fanuc_m710id_70/Geometry/world/base_link/J1_link/J2_link/J3_link/J4_link/J5_link/J6_link/SuctionToolRigidCollision_053", "contact_offset_m": 0.01, "newton_contact_gap_m": 0.01, "rest_offset_m": 0.0}, {"collider": "/fanuc_m710id_70/Geometry/world/base_link/J1_link/J2_link/J3_link/J4_link/J5_link/J6_link/SuctionToolRigidCollision_054", "contact_offset_m": 0.01, "newton_contact_gap_m": 0.01, "rest_offset_m": 0.0}, {"collider": "/fanuc_m710id_70/Geometry/world/base_link/J1_link/J2_link/J3_link/J4_link/J5_link/J6_link/SuctionToolRigidCollision_055", "contact_offset_m": 0.01, "newton_contact_gap_m": 0.01, "rest_offset_m": 0.0}, {"collider": "/fanuc_m710id_70/Geometry/world/base_link/J1_link/J2_link/J3_link/J4_link/J5_link/J6_link/SuctionToolRigidCollision_056", "contact_offset_m": 0.01, "newton_contact_gap_m": 0.01, "rest_offset_m": 0.0}, {"collider": "/fanuc_m710id_70/Geometry/world/base_link/J1_link/J2_link/J3_link/J4_link/J5_link/J6_link/SuctionToolRigidCollision_057", "contact_offset_m": 0.01, "newton_contact_gap_m": 0.01, "rest_offset_m": 0.0}, {"collider": "/fanuc_m710id_70/Geometry/world/base_link/J1_link/J2_link/J3_link/J4_link/J5_link/J6_link/SuctionToolRigidCollision_058", "contact_offset_m": 0.01, "newton_contact_gap_m": 0.01, "rest_offset_m": 0.0}, {"collider": "/fanuc_m710id_70/Geometry/world/base_link/J1_link/J2_link/J3_link/J4_link/J5_link/J6_link/SuctionToolRigidCollision_059", "contact_offset_m": 0.01, "newton_contact_gap_m": 0.01, "rest_offset_m": 0.0}, {"collider": "/fanuc_m710id_70/Geometry/world/base_link/J1_link/J2_link/J3_link/J4_link/J5_link/J6_link/SuctionToolRigidCollision_060", "contact_offset_m": 0.01, "newton_contact_gap_m": 0.01, "rest_offset_m": 0.0}, {"collider": "/fanuc_m710id_70/Geometry/world/base_link/J1_link/J2_link/J3_link/J4_link/J5_link/J6_link/SuctionToolRigidCollision_061", "contact_offset_m": 0.01, "newton_contact_gap_m": 0.01, "rest_offset_m": 0.0}, {"collider": "/fanuc_m710id_70/Geometry/world/base_link/J1_link/J2_link/J3_link/J4_link/J5_link/J6_link/SuctionToolRigidCollision_062", "contact_offset_m": 0.01, "newton_contact_gap_m": 0.01, "rest_offset_m": 0.0}, {"collider": "/fanuc_m710id_70/Geometry/world/base_link/J1_link/J2_link/J3_link/J4_link/J5_link/J6_link/SuctionToolRigidCollision_063", "contact_offset_m": 0.01, "newton_contact_gap_m": 0.01, "rest_offset_m": 0.0}, {"collider": "/fanuc_m710id_70/Geometry/world/base_link/J1_link/J2_link/J3_link/J4_link/J5_link/J6_link/SuctionToolRigidCollision_064", "contact_offset_m": 0.01, "newton_contact_gap_m": 0.01, "rest_offset_m": 0.0}, {"collider": "/fanuc_m710id_70/Geometry/world/base_link/J1_link/J2_link/J3_link/J4_link/J5_link/J6_link/SuctionToolRigidCollision_065", "contact_offset_m": 0.01, "newton_contact_gap_m": 0.01, "rest_offset_m": 0.0}, {"collider": "/fanuc_m710id_70/Geometry/world/base_link/J1_link/J2_link/J3_link/J4_link/J5_link/J6_link/SuctionToolRigidCollision_066", "contact_offset_m": 0.01, "newton_contact_gap_m": 0.01, "rest_offset_m": 0.0}, {"collider": "/fanuc_m710id_70/Geometry/world/base_link/J1_link/J2_link/J3_link/J4_link/J5_link/J6_link/SuctionToolRigidCollision_067", "contact_offset_m": 0.01, "newton_contact_gap_m": 0.01, "rest_offset_m": 0.0}, {"collider": "/fanuc_m710id_70/Geometry/world/base_link/J1_link/J2_link/J3_link/J4_link/J5_link/J6_link/SuctionToolRigidCollision_068", "contact_offset_m": 0.01, "newton_contact_gap_m": 0.01, "rest_offset_m": 0.0}, {"collider": "/fanuc_m710id_70/Geometry/world/base_link/J1_link/J2_link/J3_link/J4_link/J5_link/J6_link/SuctionToolRigidCollision_069", "contact_offset_m": 0.01, "newton_contact_gap_m": 0.01, "rest_offset_m": 0.0}, {"collider": "/fanuc_m710id_70/Geometry/world/base_link/J1_link/J2_link/J3_link/J4_link/J5_link/J6_link/SuctionToolRigidCollision_070", "contact_offset_m": 0.01, "newton_contact_gap_m": 0.01, "rest_offset_m": 0.0}, {"collider": "/fanuc_m710id_70/Geometry/world/base_link/J1_link/J2_link/J3_link/J4_link/J5_link/J6_link/SuctionToolRigidCollision_071", "contact_offset_m": 0.01, "newton_contact_gap_m": 0.01, "rest_offset_m": 0.0}, {"collider": "/fanuc_m710id_70/Geometry/world/base_link/J1_link/J2_link/J3_link/J4_link/J5_link/J6_link/SuctionToolRigidCollision_072", "contact_offset_m": 0.01, "newton_contact_gap_m": 0.01, "rest_offset_m": 0.0}, {"collider": "/fanuc_m710id_70/Geometry/world/base_link/J1_link/J2_link/J3_link/J4_link/J5_link/J6_link/SuctionToolRigidCollision_073", "contact_offset_m": 0.01, "newton_contact_gap_m": 0.01, "rest_offset_m": 0.0}, {"collider": "/fanuc_m710id_70/Geometry/world/base_link/J1_link/J2_link/J3_link/J4_link/J5_link/J6_link/SuctionToolRigidCollision_074", "contact_offset_m": 0.01, "newton_contact_gap_m": 0.01, "rest_offset_m": 0.0}, {"collider": "/fanuc_m710id_70/Geometry/world/base_link/J1_link/J2_link/J3_link/J4_link/J5_link/J6_link/SuctionToolRigidCollision_075", "contact_offset_m": 0.01, "newton_contact_gap_m": 0.01, "rest_offset_m": 0.0}, {"collider": "/fanuc_m710id_70/Geometry/world/base_link/J1_link/J2_link/J3_link/J4_link/J5_link/J6_link/SuctionToolRigidCollision_076", "contact_offset_m": 0.01, "newton_contact_gap_m": 0.01, "rest_offset_m": 0.0}, {"collider": "/fanuc_m710id_70/Geometry/world/base_link/J1_link/J2_link/J3_link/J4_link/J5_link/J6_link/SuctionToolRigidCollision_077", "contact_offset_m": 0.01, "newton_contact_gap_m": 0.01, "rest_offset_m": 0.0}, {"collider": "/fanuc_m710id_70/Geometry/world/base_link/J1_link/J2_link/J3_link/J4_link/J5_link/J6_link/SuctionToolRigidCollision_078", "contact_offset_m": 0.01, "newton_contact_gap_m": 0.01, "rest_offset_m": 0.0}, {"collider": "/fanuc_m710id_70/Geometry/world/base_link/J1_link/J2_link/J3_link/J4_link/J5_link/J6_link/SuctionToolRigidCollision_079", "contact_offset_m": 0.01, "newton_contact_gap_m": 0.01, "rest_offset_m": 0.0}, {"collider": "/fanuc_m710id_70/Geometry/world/base_link/J1_link/J2_link/J3_link/J4_link/J5_link/J6_link/SuctionToolRigidCollision_080", "contact_offset_m": 0.01, "newton_contact_gap_m": 0.01, "rest_offset_m": 0.0}, {"collider": "/fanuc_m710id_70/Geometry/world/base_link/J1_link/J2_link/J3_link/J4_link/J5_link/J6_link/SuctionToolRigidCollision_081", "contact_offset_m": 0.01, "newton_contact_gap_m": 0.01, "rest_offset_m": 0.0}, {"collider": "/fanuc_m710id_70/Geometry/world/base_link/J1_link/J2_link/J3_link/J4_link/J5_link/J6_link/SuctionToolRigidCollision_082", "contact_offset_m": 0.01, "newton_contact_gap_m": 0.01, "rest_offset_m": 0.0}, {"collider": "/fanuc_m710id_70/Geometry/world/base_link/J1_link/J2_link/J3_link/J4_link/J5_link/J6_link/SuctionToolRigidCollision_083", "contact_offset_m": 0.01, "newton_contact_gap_m": 0.01, "rest_offset_m": 0.0}, {"collider": "/fanuc_m710id_70/Geometry/world/base_link/J1_link/J2_link/J3_link/J4_link/J5_link/J6_link/SuctionToolRigidCollision_084", "contact_offset_m": 0.01, "newton_contact_gap_m": 0.01, "rest_offset_m": 0.0}, {"collider": "/fanuc_m710id_70/Geometry/world/base_link/J1_link/J2_link/J3_link/J4_link/J5_link/J6_link/SuctionToolRigidCollision_085", "contact_offset_m": 0.01, "newton_contact_gap_m": 0.01, "rest_offset_m": 0.0}, {"collider": "/fanuc_m710id_70/Geometry/world/base_link/J1_link/J2_link/J3_link/J4_link/J5_link/J6_link/SuctionToolRigidCollision_086", "contact_offset_m": 0.01, "newton_contact_gap_m": 0.01, "rest_offset_m": 0.0}, {"collider": "/fanuc_m710id_70/Geometry/world/base_link/J1_link/J2_link/J3_link/J4_link/J5_link/J6_link/SuctionToolRigidCollision_087", "contact_offset_m": 0.01, "newton_contact_gap_m": 0.01, "rest_offset_m": 0.0}, {"collider": "/fanuc_m710id_70/Geometry/world/base_link/J1_link/J2_link/J3_link/J4_link/J5_link/J6_link/SuctionToolRigidCollision_088", "contact_offset_m": 0.01, "newton_contact_gap_m": 0.01, "rest_offset_m": 0.0}, {"collider": "/fanuc_m710id_70/Geometry/world/base_link/J1_link/J2_link/J3_link/J4_link/J5_link/J6_link/SuctionToolRigidCollision_089", "contact_offset_m": 0.01, "newton_contact_gap_m": 0.01, "rest_offset_m": 0.0}, {"collider": "/fanuc_m710id_70/Geometry/world/base_link/J1_link/J2_link/J3_link/J4_link/J5_link/J6_link/SuctionToolRigidCollision_090", "contact_offset_m": 0.01, "newton_contact_gap_m": 0.01, "rest_offset_m": 0.0}, {"collider": "/fanuc_m710id_70/Geometry/world/base_link/J1_link/J2_link/J3_link/J4_link/J5_link/J6_link/SuctionToolRigidCollision_091", "contact_offset_m": 0.01, "newton_contact_gap_m": 0.01, "rest_offset_m": 0.0}, {"collider": "/fanuc_m710id_70/Geometry/world/base_link/J1_link/J2_link/J3_link/J4_link/J5_link/J6_link/SuctionToolRigidCollision_092", "contact_offset_m": 0.01, "newton_contact_gap_m": 0.01, "rest_offset_m": 0.0}, {"collider": "/fanuc_m710id_70/Geometry/world/base_link/J1_link/J2_link/J3_link/J4_link/J5_link/J6_link/SuctionToolRigidCollision_093", "contact_offset_m": 0.01, "newton_contact_gap_m": 0.01, "rest_offset_m": 0.0}, {"collider": "/fanuc_m710id_70/Geometry/world/base_link/J1_link/J2_link/J3_link/J4_link/J5_link/J6_link/SuctionToolRigidCollision_094", "contact_offset_m": 0.01, "newton_contact_gap_m": 0.01, "rest_offset_m": 0.0}, {"collider": "/fanuc_m710id_70/Geometry/world/base_link/J1_link/J2_link/J3_link/J4_link/J5_link/J6_link/SuctionToolRigidCollision_095", "contact_offset_m": 0.01, "newton_contact_gap_m": 0.01, "rest_offset_m": 0.0}, {"collider": "/fanuc_m710id_70/Geometry/world/base_link/J1_link/J2_link/J3_link/J4_link/J5_link/J6_link/SuctionToolRigidCollision_096", "contact_offset_m": 0.01, "newton_contact_gap_m": 0.01, "rest_offset_m": 0.0}, {"collider": "/fanuc_m710id_70/Geometry/world/base_link/J1_link/J2_link/J3_link/J4_link/J5_link/J6_link/SuctionToolRigidCollision_097", "contact_offset_m": 0.01, "newton_contact_gap_m": 0.01, "rest_offset_m": 0.0}, {"collider": "/fanuc_m710id_70/Geometry/world/base_link/J1_link/J2_link/J3_link/J4_link/J5_link/J6_link/SuctionToolRigidCollision_098", "contact_offset_m": 0.01, "newton_contact_gap_m": 0.01, "rest_offset_m": 0.0}, {"collider": "/fanuc_m710id_70/Geometry/world/base_link/J1_link/J2_link/J3_link/J4_link/J5_link/J6_link/SuctionToolRigidCollision_099", "contact_offset_m": 0.01, "newton_contact_gap_m": 0.01, "rest_offset_m": 0.0}, {"collider": "/fanuc_m710id_70/Geometry/world/base_link/J1_link/J2_link/J3_link/J4_link/J5_link/J6_link/SuctionToolRigidCollision_100", "contact_offset_m": 0.01, "newton_contact_gap_m": 0.01, "rest_offset_m": 0.0}, {"collider": "/fanuc_m710id_70/Geometry/world/base_link/J1_link/J2_link/J3_link/J4_link/J5_link/J6_link/SuctionToolRigidCollision_101", "contact_offset_m": 0.01, "newton_contact_gap_m": 0.01, "rest_offset_m": 0.0}, {"collider": "/fanuc_m710id_70/Geometry/world/base_link/J1_link/J2_link/J3_link/J4_link/J5_link/J6_link/SuctionToolRigidCollision_102", "contact_offset_m": 0.01, "newton_contact_gap_m": 0.01, "rest_offset_m": 0.0}, {"collider": "/fanuc_m710id_70/Geometry/world/base_link/J1_link/J2_link/J3_link/J4_link/J5_link/J6_link/SuctionToolRigidCollision_103", "contact_offset_m": 0.01, "newton_contact_gap_m": 0.01, "rest_offset_m": 0.0}, {"collider": "/fanuc_m710id_70/Geometry/world/base_link/J1_link/J2_link/J3_link/J4_link/J5_link/J6_link/SuctionToolRigidCollision_104", "contact_offset_m": 0.01, "newton_contact_gap_m": 0.01, "rest_offset_m": 0.0}, {"collider": "/fanuc_m710id_70/Geometry/world/base_link/J1_link/J2_link/J3_link/J4_link/J5_link/J6_link/SuctionToolRigidCollision_105", "contact_offset_m": 0.01, "newton_contact_gap_m": 0.01, "rest_offset_m": 0.0}, {"collider": "/fanuc_m710id_70/Geometry/world/base_link/J1_link/J2_link/J3_link/J4_link/J5_link/J6_link/SuctionToolRigidCollision_106", "contact_offset_m": 0.01, "newton_contact_gap_m": 0.01, "rest_offset_m": 0.0}, {"collider": "/fanuc_m710id_70/Geometry/world/base_link/J1_link/J2_link/J3_link/J4_link/J5_link/J6_link/SuctionToolRigidCollision_107", "contact_offset_m": 0.01, "newton_contact_gap_m": 0.01, "rest_offset_m": 0.0}, {"collider": "/fanuc_m710id_70/Geometry/world/base_link/J1_link/J2_link/J3_link/J4_link/J5_link/J6_link/SuctionToolRigidCollision_108", "contact_offset_m": 0.01, "newton_contact_gap_m": 0.01, "rest_offset_m": 0.0}, {"collider": "/fanuc_m710id_70/Geometry/world/base_link/J1_link/J2_link/J3_link/J4_link/J5_link/J6_link/SuctionToolRigidCollision_109", "contact_offset_m": 0.01, "newton_contact_gap_m": 0.01, "rest_offset_m": 0.0}, {"collider": "/fanuc_m710id_70/Geometry/world/base_link/J1_link/J2_link/J3_link/J4_link/J5_link/J6_link/SuctionToolRigidCollision_110", "contact_offset_m": 0.01, "newton_contact_gap_m": 0.01, "rest_offset_m": 0.0}, {"collider": "/fanuc_m710id_70/Geometry/world/base_link/J1_link/J2_link/J3_link/J4_link/J5_link/J6_link/SuctionToolRigidCollision_111", "contact_offset_m": 0.01, "newton_contact_gap_m": 0.01, "rest_offset_m": 0.0}, {"collider": "/fanuc_m710id_70/Geometry/world/base_link/J1_link/J2_link/J3_link/J4_link/J5_link/J6_link/SuctionToolRigidCollision_112", "contact_offset_m": 0.01, "newton_contact_gap_m": 0.01, "rest_offset_m": 0.0}, {"collider": "/fanuc_m710id_70/Geometry/world/base_link/J1_link/J2_link/J3_link/J4_link/J5_link/J6_link/SuctionToolRigidCollision_113", "contact_offset_m": 0.01, "newton_contact_gap_m": 0.01, "rest_offset_m": 0.0}, {"collider": "/fanuc_m710id_70/Geometry/world/base_link/J1_link/J2_link/J3_link/J4_link/J5_link/J6_link/SuctionToolRigidCollision_114", "contact_offset_m": 0.01, "newton_contact_gap_m": 0.01, "rest_offset_m": 0.0}, {"collider": "/fanuc_m710id_70/Geometry/world/base_link/J1_link/J2_link/J3_link/J4_link/J5_link/J6_link/SuctionToolRigidCollision_115", "contact_offset_m": 0.01, "newton_contact_gap_m": 0.01, "rest_offset_m": 0.0}, {"collider": "/fanuc_m710id_70/Geometry/world/base_link/J1_link/J2_link/J3_link/J4_link/J5_link/J6_link/SuctionToolRigidCollision_116", "contact_offset_m": 0.01, "newton_contact_gap_m": 0.01, "rest_offset_m": 0.0}, {"collider": "/fanuc_m710id_70/Geometry/world/base_link/J1_link/J2_link/J3_link/J4_link/J5_link/J6_link/SuctionToolRigidCollision_117", "contact_offset_m": 0.01, "newton_contact_gap_m": 0.01, "rest_offset_m": 0.0}, {"collider": "/fanuc_m710id_70/Geometry/world/base_link/J1_link/J2_link/J3_link/J4_link/J5_link/J6_link/SuctionToolRigidCollision_118", "contact_offset_m": 0.01, "newton_contact_gap_m": 0.01, "rest_offset_m": 0.0}, {"collider": "/fanuc_m710id_70/Geometry/world/base_link/J1_link/J2_link/J3_link/J4_link/J5_link/J6_link/SuctionToolRigidCollision_119", "contact_offset_m": 0.01, "newton_contact_gap_m": 0.01, "rest_offset_m": 0.0}, {"collider": "/fanuc_m710id_70/Geometry/world/base_link/J1_link/J2_link/J3_link/J4_link/J5_link/J6_link/SuctionToolRigidCollision_120", "contact_offset_m": 0.01, "newton_contact_gap_m": 0.01, "rest_offset_m": 0.0}, {"collider": "/fanuc_m710id_70/Geometry/world/base_link/J1_link/J2_link/J3_link/J4_link/J5_link/J6_link/SuctionToolRigidCollision_121", "contact_offset_m": 0.01, "newton_contact_gap_m": 0.01, "rest_offset_m": 0.0}, {"collider": "/fanuc_m710id_70/Geometry/world/base_link/J1_link/J2_link/J3_link/J4_link/J5_link/J6_link/SuctionToolRigidCollision_122", "contact_offset_m": 0.01, "newton_contact_gap_m": 0.01, "rest_offset_m": 0.0}, {"collider": "/fanuc_m710id_70/Geometry/world/base_link/J1_link/J2_link/J3_link/J4_link/J5_link/J6_link/SuctionToolRigidCollision_123", "contact_offset_m": 0.01, "newton_contact_gap_m": 0.01, "rest_offset_m": 0.0}, {"collider": "/fanuc_m710id_70/Geometry/world/base_link/J1_link/J2_link/J3_link/J4_link/J5_link/J6_link/SuctionToolRigidCollision_124", "contact_offset_m": 0.01, "newton_contact_gap_m": 0.01, "rest_offset_m": 0.0}, {"collider": "/fanuc_m710id_70/Geometry/world/base_link/J1_link/J2_link/J3_link/J4_link/J5_link/J6_link/SuctionToolRigidCollision_125", "contact_offset_m": 0.01, "newton_contact_gap_m": 0.01, "rest_offset_m": 0.0}, {"collider": "/fanuc_m710id_70/Geometry/world/base_link/J1_link/J2_link/J3_link/J4_link/J5_link/J6_link/SuctionToolRigidCollision_126", "contact_offset_m": 0.01, "newton_contact_gap_m": 0.01, "rest_offset_m": 0.0}, {"collider": "/fanuc_m710id_70/Geometry/world/base_link/J1_link/J2_link/J3_link/J4_link/J5_link/J6_link/SuctionToolRigidCollision_127", "contact_offset_m": 0.01, "newton_contact_gap_m": 0.01, "rest_offset_m": 0.0}, {"collider": "/fanuc_m710id_70/Geometry/world/base_link/J1_link/J2_link/J3_link/J4_link/J5_link/J6_link/SuctionToolRigidCollision_128", "contact_offset_m": 0.01, "newton_contact_gap_m": 0.01, "rest_offset_m": 0.0}, {"collider": "/fanuc_m710id_70/Geometry/world/base_link/J1_link/J2_link/J3_link/J4_link/J5_link/J6_link/SuctionToolRigidCollision_129", "contact_offset_m": 0.01, "newton_contact_gap_m": 0.01, "rest_offset_m": 0.0}, {"collider": "/fanuc_m710id_70/Geometry/world/base_link/J1_link/J2_link/J3_link/J4_link/J5_link/J6_link/CupCompressedCollision_00", "contact_offset_m": 0.01, "newton_contact_gap_m": 0.01, "rest_offset_m": 0.0}, {"collider": "/fanuc_m710id_70/Geometry/world/base_link/J1_link/J2_link/J3_link/J4_link/J5_link/J6_link/CupCompressedCollision_01", "contact_offset_m": 0.01, "newton_contact_gap_m": 0.01, "rest_offset_m": 0.0}, {"collider": "/fanuc_m710id_70/Geometry/world/base_link/J1_link/J2_link/J3_link/J4_link/J5_link/J6_link/CupCompressedCollision_02", "contact_offset_m": 0.01, "newton_contact_gap_m": 0.01, "rest_offset_m": 0.0}, {"collider": "/fanuc_m710id_70/Geometry/world/base_link/J1_link/J2_link/J3_link/J4_link/J5_link/J6_link/CupCompressedCollision_03", "contact_offset_m": 0.01, "newton_contact_gap_m": 0.01, "rest_offset_m": 0.0}, {"collider": "/fanuc_m710id_70/Geometry/world/base_link/J1_link/J2_link/J3_link/J4_link/J5_link/J6_link/CupCompressedCollision_04", "contact_offset_m": 0.01, "newton_contact_gap_m": 0.01, "rest_offset_m": 0.0}, {"collider": "/fanuc_m710id_70/Geometry/world/base_link/J1_link/J2_link/J3_link/J4_link/J5_link/J6_link/CupCompressedCollision_05", "contact_offset_m": 0.01, "newton_contact_gap_m": 0.01, "rest_offset_m": 0.0}, {"collider": "/fanuc_m710id_70/Geometry/world/base_link/J1_link/J2_link/J3_link/J4_link/J5_link/J6_link/CupCompressedCollision_06", "contact_offset_m": 0.01, "newton_contact_gap_m": 0.01, "rest_offset_m": 0.0}, {"collider": "/fanuc_m710id_70/Geometry/world/base_link/J1_link/J2_link/J3_link/J4_link/J5_link/J6_link/CupCompressedCollision_07", "contact_offset_m": 0.01, "newton_contact_gap_m": 0.01, "rest_offset_m": 0.0}, {"collider": "/fanuc_m710id_70/Geometry/world/base_link/J1_link/J2_link/J3_link/J4_link/J5_link/J6_link/CupCompressedCollision_08", "contact_offset_m": 0.01, "newton_contact_gap_m": 0.01, "rest_offset_m": 0.0}, {"collider": "/fanuc_m710id_70/Geometry/world/base_link/J1_link/J2_link/J3_link/J4_link/J5_link/J6_link/CupCompressedCollision_09", "contact_offset_m": 0.01, "newton_contact_gap_m": 0.01, "rest_offset_m": 0.0}, {"collider": "/fanuc_m710id_70/Geometry/world/base_link/J1_link/J2_link/J3_link/J4_link/J5_link/J6_link/CupCompressedCollision_10", "contact_offset_m": 0.01, "newton_contact_gap_m": 0.01, "rest_offset_m": 0.0}, {"collider": "/fanuc_m710id_70/Geometry/world/base_link/J1_link/J2_link/J3_link/J4_link/J5_link/J6_link/CupCompressedCollision_11", "contact_offset_m": 0.01, "newton_contact_gap_m": 0.01, "rest_offset_m": 0.0}, {"collider": "/fanuc_m710id_70/Geometry/world/base_link/J1_link/J2_link/J3_link/J4_link/J5_link/J6_link/CupCompressedCollision_12", "contact_offset_m": 0.01, "newton_contact_gap_m": 0.01, "rest_offset_m": 0.0}, {"collider": "/fanuc_m710id_70/Geometry/world/base_link/J1_link/J2_link/J3_link/J4_link/J5_link/J6_link/CupCompressedCollision_13", "contact_offset_m": 0.01, "newton_contact_gap_m": 0.01, "rest_offset_m": 0.0}, {"collider": "/fanuc_m710id_70/Geometry/world/base_link/J1_link/J2_link/J3_link/J4_link/J5_link/J6_link/CupCompressedCollision_14", "contact_offset_m": 0.01, "newton_contact_gap_m": 0.01, "rest_offset_m": 0.0}, {"collider": "/fanuc_m710id_70/Geometry/world/base_link/J1_link/J2_link/J3_link/J4_link/J5_link/J6_link/CupCompressedCollision_15", "contact_offset_m": 0.01, "newton_contact_gap_m": 0.01, "rest_offset_m": 0.0}, {"collider": "/fanuc_m710id_70/Geometry/world/base_link/J1_link/J2_link/J3_link/J4_link/J5_link/J6_link/CupCompressedCollision_16", "contact_offset_m": 0.01, "newton_contact_gap_m": 0.01, "rest_offset_m": 0.0}, {"collider": "/fanuc_m710id_70/Geometry/world/base_link/J1_link/J2_link/J3_link/J4_link/J5_link/J6_link/CupCompressedCollision_17", "contact_offset_m": 0.01, "newton_contact_gap_m": 0.01, "rest_offset_m": 0.0}, {"collider": "/fanuc_m710id_70/Geometry/world/base_link/J1_link/J2_link/J3_link/J4_link/J5_link/J6_link/CupCompressedCollision_18", "contact_offset_m": 0.01, "newton_contact_gap_m": 0.01, "rest_offset_m": 0.0}, {"collider": "/fanuc_m710id_70/Geometry/world/base_link/J1_link/J2_link/J3_link/J4_link/J5_link/J6_link/CupCompressedCollision_19", "contact_offset_m": 0.01, "newton_contact_gap_m": 0.01, "rest_offset_m": 0.0}, {"collider": "/fanuc_m710id_70/Geometry/world/base_link/J1_link/J2_link/J3_link/J4_link/J5_link/J6_link/CupCompressedCollision_20", "contact_offset_m": 0.01, "newton_contact_gap_m": 0.01, "rest_offset_m": 0.0}, {"collider": "/fanuc_m710id_70/Geometry/world/base_link/J1_link/J2_link/J3_link/J4_link/J5_link/J6_link/CupCompressedCollision_21", "contact_offset_m": 0.01, "newton_contact_gap_m": 0.01, "rest_offset_m": 0.0}, {"collider": "/fanuc_m710id_70/Geometry/world/base_link/J1_link/J2_link/J3_link/J4_link/J5_link/J6_link/CupCompressedCollision_22", "contact_offset_m": 0.01, "newton_contact_gap_m": 0.01, "rest_offset_m": 0.0}, {"collider": "/fanuc_m710id_70/Geometry/world/base_link/J1_link/J2_link/J3_link/J4_link/J5_link/J6_link/CupCompressedCollision_23", "contact_offset_m": 0.01, "newton_contact_gap_m": 0.01, "rest_offset_m": 0.0}, {"collider": "/fanuc_m710id_70/Geometry/world/base_link/J1_link/J2_link/J3_link/J4_link/J5_link/J6_link/CupCompressedCollision_24", "contact_offset_m": 0.01, "newton_contact_gap_m": 0.01, "rest_offset_m": 0.0}, {"collider": "/fanuc_m710id_70/Geometry/world/base_link/J1_link/J2_link/J3_link/J4_link/J5_link/J6_link/CupCompressedCollision_25", "contact_offset_m": 0.01, "newton_contact_gap_m": 0.01, "rest_offset_m": 0.0}, {"collider": "/fanuc_m710id_70/Geometry/world/base_link/J1_link/J2_link/J3_link/J4_link/J5_link/J6_link/CupCompressedCollision_26", "contact_offset_m": 0.01, "newton_contact_gap_m": 0.01, "rest_offset_m": 0.0}, {"collider": "/fanuc_m710id_70/Geometry/world/base_link/J1_link/J2_link/J3_link/J4_link/J5_link/J6_link/CupCompressedCollision_27", "contact_offset_m": 0.01, "newton_contact_gap_m": 0.01, "rest_offset_m": 0.0}, {"collider": "/fanuc_m710id_70/Geometry/world/base_link/J1_link/J2_link/J3_link/J4_link/J5_link/J6_link/CupCompressedCollision_28", "contact_offset_m": 0.01, "newton_contact_gap_m": 0.01, "rest_offset_m": 0.0}, {"collider": "/fanuc_m710id_70/Geometry/world/base_link/J1_link/J2_link/J3_link/J4_link/J5_link/J6_link/CupCompressedCollision_29", "contact_offset_m": 0.01, "newton_contact_gap_m": 0.01, "rest_offset_m": 0.0}, {"collider": "/fanuc_m710id_70/Geometry/world/base_link/J1_link/J2_link/J3_link/J4_link/J5_link/J6_link/CupCompressedCollision_30", "contact_offset_m": 0.01, "newton_contact_gap_m": 0.01, "rest_offset_m": 0.0}, {"collider": "/fanuc_m710id_70/Geometry/world/base_link/J1_link/J2_link/J3_link/J4_link/J5_link/J6_link/CupCompressedCollision_31", "contact_offset_m": 0.01, "newton_contact_gap_m": 0.01, "rest_offset_m": 0.0}, {"collider": "/fanuc_m710id_70/Geometry/world/base_link/J1_link/J2_link/J3_link/J4_link/J5_link/J6_link/CupCompressedCollision_32", "contact_offset_m": 0.01, "newton_contact_gap_m": 0.01, "rest_offset_m": 0.0}, {"collider": "/fanuc_m710id_70/Geometry/world/base_link/J1_link/J2_link/J3_link/J4_link/J5_link/J6_link/CupCompressedCollision_33", "contact_offset_m": 0.01, "newton_contact_gap_m": 0.01, "rest_offset_m": 0.0}, {"collider": "/fanuc_m710id_70/Geometry/world/base_link/J1_link/J2_link/J3_link/J4_link/J5_link/J6_link/CupCompressedCollision_34", "contact_offset_m": 0.01, "newton_contact_gap_m": 0.01, "rest_offset_m": 0.0}, {"collider": "/fanuc_m710id_70/Geometry/world/base_link/J1_link/J2_link/J3_link/J4_link/J5_link/J6_link/CupCompressedCollision_35", "contact_offset_m": 0.01, "newton_contact_gap_m": 0.01, "rest_offset_m": 0.0}, {"collider": "/fanuc_m710id_70/Geometry/world/base_link/J1_link/J2_link/J3_link/J4_link/J5_link/J6_link/CupCompressedCollision_36", "contact_offset_m": 0.01, "newton_contact_gap_m": 0.01, "rest_offset_m": 0.0}, {"collider": "/fanuc_m710id_70/Geometry/world/base_link/J1_link/J2_link/J3_link/J4_link/J5_link/J6_link/CupCompressedCollision_37", "contact_offset_m": 0.01, "newton_contact_gap_m": 0.01, "rest_offset_m": 0.0}, {"collider": "/fanuc_m710id_70/Geometry/world/base_link/J1_link/J2_link/J3_link/J4_link/J5_link/J6_link/CupCompressedCollision_38", "contact_offset_m": 0.01, "newton_contact_gap_m": 0.01, "rest_offset_m": 0.0}, {"collider": "/fanuc_m710id_70/Geometry/world/base_link/J1_link/J2_link/J3_link/J4_link/J5_link/J6_link/CupCompressedCollision_39", "contact_offset_m": 0.01, "newton_contact_gap_m": 0.01, "rest_offset_m": 0.0}, {"collider": "/fanuc_m710id_70/Geometry/world/base_link/J1_link/J2_link/J3_link/J4_link/J5_link/J6_link/CupCompressedCollision_40", "contact_offset_m": 0.01, "newton_contact_gap_m": 0.01, "rest_offset_m": 0.0}, {"collider": "/fanuc_m710id_70/Geometry/world/base_link/J1_link/J2_link/J3_link/J4_link/J5_link/J6_link/CupCompressedCollision_41", "contact_offset_m": 0.01, "newton_contact_gap_m": 0.01, "rest_offset_m": 0.0}, {"collider": "/fanuc_m710id_70/Geometry/world/base_link/J1_link/J2_link/J3_link/J4_link/J5_link/J6_link/CupCompressedCollision_42", "contact_offset_m": 0.01, "newton_contact_gap_m": 0.01, "rest_offset_m": 0.0}, {"collider": "/fanuc_m710id_70/Geometry/world/base_link/J1_link/J2_link/J3_link/J4_link/J5_link/J6_link/CupCompressedCollision_43", "contact_offset_m": 0.01, "newton_contact_gap_m": 0.01, "rest_offset_m": 0.0}, {"collider": "/fanuc_m710id_70/Geometry/world/base_link/J1_link/J2_link/J3_link/J4_link/J5_link/J6_link/CupCompressedCollision_44", "contact_offset_m": 0.01, "newton_contact_gap_m": 0.01, "rest_offset_m": 0.0}, {"collider": "/fanuc_m710id_70/Geometry/world/base_link/J1_link/J2_link/J3_link/J4_link/J5_link/J6_link/CupCompressedCollision_45", "contact_offset_m": 0.01, "newton_contact_gap_m": 0.01, "rest_offset_m": 0.0}, {"collider": "/fanuc_m710id_70/Geometry/world/base_link/J1_link/J2_link/J3_link/J4_link/J5_link/J6_link/CupCompressedCollision_46", "contact_offset_m": 0.01, "newton_contact_gap_m": 0.01, "rest_offset_m": 0.0}, {"collider": "/fanuc_m710id_70/Geometry/world/base_link/J1_link/J2_link/J3_link/J4_link/J5_link/J6_link/CupCompressedCollision_47", "contact_offset_m": 0.01, "newton_contact_gap_m": 0.01, "rest_offset_m": 0.0}, {"collider": "/fanuc_m710id_70/Geometry/world/base_link/J1_link/J2_link/J3_link/J4_link/J5_link/J6_link/CupCompressedCollision_48", "contact_offset_m": 0.01, "newton_contact_gap_m": 0.01, "rest_offset_m": 0.0}, {"collider": "/fanuc_m710id_70/Geometry/world/base_link/J1_link/J2_link/J3_link/J4_link/J5_link/J6_link/CupCompressedCollision_49", "contact_offset_m": 0.01, "newton_contact_gap_m": 0.01, "rest_offset_m": 0.0}, {"collider": "/fanuc_m710id_70/Geometry/world/base_link/J1_link/J2_link/J3_link/J4_link/J5_link/J6_link/CupCompressedCollision_50", "contact_offset_m": 0.01, "newton_contact_gap_m": 0.01, "rest_offset_m": 0.0}, {"collider": "/fanuc_m710id_70/Geometry/world/base_link/J1_link/J2_link/J3_link/J4_link/J5_link/J6_link/CupCompressedCollision_51", "contact_offset_m": 0.01, "newton_contact_gap_m": 0.01, "rest_offset_m": 0.0}, {"collider": "/fanuc_m710id_70/Geometry/world/base_link/J1_link/J2_link/J3_link/J4_link/J5_link/J6_link/CupCompressedCollision_52", "contact_offset_m": 0.01, "newton_contact_gap_m": 0.01, "rest_offset_m": 0.0}, {"collider": "/fanuc_m710id_70/Geometry/world/base_link/J1_link/J2_link/J3_link/J4_link/J5_link/J6_link/CupCompressedCollision_53", "contact_offset_m": 0.01, "newton_contact_gap_m": 0.01, "rest_offset_m": 0.0}, {"collider": "/fanuc_m710id_70/Geometry/world/base_link/J1_link/J2_link/J3_link/J4_link/J5_link/J6_link/CupCompressedCollision_54", "contact_offset_m": 0.01, "newton_contact_gap_m": 0.01, "rest_offset_m": 0.0}, {"collider": "/fanuc_m710id_70/Geometry/world/base_link/J1_link/J2_link/J3_link/J4_link/J5_link/J6_link/CupCompressedCollision_55", "contact_offset_m": 0.01, "newton_contact_gap_m": 0.01, "rest_offset_m": 0.0}, {"collider": "/fanuc_m710id_70/Geometry/world/base_link/J1_link/J2_link/J3_link/J4_link/J5_link/J6_link/CupCompressedCollision_56", "contact_offset_m": 0.01, "newton_contact_gap_m": 0.01, "rest_offset_m": 0.0}, {"collider": "/fanuc_m710id_70/Geometry/world/base_link/J1_link/J2_link/J3_link/J4_link/J5_link/J6_link/CupCompressedCollision_57", "contact_offset_m": 0.01, "newton_contact_gap_m": 0.01, "rest_offset_m": 0.0}, {"collider": "/fanuc_m710id_70/Geometry/world/base_link/J1_link/J2_link/J3_link/J4_link/J5_link/J6_link/CupCompressedCollision_58", "contact_offset_m": 0.01, "newton_contact_gap_m": 0.01, "rest_offset_m": 0.0}, {"collider": "/fanuc_m710id_70/Geometry/world/base_link/J1_link/J2_link/J3_link/J4_link/J5_link/J6_link/CupCompressedCollision_59", "contact_offset_m": 0.01, "newton_contact_gap_m": 0.01, "rest_offset_m": 0.0}, {"collider": "/fanuc_m710id_70/Geometry/world/base_link/J1_link/J2_link/J3_link/J4_link/J5_link/J6_link/CupCompressedCollision_60", "contact_offset_m": 0.01, "newton_contact_gap_m": 0.01, "rest_offset_m": 0.0}, {"collider": "/fanuc_m710id_70/Geometry/world/base_link/J1_link/J2_link/J3_link/J4_link/J5_link/J6_link/CupCompressedCollision_61", "contact_offset_m": 0.01, "newton_contact_gap_m": 0.01, "rest_offset_m": 0.0}, {"collider": "/fanuc_m710id_70/Geometry/world/base_link/J1_link/J2_link/J3_link/J4_link/J5_link/J6_link/CupCompressedCollision_62", "contact_offset_m": 0.01, "newton_contact_gap_m": 0.01, "rest_offset_m": 0.0}, {"collider": "/fanuc_m710id_70/Geometry/world/base_link/J1_link/J2_link/J3_link/J4_link/J5_link/J6_link/CupCompressedCollision_63", "contact_offset_m": 0.01, "newton_contact_gap_m": 0.01, "rest_offset_m": 0.0}, {"collider": "/fanuc_m710id_70/Geometry/world/base_link/J1_link/J2_link/J3_link/J4_link/J5_link/J6_link/CupCompressedCollision_64", "contact_offset_m": 0.01, "newton_contact_gap_m": 0.01, "rest_offset_m": 0.0}, {"collider": "/fanuc_m710id_70/Geometry/world/base_link/J1_link/J2_link/J3_link/J4_link/J5_link/J6_link/CupCompressedCollision_65", "contact_offset_m": 0.01, "newton_contact_gap_m": 0.01, "rest_offset_m": 0.0}, {"collider": "/fanuc_m710id_70/Geometry/world/base_link/J1_link/J2_link/J3_link/J4_link/J5_link/J6_link/CupCompressedCollision_66", "contact_offset_m": 0.01, "newton_contact_gap_m": 0.01, "rest_offset_m": 0.0}, {"collider": "/fanuc_m710id_70/Geometry/world/base_link/J1_link/J2_link/J3_link/J4_link/J5_link/J6_link/CupCompressedCollision_67", "contact_offset_m": 0.01, "newton_contact_gap_m": 0.01, "rest_offset_m": 0.0}, {"collider": "/fanuc_m710id_70/Geometry/world/base_link/J1_link/J2_link/J3_link/J4_link/J5_link/J6_link/CupCompressedCollision_68", "contact_offset_m": 0.01, "newton_contact_gap_m": 0.01, "rest_offset_m": 0.0}, {"collider": "/fanuc_m710id_70/Geometry/world/base_link/J1_link/J2_link/J3_link/J4_link/J5_link/J6_link/CupCompressedCollision_69", "contact_offset_m": 0.01, "newton_contact_gap_m": 0.01, "rest_offset_m": 0.0}, {"collider": "/fanuc_m710id_70/Geometry/world/base_link/J1_link/J2_link/J3_link/J4_link/J5_link/J6_link/CupCompressedCollision_70", "contact_offset_m": 0.01, "newton_contact_gap_m": 0.01, "rest_offset_m": 0.0}, {"collider": "/fanuc_m710id_70/Geometry/world/base_link/J1_link/J2_link/J3_link/J4_link/J5_link/J6_link/CupCompressedCollision_71", "contact_offset_m": 0.01, "newton_contact_gap_m": 0.01, "rest_offset_m": 0.0}, {"collider": "/fanuc_m710id_70/Geometry/world/base_link/J1_link/J2_link/J3_link/J4_link/J5_link/j5_1/j5_1", "contact_offset_m": 0.01, "newton_contact_gap_m": 0.01, "rest_offset_m": 0.0}, {"collider": "/fanuc_m710id_70/Geometry/world/base_link/J1_link/J2_link/J3_link/J4_link/j4_1/j4_1", "contact_offset_m": 0.01, "newton_contact_gap_m": 0.01, "rest_offset_m": 0.0}, {"collider": "/fanuc_m710id_70/Geometry/world/base_link/J1_link/J2_link/J3_link/j3_1/j3_1", "contact_offset_m": 0.01, "newton_contact_gap_m": 0.01, "rest_offset_m": 0.0}, {"collider": "/fanuc_m710id_70/Geometry/world/base_link/J1_link/J2_link/j2_1/j2_1", "contact_offset_m": 0.01, "newton_contact_gap_m": 0.01, "rest_offset_m": 0.0}, {"collider": "/fanuc_m710id_70/Geometry/world/base_link/J1_link/j1_1/j1_1", "contact_offset_m": 0.01, "newton_contact_gap_m": 0.01, "rest_offset_m": 0.0}, {"collider": "/fanuc_m710id_70/Geometry/world/base_link/base_1/base_1", "contact_offset_m": 0.01, "newton_contact_gap_m": 0.01, "rest_offset_m": 0.0}, {"collider": "/Validation/Scene/chassis", "contact_offset_m": 0.01, "newton_contact_gap_m": 0.01, "rest_offset_m": 0.0}, {"collider": "/Validation/Scene/conveyor_transverse/StructureCollision", "contact_offset_m": 0.01, "newton_contact_gap_m": 0.01, "rest_offset_m": 0.0}, {"collider": "/Validation/Scene/conveyor_transverse/TopCollision", "contact_offset_m": 0.01, "newton_contact_gap_m": 0.01, "rest_offset_m": 0.0}, {"collider": "/Validation/Scene/conveyor_longitudinal/StructureCollision", "contact_offset_m": 0.01, "newton_contact_gap_m": 0.01, "rest_offset_m": 0.0}, {"collider": "/Validation/Scene/conveyor_longitudinal/TopCollision", "contact_offset_m": 0.01, "newton_contact_gap_m": 0.01, "rest_offset_m": 0.0}, {"collider": "/Validation/Scene/trailer_floor", "contact_offset_m": 0.01, "newton_contact_gap_m": 0.01, "rest_offset_m": 0.0}, {"collider": "/Validation/Scene/trailer_left_wall", "contact_offset_m": 0.01, "newton_contact_gap_m": 0.01, "rest_offset_m": 0.0}, {"collider": "/Validation/Scene/trailer_right_wall", "contact_offset_m": 0.01, "newton_contact_gap_m": 0.01, "rest_offset_m": 0.0}, {"collider": "/Validation/Scene/trailer_ceiling", "contact_offset_m": 0.01, "newton_contact_gap_m": 0.01, "rest_offset_m": 0.0}, {"collider": "/Validation/Scene/trailer_closed_end_wall", "contact_offset_m": 0.01, "newton_contact_gap_m": 0.01, "rest_offset_m": 0.0}, {"collider": "/Validation/Scene/carton_l00_c00", "contact_offset_m": 0.01, "newton_contact_gap_m": 0.01, "rest_offset_m": 0.0}, {"collider": "/Validation/Scene/carton_l00_c01", "contact_offset_m": 0.01, "newton_contact_gap_m": 0.01, "rest_offset_m": 0.0}, {"collider": "/Validation/Scene/carton_l00_c02", "contact_offset_m": 0.01, "newton_contact_gap_m": 0.01, "rest_offset_m": 0.0}, {"collider": "/Validation/Scene/carton_l00_c03", "contact_offset_m": 0.01, "newton_contact_gap_m": 0.01, "rest_offset_m": 0.0}, {"collider": "/Validation/Scene/carton_l00_c04", "contact_offset_m": 0.01, "newton_contact_gap_m": 0.01, "rest_offset_m": 0.0}, {"collider": "/Validation/Scene/carton_l01_c00", "contact_offset_m": 0.01, "newton_contact_gap_m": 0.01, "rest_offset_m": 0.0}, {"collider": "/Validation/Scene/carton_l01_c01", "contact_offset_m": 0.01, "newton_contact_gap_m": 0.01, "rest_offset_m": 0.0}, {"collider": "/Validation/Scene/carton_l01_c02", "contact_offset_m": 0.01, "newton_contact_gap_m": 0.01, "rest_offset_m": 0.0}, {"collider": "/Validation/Scene/carton_l01_c03", "contact_offset_m": 0.01, "newton_contact_gap_m": 0.01, "rest_offset_m": 0.0}, {"collider": "/Validation/Scene/carton_l01_c04", "contact_offset_m": 0.01, "newton_contact_gap_m": 0.01, "rest_offset_m": 0.0}, {"collider": "/Validation/Scene/carton_l02_c00", "contact_offset_m": 0.01, "newton_contact_gap_m": 0.01, "rest_offset_m": 0.0}, {"collider": "/Validation/Scene/carton_l02_c01", "contact_offset_m": 0.01, "newton_contact_gap_m": 0.01, "rest_offset_m": 0.0}, {"collider": "/Validation/Scene/carton_l02_c02", "contact_offset_m": 0.01, "newton_contact_gap_m": 0.01, "rest_offset_m": 0.0}, {"collider": "/Validation/Scene/carton_l02_c03", "contact_offset_m": 0.01, "newton_contact_gap_m": 0.01, "rest_offset_m": 0.0}, {"collider": "/Validation/Scene/carton_l02_c04", "contact_offset_m": 0.01, "newton_contact_gap_m": 0.01, "rest_offset_m": 0.0}, {"collider": "/Validation/Scene/carton_l03_c00", "contact_offset_m": 0.01, "newton_contact_gap_m": 0.01, "rest_offset_m": 0.0}, {"collider": "/Validation/Scene/carton_l03_c01", "contact_offset_m": 0.01, "newton_contact_gap_m": 0.01, "rest_offset_m": 0.0}, {"collider": "/Validation/Scene/carton_l03_c02", "contact_offset_m": 0.01, "newton_contact_gap_m": 0.01, "rest_offset_m": 0.0}, {"collider": "/Validation/Scene/carton_l03_c03", "contact_offset_m": 0.01, "newton_contact_gap_m": 0.01, "rest_offset_m": 0.0}, {"collider": "/Validation/Scene/carton_l03_c04", "contact_offset_m": 0.01, "newton_contact_gap_m": 0.01, "rest_offset_m": 0.0}, {"collider": "/Validation/Scene/carton_l04_c00", "contact_offset_m": 0.01, "newton_contact_gap_m": 0.01, "rest_offset_m": 0.0}, {"collider": "/Validation/Scene/carton_l04_c01", "contact_offset_m": 0.01, "newton_contact_gap_m": 0.01, "rest_offset_m": 0.0}, {"collider": "/Validation/Scene/carton_l04_c02", "contact_offset_m": 0.01, "newton_contact_gap_m": 0.01, "rest_offset_m": 0.0}, {"collider": "/Validation/Scene/carton_l04_c03", "contact_offset_m": 0.01, "newton_contact_gap_m": 0.01, "rest_offset_m": 0.0}, {"collider": "/Validation/Scene/carton_l04_c04", "contact_offset_m": 0.01, "newton_contact_gap_m": 0.01, "rest_offset_m": 0.0}, {"collider": "/Validation/Scene/carton_l05_c00", "contact_offset_m": 0.01, "newton_contact_gap_m": 0.01, "rest_offset_m": 0.0}, {"collider": "/Validation/Scene/carton_l05_c01", "contact_offset_m": 0.01, "newton_contact_gap_m": 0.01, "rest_offset_m": 0.0}, {"collider": "/Validation/Scene/carton_l05_c02", "contact_offset_m": 0.01, "newton_contact_gap_m": 0.01, "rest_offset_m": 0.0}, {"collider": "/Validation/Scene/carton_l05_c03", "contact_offset_m": 0.01, "newton_contact_gap_m": 0.01, "rest_offset_m": 0.0}, {"collider": "/Validation/Scene/carton_l05_c04", "contact_offset_m": 0.01, "newton_contact_gap_m": 0.01, "rest_offset_m": 0.0}, {"collider": "/Validation/Scene/carton_l06_c00", "contact_offset_m": 0.01, "newton_contact_gap_m": 0.01, "rest_offset_m": 0.0}, {"collider": "/Validation/Scene/carton_l06_c01", "contact_offset_m": 0.01, "newton_contact_gap_m": 0.01, "rest_offset_m": 0.0}, {"collider": "/Validation/Scene/carton_l06_c02", "contact_offset_m": 0.01, "newton_contact_gap_m": 0.01, "rest_offset_m": 0.0}, {"collider": "/Validation/Scene/carton_l06_c03", "contact_offset_m": 0.01, "newton_contact_gap_m": 0.01, "rest_offset_m": 0.0}, {"collider": "/Validation/Scene/carton_l06_c04", "contact_offset_m": 0.01, "newton_contact_gap_m": 0.01, "rest_offset_m": 0.0}, {"collider": "/Validation/Scene/carton_l07_c00", "contact_offset_m": 0.01, "newton_contact_gap_m": 0.01, "rest_offset_m": 0.0}, {"collider": "/Validation/Scene/carton_l07_c04", "contact_offset_m": 0.01, "newton_contact_gap_m": 0.01, "rest_offset_m": 0.0}], "scope": "all USD collision shapes including static surfaces", "status": "PASS"}, "cartons": {"contact_offsets_m": [[0.009999999776482582], [0.009999999776482582], [0.009999999776482582], [0.009999999776482582], [0.009999999776482582], [0.009999999776482582], [0.009999999776482582], [0.009999999776482582], [0.009999999776482582], [0.009999999776482582], [0.009999999776482582], [0.009999999776482582], [0.009999999776482582], [0.009999999776482582], [0.009999999776482582], [0.009999999776482582], [0.009999999776482582], [0.009999999776482582], [0.009999999776482582], [0.009999999776482582], [0.009999999776482582], [0.009999999776482582], [0.009999999776482582], [0.009999999776482582], [0.009999999776482582], [0.009999999776482582], [0.009999999776482582], [0.009999999776482582], [0.009999999776482582], [0.009999999776482582], [0.009999999776482582], [0.009999999776482582], [0.009999999776482582], [0.009999999776482582], [0.009999999776482582], [0.009999999776482582], [0.009999999776482582]], "read_only": true, "rest_offsets_m": [[0.0], [0.0], [0.0], [0.0], [0.0], [0.0], [0.0], [0.0], [0.0], [0.0], [0.0], [0.0], [0.0], [0.0], [0.0], [0.0], [0.0], [0.0], [0.0], [0.0], [0.0], [0.0], [0.0], [0.0], [0.0], [0.0], [0.0], [0.0], [0.0], [0.0], [0.0], [0.0], [0.0], [0.0], [0.0], [0.0], [0.0]], "shape_count": 37, "shape_path_mapping": "backend shape order; no unverified path-order assumption", "source": "PhysX tensor backend getters", "status": "PASS"}, "poc_acceptance": {"offsets_added_to_acceptance_clearance": false, "pair_contact_generation_envelope_m": 0.02, "required_pair_clearance_m": 0.005, "solver_offsets_changed_for_poc": false}, "policy": {"contact_offset_m": 0.01, "rest_offset_m": 0.0}, "schema": "m710_explicit_collision_offset_readback_v1"}, "collision_policy": {"boundary_mode": "finite_frozen_scene_walls", "box_box_physics_enabled": true, "compliant_cup_neighbor_contact_mode": "ignore", "fingerprint": "91e8bebb851170e3620b5e2fc1bda49b5a72d1e62c8b3a3cd0dbed3c05d928e5", "free_space_clearance_loss_tolerance_m": 0.0002, "free_space_clearance_m": 0.0052, "inactive_compliant_cup_stack_contact_mode": "physical_contact_within_compression", "maximum_actual_penetration_m": 0.01, "maximum_compliant_cup_additional_compression_m": 0.005, "maximum_neighbor_displacement_m": 0.06, "maximum_neighbor_tilt_rad": 0.2, "maximum_planned_stack_penetration_m": 0.01, "minimum_progress_m": 0.002, "progress_timeout_s": 3.0, "required_pair_clearance_m": 0.005, "schema": "m710_poc_pair_collision_policy_v4", "self_collision_clearance_m": 0.0, "stack_contact_mode": "planner_relaxed_physics_checked", "stack_contact_stages": ["support-release", "extraction"], "wrist_tool_exempt_links": ["J5_link", "J6_link"], "wrist_tool_exemption_status": "USER_APPROVED_SIMULATION_EXEMPTION"}, "collision_source": "real_cad_per_link_visual_and_compound_collision_required", "command_schedule_duration_seconds": 196.6900472379469, "comparison_fragment_completed": false, "contact_report_semantics": {"legacy_contact_pairs": "all reported proximity headers; POC acceptance uses measured pair separation and owned stage permissions", "physical_contact": "finite separation <= bound existing support_max_gap_m; impulse is not an acceptance bypass", "physical_contact_tolerance_m": 0.003, "support_and_premature_conveyor_layer": "physical_contact", "tolerance_source": "metadata.actual_state_gates.support_max_gap_m"}, "conveyor_active_surface_history": [{"active_surfaces": ["conveyor_longitudinal", "conveyor_transverse"], "time_s": 0.0}, {"active_surfaces": ["conveyor_transverse", "conveyor_longitudinal"], "time_s": 43.99583333333333}, {"active_surfaces": ["conveyor_longitudinal", "conveyor_transverse"], "time_s": 179.31666666666666}], "conveyor_enabled": true, "conveyor_exclusive_surface_drive_at_transfer": true, "conveyor_initial_direction_world": [-1.0, 0.0, 0.0], "conveyor_initial_surface": "conveyor_longitudinal", "conveyor_maximum_simultaneously_active_surfaces": 2, "conveyor_running_at_end": true, "conveyor_speed_command_m_s": 0.3, "conveyor_start_interlock_history": [], "conveyor_start_policy": "immediate", "conveyor_started_time_s": 0.0, "conveyor_stop_reason": null, "conveyor_stopped_time_s": null, "conveyor_surface_paths": {"conveyor_longitudinal": "/Validation/Scene/conveyor_longitudinal", "conveyor_transverse": "/Validation/Scene/conveyor_transverse"}, "conveyor_surface_velocity_api": "PhysxSchema.PhysxSurfaceVelocityAPI", "conveyor_transport_direction_count": 2, "conveyor_transport_distance_m": 0.0, "conveyor_transport_engaged": false, "conveyor_transport_lateral_drift_m": 0.0, "conveyor_transport_projected_speed_m_s": -0.00027193152345716953, "conveyor_transport_speed_audit_model": "piecewise_selected_active_surface_direction", "conveyor_transport_speed_within_tolerance": false, "conveyor_visual_motion": {"independent_phase_accumulators_m": {"conveyor_longitudinal": 59.20124999996428, "conveyor_transverse": 59.20124999996428}, "marker_counts": {"conveyor_longitudinal": 14, "conveyor_transverse": 8}, "markers_follow_active_physx_surface_velocity": true, "markers_have_collision": false, "model": "industrial_belt_surface_and_roller_phase_v2", "roller_counts": {"conveyor_longitudinal": 2, "conveyor_transverse": 2}, "rollers_follow_active_physx_surface_velocity": true, "stopped_surface_phase_is_frozen": true}, "cup_collision_representation": "ALL_CUPS_COMPRESSED_BELLOWS_ENVELOPES_PLUS_VERIFIED_RIGID_INSERTS", "cup_mask_change_log": [{"commanded_ids": [], "commanded_mask": [false, false, false, false, false, false, false, false, false, false, false, false, false, false, false, false, false, false, false, false, false, false, false, false, false, false, false, false, false, false, false, false, false, false, false, false, false, false, false, false, false, false, false, false, false, false, false, false, false, false, false, false, false, false, false, false, false, false, false, false, false, false, false, false, false, false, false, false, false, false, false, false], "previous_commanded_mask": [false, false, false, false, false, false, false, false, false, false, false, false, true, true, true, true, true, true, true, true, true, true, true, true, true, true, true, true, true, true, true, true, true, true, true, true, true, true, true, true, true, true, true, true, true, true, true, true, true, true, true, true, true, true, true, true, true, true, true, true, false, false, false, false, false, false, false, false, false, false, false, false], "reason": "RELEASE_ALL_CUPS", "simulation_time_s": 187.2625}], "demonstration_target_cup_contact_exemption": {"event_count": 0, "maximum_penetration_m": 0.01, "minimum_separation_m": null, "requested_collider_basenames": [], "scope": "EXACT_COMPLIANT_CUP_VERSUS_SELECTED_TARGET_ONLY", "stages": []}, "drive_effort_output_qualified": false, "drive_gain_source": "simulation_assumption_pending_controller_log_calibration", "drive_input_effort_source": "isaac_articulation_commanded_effort_channel_not_position_drive_output", "dynamic_carton_state_count": 37, "dynamic_carton_state_log": "/root/autodl-tmp/curobo-v2-20260928-isaac/trial/isaac_after_import_fix/carton_states.json", "dynamic_collision_approximation": "Convex Decomposition", "effective_render_rate_hz": 5.0, "effort_limit_ratio": [], "evidence_manifest": {"bundle_sha256": "0a3c117b3eb14b45df88f0f1eb59949002715e5c6cd04e860f60d505b2e95ada", "git": {"changed_path_count": null, "commit": null, "dirty": null}, "imported_usd_sha256": "b08ae49c5b2ca0de07a9bcd5bba1d3ce5b4d911cc5cef8aaecad59d2e3f8c5a4", "isaacsim_package_version": "6.0.1.0", "merged_configuration_sha256": "8c65a401b57780fded48ef835d283671f6a3b650da17e0c7bfba6cdea3550da6", "output_sha256": {"carton_states_json": "947efda23977630f0beb7a6dc0a12dd380bcf141dcd6538c7dc51333ec8b0f8b", "depth_m_npy": "e71a39ce6e594c9f0b994993593c5384c7554b7c7ef5fdf3ed276331d05bfc01", "execution_events_json": "0e11e6f6372480ef294f66a6220e2de12524f3ce409ba2e648d743f2715f3127", "joint_tracking_csv": "faff91916bfd1460ae93bb22edf581bab20c8d121bf0a7161072cdcfc4bb66c9", "replay_gif": null, "replay_mp4": "c7e31368c92481c222345becc5f4651c2278d0a305b414fa0cd2a9325dd916be", "replay_preview_mp4": null, "rgb_png": "451ad3ff45436f511a276c6379901a8efab49a8ca4a34cc27d8b2f3bec6bca1f"}, "physics": {"conveyor_contact_model": "physx_surface_velocity_dynamic_payload", "conveyor_speed_command_m_s": 0.3, "missing_shear_limit_solver_fallback": false, "physical_cup_count_is_not_simulation_attachment_point_count": true, "physics_hz": 240.0, "post_release_seconds": 3.0, "render_every_physics_steps": 48, "surface_gripper_force_distribution": "sealed_cup_wrench_aggregated_at_single_same_body_fixed_constraint_after_actual_contact;_not_a_compliant_per_cup_load_distribution"}, "replay_adapter_sha256": "979088d60dd0322d12eb9dfe0305354447d21c1a199685110fb52ce8a3625425", "robot_srdf_sha256": "dd859deb310764c70d77c5a5bbe52d2033c959c738171344f17ac903deb29a16", "robot_urdf_sha256": "2a813af47694819c44c888fe54e0041b045355ffb5273b012e3ff995b4999bcf", "source_plan_sha256": "8595db575e64e8ffffb5a70d150e89e714472c496c1ac0c394da7c3d38d2b0d0"}, "execution_counts": {"actual_grasp": 1, "actual_reception": 0, "actual_release": 1, "downstream_physical_qualification_claimed": false, "ideal_outfeed": 1, "ideal_reception": 1, "workflow_processed": 1}, "execution_event_count": 11, "execution_event_log": "/root/autodl-tmp/curobo-v2-20260928-isaac/trial/isaac_after_import_fix/execution_events.json", "execution_qualified": true, "expected_place_center_m": [-0.360040789644675, -0.6100289592037065, 0.900003535833044], "explicit_floor_declared": true, "final_receiver_support_audit": {"accepted": false, "angular_speed_rad_s": 0.0019179403812533457, "footprint_overlap_ratio": 0.0, "linear_speed_m_s": 0.18376405772795282, "reason": "PAYLOAD_NOT_IN_SUPPORT_CONTACT", "signed_normal_gap_m": 0.02275645652344549, "support_name": "conveyor_longitudinal", "support_normal_alignment": 0.9999999968268377, "support_surface_velocity_world_m_s": [-0.3, 0.0, 0.0], "transport_velocity_error_m_s": 0.352040321308109}, "finite_depth_fraction": 1.0, "first_unexpected_runtime_robot_contact": null, "format": "isaacsim_fanuc_replay_result_v2", "grasp_frame_position_error_m": 1.1102230246251565e-16, "grasp_frame_rotation_error_rad": 0.0, "grasp_time_seconds": 35.448875221942856, "gravity_feedforward": {"enabled": true, "external_attached_payload_feedforward_enabled": true, "external_method": "J_world_transpose_compensating_gravity_wrench_at_actual_COM_inside_same_finite_drive", "external_term_is_measured_actuator_effort": false, "method": "g_over_Kp_position_bias_inside_official_finite_drive_force_limit", "model_includes_external_carton": false, "model_includes_tool": true}, "gripper_active_sealed_cup_count": 48, "gripper_active_total_force_n": null, "gripper_actual_contact_gates_attachment": true, "gripper_actual_contact_mask": [false, false, false, false, false, false, false, false, false, false, false, false, true, true, true, true, true, true, true, true, true, true, true, true, true, true, true, true, true, true, true, true, true, true, true, true, true, true, true, true, true, true, true, true, true, true, true, true, true, true, true, true, true, true, true, true, true, true, true, true, false, false, false, false, false, false, false, false, false, false, false, false], "gripper_actual_contact_mask_source": "isaac_actual_grasp_body_and_target_state", "gripper_adapter": "surface_gripper", "gripper_attachment_point_count": null, "gripper_attachment_raycast_distances_m": [2.9029994251447865e-05, 2.50700722271029e-05, 2.1110150202702424e-05, 1.7150228178246436e-05, 1.319030615384596e-05, 9.230384129445484e-06, 3.0202164194454236e-05, 2.624224217005376e-05, 2.2282320145653285e-05, 1.8322398121197296e-05, 1.436247609679682e-05, 1.0402554072451856e-05, 3.13743341374051e-05, 2.741441211300462e-05, 2.3454490088659653e-05, 1.9494568064203668e-05, 1.553464603980319e-05, 1.1574724015402715e-05, 3.254650408046698e-05, 2.8586582056066502e-05, 2.4626660031666025e-05, 2.0666738007210036e-05, 1.6706815982809562e-05, 1.2746893958409087e-05, 3.3718674023417834e-05, 2.975875199901736e-05, 2.5798829974616886e-05, 2.1838907950160897e-05, 1.7878985925815934e-05, 1.3919063901415457e-05, 3.4890843966424205e-05, 3.093092194202373e-05, 2.6970999917678765e-05, 2.301107789322278e-05, 1.9051155868822302e-05, 1.5091233844421827e-05, 3.606301390948609e-05, 3.2103091885085614e-05, 2.8143169860685137e-05, 2.418324783622915e-05, 2.0223325811828674e-05, 1.6263403787428197e-05, 3.723518385249246e-05, 3.3275261828091986e-05, 2.931533980369151e-05, 2.535541777929103e-05, 2.1395495754890557e-05, 1.743557373049008e-05], "gripper_attachment_raycast_hit_count": 48, "gripper_attachment_raycast_within_capture_count": 48, "gripper_attachment_uses_original_target_body": true, "gripper_break_limits_enabled": null, "gripper_capacity_qualification": "NOT_APPLICABLE_IDEAL_HOLDING_CAPACITY_ASSUMPTION", "gripper_catalogue_theoretical_total_force_n_at_minus_60_kpa": null, "gripper_collision_enabled": true, "gripper_collision_representation": "step_per_rigid_solid_axis_aligned_boxes_compliant_cups_excluded", "gripper_commanded_active_mask": [false, false, false, false, false, false, false, false, false, false, false, false, true, true, true, true, true, true, true, true, true, true, true, true, true, true, true, true, true, true, true, true, true, true, true, true, true, true, true, true, true, true, true, true, true, true, true, true, true, true, true, true, true, true, true, true, true, true, true, true, false, false, false, false, false, false, false, false, false, false, false, false], "gripper_configured_holding_torque_nm": null, "gripper_configured_total_shear_force_n": null, "gripper_diagnostic_total_shear_force_n": null, "gripper_fixed_joint_torque_solver_fallback_used": false, "gripper_footprint_size_m": [0.288, 0.576], "gripper_force_limit_n": null, "gripper_geometrically_eligible_mask": [false, false, false, false, false, false, false, false, false, false, false, false, true, true, true, true, true, true, true, true, true, true, true, true, true, true, true, true, true, true, true, true, true, true, true, true, true, true, true, true, true, true, true, true, true, true, true, true, true, true, true, true, true, true, true, true, true, true, true, true, false, false, false, false, false, false, false, false, false, false, false, false], "gripper_hardware_maximum_total_force_n": null, "gripper_holding_capacity_assumption": "sufficient_for_selected_geometric_contacts", "gripper_independent_cup_actual_contact_audit": {"actual_contact_count": 48, "actual_contact_ids": ["cup_r00_c02", "cup_r01_c02", "cup_r02_c02", "cup_r03_c02", "cup_r04_c02", "cup_r05_c02", "cup_r00_c03", "cup_r01_c03", "cup_r02_c03", "cup_r03_c03", "cup_r04_c03", "cup_r05_c03", "cup_r00_c04", "cup_r01_c04", "cup_r02_c04", "cup_r03_c04", "cup_r04_c04", "cup_r05_c04", "cup_r00_c05", "cup_r01_c05", "cup_r02_c05", "cup_r03_c05", "cup_r04_c05", "cup_r05_c05", "cup_r00_c06", "cup_r01_c06", "cup_r02_c06", "cup_r03_c06", "cup_r04_c06", "cup_r05_c06", "cup_r00_c07", "cup_r01_c07", "cup_r02_c07", "cup_r03_c07", "cup_r04_c07", "cup_r05_c07", "cup_r00_c08", "cup_r01_c08", "cup_r02_c08", "cup_r03_c08", "cup_r04_c08", "cup_r05_c08", "cup_r00_c09", "cup_r01_c09", "cup_r02_c09", "cup_r03_c09", "cup_r04_c09", "cup_r05_c09"], "actual_contact_indices": [12, 13, 14, 15, 16, 17, 18, 19, 20, 21, 22, 23, 24, 25, 26, 27, 28, 29, 30, 31, 32, 33, 34, 35, 36, 37, 38, 39, 40, 41, 42, 43, 44, 45, 46, 47, 48, 49, 50, 51, 52, 53, 54, 55, 56, 57, 58, 59], "actual_contact_mask": [false, false, false, false, false, false, false, false, false, false, false, false, true, true, true, true, true, true, true, true, true, true, true, true, true, true, true, true, true, true, true, true, true, true, true, true, true, true, true, true, true, true, true, true, true, true, true, true, true, true, true, true, true, true, true, true, true, true, true, true, false, false, false, false, false, false, false, false, false, false, false, false], "actual_contacts_per_zone": [12, 24, 12], "actual_physical_contact_pose_world": [[8.88081076143434e-05, 0.00022199862113536607, 0.9999999714148657, -0.0007121210238186793], [2.5341831564437697e-05, -0.9999999750377011, 0.0002219963713794615, 0.8399826800120762], [0.9999999957354557, 2.532211576239858e-05, -8.881373124915321e-05, 2.2498826477821154], [0.0, 0.0, 0.0, 1.0]], "actual_q_rad": null, "actual_virtual_task_tcp_pose_world": null, "command_nonempty_required": true, "commanded_active_count": 48, "commanded_active_ids": ["cup_r00_c02", "cup_r01_c02", "cup_r02_c02", "cup_r03_c02", "cup_r04_c02", "cup_r05_c02", "cup_r00_c03", "cup_r01_c03", "cup_r02_c03", "cup_r03_c03", "cup_r04_c03", "cup_r05_c03", "cup_r00_c04", "cup_r01_c04", "cup_r02_c04", "cup_r03_c04", "cup_r04_c04", "cup_r05_c04", "cup_r00_c05", "cup_r01_c05", "cup_r02_c05", "cup_r03_c05", "cup_r04_c05", "cup_r05_c05", "cup_r00_c06", "cup_r01_c06", "cup_r02_c06", "cup_r03_c06", "cup_r04_c06", "cup_r05_c06", "cup_r00_c07", "cup_r01_c07", "cup_r02_c07", "cup_r03_c07", "cup_r04_c07", "cup_r05_c07", "cup_r00_c08", "cup_r01_c08", "cup_r02_c08", "cup_r03_c08", "cup_r04_c08", "cup_r05_c08", "cup_r00_c09", "cup_r01_c09", "cup_r02_c09", "cup_r03_c09", "cup_r04_c09", "cup_r05_c09"], "commanded_active_indices": [12, 13, 14, 15, 16, 17, 18, 19, 20, 21, 22, 23, 24, 25, 26, 27, 28, 29, 30, 31, 32, 33, 34, 35, 36, 37, 38, 39, 40, 41, 42, 43, 44, 45, 46, 47, 48, 49, 50, 51, 52, 53, 54, 55, 56, 57, 58, 59], "commanded_active_mask": [false, false, false, false, false, false, false, false, false, false, false, false, true, true, true, true, true, true, true, true, true, true, true, true, true, true, true, true, true, true, true, true, true, true, true, true, true, true, true, true, true, true, true, true, true, true, true, true, true, true, true, true, true, true, true, true, true, true, true, true, false, false, false, false, false, false, false, false, false, false, false, false], "contacts": [{"center_signed_gap_m": 2.6685654365379614e-05, "cup_id": "cup_r00_c00", "face_contact_center_world_m": [-0.0007546999791095965, 1.10397963832636, 2.129875960885247], "geometrically_eligible": false, "index": 0, "normal_alignment": 0.9999999962988358, "projected_ring_half_extents_on_face_m": [0.021500000006411855, 0.02150000007316317], "reason": "CUP_SEAL_RING_NOT_FULLY_ON_TARGET_FACE", "ring_signed_gap_range_m": [2.4835863474708803e-05, 2.8535445256050424e-05], "target_face": "front", "target_id": "carton_l07_c04"}, {"center_signed_gap_m": 2.2725732340979136e-05, "cup_id": "cup_r01_c00", "face_contact_center_world_m": [-0.000754397111855265, 1.103980853855187, 2.1778759610322442], "geometrically_eligible": false, "index": 1, "normal_alignment": 0.9999999962988358, "projected_ring_half_extents_on_face_m": [0.021500000006411855, 0.02150000007316317], "reason": "CUP_SEAL_RING_NOT_FULLY_ON_TARGET_FACE", "ring_signed_gap_range_m": [2.0875941450308326e-05, 2.4575523231649947e-05], "target_face": "front", "target_id": "carton_l07_c04"}, {"center_signed_gap_m": 1.876581031657866e-05, "cup_id": "cup_r02_c00", "face_contact_center_world_m": [-0.0007540942446009891, 1.1039820693840137, 2.225875961179242], "geometrically_eligible": false, "index": 2, "normal_alignment": 0.9999999962988358, "projected_ring_half_extents_on_face_m": [0.021500000006411855, 0.02150000007316317], "reason": "CUP_SEAL_RING_NOT_FULLY_ON_TARGET_FACE", "ring_signed_gap_range_m": [1.6916019425907848e-05, 2.061560120724947e-05], "target_face": "front", "target_id": "carton_l07_c04"}, {"center_signed_gap_m": 1.4805888292178185e-05, "cup_id": "cup_r03_c00", "face_contact_center_world_m": [-0.0007537913773467131, 1.1039832849128404, 2.273875961326239], "geometrically_eligible": false, "index": 3, "normal_alignment": 0.9999999962988358, "projected_ring_half_extents_on_face_m": [0.021500000006411855, 0.02150000007316317], "reason": "CUP_SEAL_RING_NOT_FULLY_ON_TARGET_FACE", "ring_signed_gap_range_m": [1.2956097401507374e-05, 1.6655679182848995e-05], "target_face": "front", "target_id": "carton_l07_c04"}, {"center_signed_gap_m": 1.0845966267777709e-05, "cup_id": "cup_r04_c00", "face_contact_center_world_m": [-0.0007534885100924371, 1.103984500441667, 2.321875961473236], "geometrically_eligible": false, "index": 4, "normal_alignment": 0.9999999962988358, "projected_ring_half_extents_on_face_m": [0.021500000006411855, 0.02150000007316317], "reason": "CUP_SEAL_RING_NOT_FULLY_ON_TARGET_FACE", "ring_signed_gap_range_m": [8.996175377106898e-06, 1.269575715844852e-05], "target_face": "front", "target_id": "carton_l07_c04"}, {"center_signed_gap_m": 6.8860442434327435e-06, "cup_id": "cup_r05_c00", "face_contact_center_world_m": [-0.0007531856428381056, 1.1039857159704938, 2.3698759616202336], "geometrically_eligible": false, "index": 5, "normal_alignment": 0.9999999962988358, "projected_ring_half_extents_on_face_m": [0.021500000006411855, 0.02150000007316317], "reason": "CUP_SEAL_RING_NOT_FULLY_ON_TARGET_FACE", "ring_signed_gap_range_m": [5.036253352761933e-06, 8.735835134103553e-06], "target_face": "front", "target_id": "carton_l07_c04"}, {"center_signed_gap_m": 2.7857824308385982e-05, "cup_id": "cup_r00_c01", "face_contact_center_world_m": [-0.0007428718753855756, 1.0559796397847678, 2.1298771762426987], "geometrically_eligible": false, "index": 6, "normal_alignment": 0.9999999962988358, "projected_ring_half_extents_on_face_m": [0.021500000006411855, 0.02150000007316317], "reason": "CUP_SEAL_RING_NOT_FULLY_ON_TARGET_FACE", "ring_signed_gap_range_m": [2.600803341771517e-05, 2.9707615199056792e-05], "target_face": "front", "target_id": "carton_l07_c04"}, {"center_signed_gap_m": 2.3897902283985508e-05, "cup_id": "cup_r01_c01", "face_contact_center_world_m": [-0.0007425690081312442, 1.0559808553135945, 2.1778771763896962], "geometrically_eligible": false, "index": 7, "normal_alignment": 0.9999999962988358, "projected_ring_half_extents_on_face_m": [0.021500000006411855, 0.02150000007316317], "reason": "CUP_SEAL_RING_NOT_FULLY_ON_TARGET_FACE", "ring_signed_gap_range_m": [2.2048111393314697e-05, 2.574769317465632e-05], "target_face": "front", "target_id": "carton_l07_c04"}, {"center_signed_gap_m": 1.993798025958503e-05, "cup_id": "cup_r02_c01", "face_contact_center_world_m": [-0.0007422661408769682, 1.0559820708424212, 2.225877176536694], "geometrically_eligible": false, "index": 8, "normal_alignment": 0.9999999962988358, "projected_ring_half_extents_on_face_m": [0.021500000006411855, 0.02150000007316317], "reason": "CUP_SEAL_RING_NOT_FULLY_ON_TARGET_FACE", "ring_signed_gap_range_m": [1.808818936891422e-05, 2.178777115025584e-05], "target_face": "front", "target_id": "carton_l07_c04"}, {"center_signed_gap_m": 1.5978058235240068e-05, "cup_id": "cup_r03_c01", "face_contact_center_world_m": [-0.0007419632736226922, 1.0559832863712482, 2.2738771766836905], "geometrically_eligible": false, "index": 9, "normal_alignment": 0.9999999962988358, "projected_ring_half_extents_on_face_m": [0.021500000006411855, 0.02150000007316317], "reason": "CUP_SEAL_RING_NOT_FULLY_ON_TARGET_FACE", "ring_signed_gap_range_m": [1.4128267344569257e-05, 1.7827849125910878e-05], "target_face": "front", "target_id": "carton_l07_c04"}, {"center_signed_gap_m": 1.201813621083959e-05, "cup_id": "cup_r04_c01", "face_contact_center_world_m": [-0.0007416604063684162, 1.0559845019000749, 2.321877176830688], "geometrically_eligible": false, "index": 10, "normal_alignment": 0.9999999962988358, "projected_ring_half_extents_on_face_m": [0.021500000006411855, 0.02150000007316317], "reason": "CUP_SEAL_RING_NOT_FULLY_ON_TARGET_FACE", "ring_signed_gap_range_m": [1.016834532016878e-05, 1.38679271015104e-05], "target_face": "front", "target_id": "carton_l07_c04"}, {"center_signed_gap_m": 8.058214186439114e-06, "cup_id": "cup_r05_c01", "face_contact_center_world_m": [-0.0007413575391141403, 1.0559857174289018, 2.3698771769776856], "geometrically_eligible": false, "index": 11, "normal_alignment": 0.9999999962988358, "projected_ring_half_extents_on_face_m": [0.021500000006411855, 0.02150000007316317], "reason": "CUP_SEAL_RING_NOT_FULLY_ON_TARGET_FACE", "ring_signed_gap_range_m": [6.208423295768304e-06, 9.908005077109925e-06], "target_face": "front", "target_id": "carton_l07_c04"}, {"center_signed_gap_m": 2.9029994251392354e-05, "cup_id": "cup_r00_c02", "face_contact_center_world_m": [-0.0007310437716616103, 1.0079796412431756, 2.1298783916001507], "geometrically_eligible": true, "index": 12, "normal_alignment": 0.9999999962988358, "projected_ring_half_extents_on_face_m": [0.021500000006411855, 0.02150000007316317], "reason": null, "ring_signed_gap_range_m": [2.7180203360721543e-05, 3.087978514206316e-05], "target_face": "front", "target_id": "carton_l07_c04"}, {"center_signed_gap_m": 2.5070072227047387e-05, "cup_id": "cup_r01_c02", "face_contact_center_world_m": [-0.0007307409044072788, 1.0079808567720023, 2.1778783917471483], "geometrically_eligible": true, "index": 13, "normal_alignment": 0.9999999962988358, "projected_ring_half_extents_on_face_m": [0.021500000006411855, 0.02150000007316317], "reason": null, "ring_signed_gap_range_m": [2.3220281336376577e-05, 2.6919863117718198e-05], "target_face": "front", "target_id": "carton_l07_c04"}, {"center_signed_gap_m": 2.1110150202646913e-05, "cup_id": "cup_r02_c02", "face_contact_center_world_m": [-0.0007304380371529473, 1.007982072300829, 2.225878391894145], "geometrically_eligible": true, "index": 14, "normal_alignment": 0.9999999962988358, "projected_ring_half_extents_on_face_m": [0.021500000006411855, 0.02150000007316317], "reason": null, "ring_signed_gap_range_m": [1.9260359311976103e-05, 2.2959941093317724e-05], "target_face": "front", "target_id": "carton_l07_c04"}, {"center_signed_gap_m": 1.7150228178246436e-05, "cup_id": "cup_r03_c02", "face_contact_center_world_m": [-0.0007301351698986713, 1.007983287829656, 2.2738783920411425], "geometrically_eligible": true, "index": 15, "normal_alignment": 0.9999999962988358, "projected_ring_half_extents_on_face_m": [0.021500000006411855, 0.02150000007316317], "reason": null, "ring_signed_gap_range_m": [1.5300437287575625e-05, 1.9000019068917246e-05], "target_face": "front", "target_id": "carton_l07_c04"}, {"center_signed_gap_m": 1.319030615384596e-05, "cup_id": "cup_r04_c02", "face_contact_center_world_m": [-0.0007298323026443954, 1.0079845033584827, 2.32187839218814], "geometrically_eligible": true, "index": 16, "normal_alignment": 0.9999999962988358, "projected_ring_half_extents_on_face_m": [0.021500000006411855, 0.02150000007316317], "reason": null, "ring_signed_gap_range_m": [1.134051526317515e-05, 1.504009704451677e-05], "target_face": "front", "target_id": "carton_l07_c04"}, {"center_signed_gap_m": 9.230384129445484e-06, "cup_id": "cup_r05_c02", "face_contact_center_world_m": [-0.0007295294353901194, 1.0079857188873096, 2.369878392335137], "geometrically_eligible": true, "index": 17, "normal_alignment": 0.9999999962988358, "projected_ring_half_extents_on_face_m": [0.021500000006411855, 0.02150000007316317], "reason": null, "ring_signed_gap_range_m": [7.380593238774674e-06, 1.1080175020116295e-05], "target_face": "front", "target_id": "carton_l07_c04"}, {"center_signed_gap_m": 3.0202164194398725e-05, "cup_id": "cup_r00_c03", "face_contact_center_world_m": [-0.0007192156679375894, 0.9599796427015834, 2.1298796069576027], "geometrically_eligible": true, "index": 18, "normal_alignment": 0.9999999962988358, "projected_ring_half_extents_on_face_m": [0.021500000006411855, 0.02150000007316317], "reason": null, "ring_signed_gap_range_m": [2.8352373303727915e-05, 3.205195508506953e-05], "target_face": "front", "target_id": "carton_l07_c04"}, {"center_signed_gap_m": 2.6242242169998248e-05, "cup_id": "cup_r01_c03", "face_contact_center_world_m": [-0.0007189128006833134, 0.9599808582304102, 2.1778796071045994], "geometrically_eligible": true, "index": 19, "normal_alignment": 0.9999999962988358, "projected_ring_half_extents_on_face_m": [0.021500000006411855, 0.02150000007316317], "reason": null, "ring_signed_gap_range_m": [2.4392451279327437e-05, 2.809203306066906e-05], "target_face": "front", "target_id": "carton_l07_c04"}, {"center_signed_gap_m": 2.2282320145597774e-05, "cup_id": "cup_r02_c03", "face_contact_center_world_m": [-0.0007186099334290375, 0.959982073759237, 2.225879607251597], "geometrically_eligible": true, "index": 20, "normal_alignment": 0.9999999962988358, "projected_ring_half_extents_on_face_m": [0.021500000006411855, 0.02150000007316317], "reason": null, "ring_signed_gap_range_m": [2.0432529254926963e-05, 2.4132111036268584e-05], "target_face": "front", "target_id": "carton_l07_c04"}, {"center_signed_gap_m": 1.8322398121197296e-05, "cup_id": "cup_r03_c03", "face_contact_center_world_m": [-0.0007183070661746505, 0.9599832892880638, 2.2738796073985945], "geometrically_eligible": true, "index": 21, "normal_alignment": 0.9999999962988358, "projected_ring_half_extents_on_face_m": [0.021500000006411855, 0.02150000007316317], "reason": null, "ring_signed_gap_range_m": [1.6472607230526486e-05, 2.0172189011868107e-05], "target_face": "front", "target_id": "carton_l07_c04"}, {"center_signed_gap_m": 1.436247609679682e-05, "cup_id": "cup_r04_c03", "face_contact_center_world_m": [-0.0007180041989203745, 0.9599845048168905, 2.3218796075455916], "geometrically_eligible": true, "index": 22, "normal_alignment": 0.9999999962988358, "projected_ring_half_extents_on_face_m": [0.021500000006411855, 0.02150000007316317], "reason": null, "ring_signed_gap_range_m": [1.251268520612601e-05, 1.621226698746763e-05], "target_face": "front", "target_id": "carton_l07_c04"}, {"center_signed_gap_m": 1.0402554072451856e-05, "cup_id": "cup_r05_c03", "face_contact_center_world_m": [-0.0007177013316660985, 0.9599857203457174, 2.3698796076925888], "geometrically_eligible": true, "index": 23, "normal_alignment": 0.9999999962988358, "projected_ring_half_extents_on_face_m": [0.021500000006411855, 0.02150000007316317], "reason": null, "ring_signed_gap_range_m": [8.552763181781046e-06, 1.2252344963122667e-05], "target_face": "front", "target_id": "carton_l07_c04"}, {"center_signed_gap_m": 3.1374334137349586e-05, "cup_id": "cup_r00_c04", "face_contact_center_world_m": [-0.0007073875642135685, 0.9119796441599913, 2.1298808223150543], "geometrically_eligible": true, "index": 24, "normal_alignment": 0.9999999962988358, "projected_ring_half_extents_on_face_m": [0.021500000006411855, 0.02150000007316317], "reason": null, "ring_signed_gap_range_m": [2.9524543246678775e-05, 3.322412502802039e-05], "target_face": "front", "target_id": "carton_l07_c04"}, {"center_signed_gap_m": 2.741441211294911e-05, "cup_id": "cup_r01_c04", "face_contact_center_world_m": [-0.0007070846969592925, 0.911980859688818, 2.1778808224620514], "geometrically_eligible": true, "index": 25, "normal_alignment": 0.9999999962988358, "projected_ring_half_extents_on_face_m": [0.021500000006411855, 0.02150000007316317], "reason": null, "ring_signed_gap_range_m": [2.5564621222278298e-05, 2.926420300361992e-05], "target_face": "front", "target_id": "carton_l07_c04"}, {"center_signed_gap_m": 2.3454490088604142e-05, "cup_id": "cup_r02_c04", "face_contact_center_world_m": [-0.0007067818297050166, 0.9119820752176448, 2.225880822609049], "geometrically_eligible": true, "index": 26, "normal_alignment": 0.9999999962988358, "projected_ring_half_extents_on_face_m": [0.021500000006411855, 0.02150000007316317], "reason": null, "ring_signed_gap_range_m": [2.160469919793333e-05, 2.5304280979274953e-05], "target_face": "front", "target_id": "carton_l07_c04"}, {"center_signed_gap_m": 1.9494568064203668e-05, "cup_id": "cup_r03_c04", "face_contact_center_world_m": [-0.0007064789624506851, 0.9119832907464717, 2.273880822756046], "geometrically_eligible": true, "index": 27, "normal_alignment": 0.9999999962988358, "projected_ring_half_extents_on_face_m": [0.021500000006411855, 0.02150000007316317], "reason": null, "ring_signed_gap_range_m": [1.7644777173532858e-05, 2.134435895487448e-05], "target_face": "front", "target_id": "carton_l07_c04"}, {"center_signed_gap_m": 1.553464603980319e-05, "cup_id": "cup_r04_c04", "face_contact_center_world_m": [-0.0007061760951964091, 0.9119845062752984, 2.3218808229030437], "geometrically_eligible": true, "index": 28, "normal_alignment": 0.9999999962988358, "projected_ring_half_extents_on_face_m": [0.021500000006411855, 0.02150000007316317], "reason": null, "ring_signed_gap_range_m": [1.368485514913238e-05, 1.7384436930474e-05], "target_face": "front", "target_id": "carton_l07_c04"}, {"center_signed_gap_m": 1.1574724015402715e-05, "cup_id": "cup_r05_c04", "face_contact_center_world_m": [-0.0007058732279420776, 0.9119857218041251, 2.3698808230500408], "geometrically_eligible": true, "index": 29, "normal_alignment": 0.9999999962988358, "projected_ring_half_extents_on_face_m": [0.021500000006411855, 0.02150000007316317], "reason": null, "ring_signed_gap_range_m": [9.724933124731904e-06, 1.3424514906073525e-05], "target_face": "front", "target_id": "carton_l07_c04"}, {"center_signed_gap_m": 3.254650408041147e-05, "cup_id": "cup_r00_c05", "face_contact_center_world_m": [-0.0006955594604895476, 0.863979645618399, 2.129882037672506], "geometrically_eligible": true, "index": 30, "normal_alignment": 0.9999999962988358, "projected_ring_half_extents_on_face_m": [0.021500000006411855, 0.02150000007316317], "reason": null, "ring_signed_gap_range_m": [3.069671318974066e-05, 3.4396294971082276e-05], "target_face": "front", "target_id": "carton_l07_c04"}, {"center_signed_gap_m": 2.858658205601099e-05, "cup_id": "cup_r01_c05", "face_contact_center_world_m": [-0.0006952565932352717, 0.8639808611472259, 2.1778820378195034], "geometrically_eligible": true, "index": 31, "normal_alignment": 0.9999999962988358, "projected_ring_half_extents_on_face_m": [0.021500000006411855, 0.02150000007316317], "reason": null, "ring_signed_gap_range_m": [2.673679116534018e-05, 3.0436372946681802e-05], "target_face": "front", "target_id": "carton_l07_c04"}, {"center_signed_gap_m": 2.4626660031610514e-05, "cup_id": "cup_r02_c05", "face_contact_center_world_m": [-0.0006949537259809957, 0.8639820766760526, 2.2258820379665005], "geometrically_eligible": true, "index": 32, "normal_alignment": 0.9999999962988358, "projected_ring_half_extents_on_face_m": [0.021500000006411855, 0.02150000007316317], "reason": null, "ring_signed_gap_range_m": [2.2776869140939703e-05, 2.6476450922281324e-05], "target_face": "front", "target_id": "carton_l07_c04"}, {"center_signed_gap_m": 2.0666738007210036e-05, "cup_id": "cup_r03_c05", "face_contact_center_world_m": [-0.0006946508587267197, 0.8639832922048793, 2.273882038113498], "geometrically_eligible": true, "index": 33, "normal_alignment": 0.9999999962988358, "projected_ring_half_extents_on_face_m": [0.021500000006411855, 0.02150000007316317], "reason": null, "ring_signed_gap_range_m": [1.8816947116539226e-05, 2.2516528897880847e-05], "target_face": "front", "target_id": "carton_l07_c04"}, {"center_signed_gap_m": 1.6706815982809562e-05, "cup_id": "cup_r04_c05", "face_contact_center_world_m": [-0.0006943479914723882, 0.8639845077337063, 2.321882038260495], "geometrically_eligible": true, "index": 34, "normal_alignment": 0.9999999962988358, "projected_ring_half_extents_on_face_m": [0.021500000006411855, 0.02150000007316317], "reason": null, "ring_signed_gap_range_m": [1.4857025092138752e-05, 1.8556606873480373e-05], "target_face": "front", "target_id": "carton_l07_c04"}, {"center_signed_gap_m": 1.2746893958409087e-05, "cup_id": "cup_r05_c05", "face_contact_center_world_m": [-0.0006940451242181123, 0.863985723262533, 2.3698820384074923], "geometrically_eligible": true, "index": 35, "normal_alignment": 0.9999999962988358, "projected_ring_half_extents_on_face_m": [0.021500000006411855, 0.02150000007316317], "reason": null, "ring_signed_gap_range_m": [1.0897103067738276e-05, 1.4596684849079897e-05], "target_face": "front", "target_id": "carton_l07_c04"}, {"center_signed_gap_m": 3.3718674023417834e-05, "cup_id": "cup_r00_c06", "face_contact_center_world_m": [-0.0006837313567655268, 0.8159796470768069, 2.129883253029958], "geometrically_eligible": true, "index": 36, "normal_alignment": 0.9999999962988358, "projected_ring_half_extents_on_face_m": [0.021500000006411855, 0.02150000007316317], "reason": null, "ring_signed_gap_range_m": [3.1868883132747026e-05, 3.556846491408864e-05], "target_face": "front", "target_id": "carton_l07_c04"}, {"center_signed_gap_m": 2.975875199901736e-05, "cup_id": "cup_r01_c06", "face_contact_center_world_m": [-0.0006834284895112508, 0.8159808626056336, 2.177883253176955], "geometrically_eligible": true, "index": 37, "normal_alignment": 0.9999999962988358, "projected_ring_half_extents_on_face_m": [0.021500000006411855, 0.02150000007316317], "reason": null, "ring_signed_gap_range_m": [2.790896110834655e-05, 3.160854288968817e-05], "target_face": "front", "target_id": "carton_l07_c04"}, {"center_signed_gap_m": 2.5798829974616886e-05, "cup_id": "cup_r02_c06", "face_contact_center_world_m": [-0.0006831256222569748, 0.8159820781344606, 2.2258832533239525], "geometrically_eligible": true, "index": 38, "normal_alignment": 0.9999999962988358, "projected_ring_half_extents_on_face_m": [0.021500000006411855, 0.02150000007316317], "reason": null, "ring_signed_gap_range_m": [2.3949039083946075e-05, 2.7648620865287696e-05], "target_face": "front", "target_id": "carton_l07_c04"}, {"center_signed_gap_m": 2.1838907950216408e-05, "cup_id": "cup_r03_c06", "face_contact_center_world_m": [-0.0006828227550026988, 0.8159832936632873, 2.27388325347095], "geometrically_eligible": true, "index": 39, "normal_alignment": 0.9999999962988358, "projected_ring_half_extents_on_face_m": [0.021500000006411855, 0.02150000007316317], "reason": null, "ring_signed_gap_range_m": [1.9989117059545598e-05, 2.368869884088722e-05], "target_face": "front", "target_id": "carton_l07_c04"}, {"center_signed_gap_m": 1.7878985925871445e-05, "cup_id": "cup_r04_c06", "face_contact_center_world_m": [-0.0006825198877484229, 0.815984509192114, 2.321883253617947], "geometrically_eligible": true, "index": 40, "normal_alignment": 0.9999999962988358, "projected_ring_half_extents_on_face_m": [0.021500000006411855, 0.02150000007316317], "reason": null, "ring_signed_gap_range_m": [1.6029195035200635e-05, 1.9728776816542256e-05], "target_face": "front", "target_id": "carton_l07_c04"}, {"center_signed_gap_m": 1.3919063901470968e-05, "cup_id": "cup_r05_c06", "face_contact_center_world_m": [-0.0006822170204940914, 0.8159857247209409, 2.3698832537649444], "geometrically_eligible": true, "index": 41, "normal_alignment": 0.9999999962988358, "projected_ring_half_extents_on_face_m": [0.021500000006411855, 0.02150000007316317], "reason": null, "ring_signed_gap_range_m": [1.2069273010800157e-05, 1.576885479214178e-05], "target_face": "front", "target_id": "carton_l07_c04"}, {"center_signed_gap_m": 3.4890843966424205e-05, "cup_id": "cup_r00_c07", "face_contact_center_world_m": [-0.0006719032530415614, 0.7679796485352148, 2.1298844683874094], "geometrically_eligible": true, "index": 42, "normal_alignment": 0.9999999962988358, "projected_ring_half_extents_on_face_m": [0.021500000006411855, 0.02150000007316317], "reason": null, "ring_signed_gap_range_m": [3.30410530757534e-05, 3.674063485709501e-05], "target_face": "front", "target_id": "carton_l07_c04"}, {"center_signed_gap_m": 3.093092194202373e-05, "cup_id": "cup_r01_c07", "face_contact_center_world_m": [-0.0006716003857872299, 0.7679808640640415, 2.177884468534407], "geometrically_eligible": true, "index": 43, "normal_alignment": 0.9999999962988358, "projected_ring_half_extents_on_face_m": [0.021500000006411855, 0.02150000007316317], "reason": null, "ring_signed_gap_range_m": [2.908113105135292e-05, 3.278071283269454e-05], "target_face": "front", "target_id": "carton_l07_c04"}, {"center_signed_gap_m": 2.6970999917678765e-05, "cup_id": "cup_r02_c07", "face_contact_center_world_m": [-0.0006712975185329539, 0.7679820795928682, 2.2258844686814045], "geometrically_eligible": true, "index": 44, "normal_alignment": 0.9999999962988358, "projected_ring_half_extents_on_face_m": [0.021500000006411855, 0.02150000007316317], "reason": null, "ring_signed_gap_range_m": [2.5121209027007954e-05, 2.8820790808349576e-05], "target_face": "front", "target_id": "carton_l07_c04"}, {"center_signed_gap_m": 2.301107789327829e-05, "cup_id": "cup_r03_c07", "face_contact_center_world_m": [-0.000670994651278678, 0.767983295121695, 2.2738844688284012], "geometrically_eligible": true, "index": 45, "normal_alignment": 0.9999999962988358, "projected_ring_half_extents_on_face_m": [0.021500000006411855, 0.02150000007316317], "reason": null, "ring_signed_gap_range_m": [2.116128700260748e-05, 2.48608687839491e-05], "target_face": "front", "target_id": "carton_l07_c04"}, {"center_signed_gap_m": 1.9051155868877814e-05, "cup_id": "cup_r04_c07", "face_contact_center_world_m": [-0.000670691784024402, 0.7679845106505219, 2.321884468975399], "geometrically_eligible": true, "index": 46, "normal_alignment": 0.9999999962988358, "projected_ring_half_extents_on_face_m": [0.021500000006411855, 0.02150000007316317], "reason": null, "ring_signed_gap_range_m": [1.7201364978207003e-05, 2.0900946759548624e-05], "target_face": "front", "target_id": "carton_l07_c04"}, {"center_signed_gap_m": 1.5091233844477338e-05, "cup_id": "cup_r05_c07", "face_contact_center_world_m": [-0.000670388916770126, 0.7679857261793486, 2.3698844691223964], "geometrically_eligible": true, "index": 47, "normal_alignment": 0.9999999962988358, "projected_ring_half_extents_on_face_m": [0.021500000006411855, 0.02150000007316317], "reason": null, "ring_signed_gap_range_m": [1.3241442953806527e-05, 1.6941024735148147e-05], "target_face": "front", "target_id": "carton_l07_c04"}, {"center_signed_gap_m": 3.606301390948609e-05, "cup_id": "cup_r00_c08", "face_contact_center_world_m": [-0.0006600751493175405, 0.7199796499936225, 2.1298856837448614], "geometrically_eligible": true, "index": 48, "normal_alignment": 0.9999999962988358, "projected_ring_half_extents_on_face_m": [0.021500000006411855, 0.02150000007316317], "reason": null, "ring_signed_gap_range_m": [3.421322301881528e-05, 3.7912804800156895e-05], "target_face": "front", "target_id": "carton_l07_c04"}, {"center_signed_gap_m": 3.2103091885085614e-05, "cup_id": "cup_r01_c08", "face_contact_center_world_m": [-0.0006597722820632645, 0.7199808655224494, 2.177885683891859], "geometrically_eligible": true, "index": 49, "normal_alignment": 0.9999999962988358, "projected_ring_half_extents_on_face_m": [0.021500000006411855, 0.02150000007316317], "reason": null, "ring_signed_gap_range_m": [3.0253300994414804e-05, 3.395288277575642e-05], "target_face": "front", "target_id": "carton_l07_c04"}, {"center_signed_gap_m": 2.8143169860685137e-05, "cup_id": "cup_r02_c08", "face_contact_center_world_m": [-0.0006594694148089331, 0.7199820810512761, 2.225885684038856], "geometrically_eligible": true, "index": 50, "normal_alignment": 0.9999999962988358, "projected_ring_half_extents_on_face_m": [0.021500000006411855, 0.02150000007316317], "reason": null, "ring_signed_gap_range_m": [2.6293378970014326e-05, 2.9992960751355947e-05], "target_face": "front", "target_id": "carton_l07_c04"}, {"center_signed_gap_m": 2.4183247836284663e-05, "cup_id": "cup_r03_c08", "face_contact_center_world_m": [-0.0006591665475546571, 0.7199832965801028, 2.2738856841858532], "geometrically_eligible": true, "index": 51, "normal_alignment": 0.9999999962988358, "projected_ring_half_extents_on_face_m": [0.021500000006411855, 0.02150000007316317], "reason": null, "ring_signed_gap_range_m": [2.2333456945613852e-05, 2.6033038726955473e-05], "target_face": "front", "target_id": "carton_l07_c04"}, {"center_signed_gap_m": 2.0223325811884185e-05, "cup_id": "cup_r04_c08", "face_contact_center_world_m": [-0.0006588636803003811, 0.7199845121089297, 2.321885684332851], "geometrically_eligible": true, "index": 52, "normal_alignment": 0.9999999962988358, "projected_ring_half_extents_on_face_m": [0.021500000006411855, 0.02150000007316317], "reason": null, "ring_signed_gap_range_m": [1.8373534921213375e-05, 2.2073116702554996e-05], "target_face": "front", "target_id": "carton_l07_c04"}, {"center_signed_gap_m": 1.6263403787483708e-05, "cup_id": "cup_r05_c08", "face_contact_center_world_m": [-0.0006585608130461051, 0.7199857276377565, 2.369885684479848], "geometrically_eligible": true, "index": 53, "normal_alignment": 0.9999999962988358, "projected_ring_half_extents_on_face_m": [0.021500000006411855, 0.02150000007316317], "reason": null, "ring_signed_gap_range_m": [1.4413612896812897e-05, 1.811319467815452e-05], "target_face": "front", "target_id": "carton_l07_c04"}, {"center_signed_gap_m": 3.723518385249246e-05, "cup_id": "cup_r00_c09", "face_contact_center_world_m": [-0.0006482470455935196, 0.6719796514520304, 2.1298868991023134], "geometrically_eligible": true, "index": 54, "normal_alignment": 0.9999999962988358, "projected_ring_half_extents_on_face_m": [0.021500000006411855, 0.02150000007316317], "reason": null, "ring_signed_gap_range_m": [3.538539296182165e-05, 3.908497474316327e-05], "target_face": "front", "target_id": "carton_l07_c04"}, {"center_signed_gap_m": 3.3275261828091986e-05, "cup_id": "cup_r01_c09", "face_contact_center_world_m": [-0.0006479441783392437, 0.6719808669808571, 2.1778868992493106], "geometrically_eligible": true, "index": 55, "normal_alignment": 0.9999999962988358, "projected_ring_half_extents_on_face_m": [0.021500000006411855, 0.02150000007316317], "reason": null, "ring_signed_gap_range_m": [3.142547093742118e-05, 3.512505271876279e-05], "target_face": "front", "target_id": "carton_l07_c04"}, {"center_signed_gap_m": 2.931533980369151e-05, "cup_id": "cup_r02_c09", "face_contact_center_world_m": [-0.0006476413110849122, 0.6719820825096839, 2.2258868993963077], "geometrically_eligible": true, "index": 56, "normal_alignment": 0.9999999962988358, "projected_ring_half_extents_on_face_m": [0.021500000006411855, 0.02150000007316317], "reason": null, "ring_signed_gap_range_m": [2.7465548913020698e-05, 3.116513069436232e-05], "target_face": "front", "target_id": "carton_l07_c04"}, {"center_signed_gap_m": 2.5355417779346542e-05, "cup_id": "cup_r03_c09", "face_contact_center_world_m": [-0.0006473384438306362, 0.6719832980385108, 2.2738868995433053], "geometrically_eligible": true, "index": 57, "normal_alignment": 0.9999999962988358, "projected_ring_half_extents_on_face_m": [0.021500000006411855, 0.02150000007316317], "reason": null, "ring_signed_gap_range_m": [2.350562688867573e-05, 2.7205208670017353e-05], "target_face": "front", "target_id": "carton_l07_c04"}, {"center_signed_gap_m": 2.1395495754946068e-05, "cup_id": "cup_r04_c09", "face_contact_center_world_m": [-0.0006470355765763602, 0.6719845135673375, 2.3218868996903024], "geometrically_eligible": true, "index": 58, "normal_alignment": 0.9999999962988358, "projected_ring_half_extents_on_face_m": [0.021500000006411855, 0.02150000007316317], "reason": null, "ring_signed_gap_range_m": [1.9545704864275258e-05, 2.324528664561688e-05], "target_face": "front", "target_id": "carton_l07_c04"}, {"center_signed_gap_m": 1.743557373054559e-05, "cup_id": "cup_r05_c09", "face_contact_center_world_m": [-0.0006467327093220843, 0.6719857290961643, 2.3698868998373], "geometrically_eligible": true, "index": 59, "normal_alignment": 0.9999999962988358, "projected_ring_half_extents_on_face_m": [0.021500000006411855, 0.02150000007316317], "reason": null, "ring_signed_gap_range_m": [1.558578283987478e-05, 1.92853646212164e-05], "target_face": "front", "target_id": "carton_l07_c04"}, {"center_signed_gap_m": 3.840735379549883e-05, "cup_id": "cup_r00_c10", "face_contact_center_world_m": [-0.0006364189418694988, 0.6239796529104382, 2.129888114459765], "geometrically_eligible": false, "index": 60, "normal_alignment": 0.9999999962988358, "projected_ring_half_extents_on_face_m": [0.021500000006411855, 0.02150000007316317], "reason": "CUP_SEAL_RING_NOT_FULLY_ON_TARGET_FACE", "ring_signed_gap_range_m": [3.6557562904828024e-05, 4.025714468616964e-05], "target_face": "front", "target_id": "carton_l07_c04"}, {"center_signed_gap_m": 3.444743177115387e-05, "cup_id": "cup_r01_c10", "face_contact_center_world_m": [-0.0006361160746152228, 0.623980868439265, 2.1778881146067626], "geometrically_eligible": false, "index": 61, "normal_alignment": 0.9999999962988358, "projected_ring_half_extents_on_face_m": [0.021500000006411855, 0.02150000007316317], "reason": "CUP_SEAL_RING_NOT_FULLY_ON_TARGET_FACE", "ring_signed_gap_range_m": [3.259764088048306e-05, 3.6297222661824676e-05], "target_face": "front", "target_id": "carton_l07_c04"}, {"center_signed_gap_m": 3.048750974675339e-05, "cup_id": "cup_r02_c10", "face_contact_center_world_m": [-0.0006358132073609468, 0.6239820839680917, 2.2258881147537597], "geometrically_eligible": false, "index": 62, "normal_alignment": 0.9999999962988358, "projected_ring_half_extents_on_face_m": [0.021500000006411855, 0.02150000007316317], "reason": "CUP_SEAL_RING_NOT_FULLY_ON_TARGET_FACE", "ring_signed_gap_range_m": [2.863771885608258e-05, 3.23373006374242e-05], "target_face": "front", "target_id": "carton_l07_c04"}, {"center_signed_gap_m": 2.6527587722352914e-05, "cup_id": "cup_r03_c10", "face_contact_center_world_m": [-0.0006355103401066153, 0.6239832994969186, 2.273888114900757], "geometrically_eligible": false, "index": 63, "normal_alignment": 0.9999999962988358, "projected_ring_half_extents_on_face_m": [0.021500000006411855, 0.02150000007316317], "reason": "CUP_SEAL_RING_NOT_FULLY_ON_TARGET_FACE", "ring_signed_gap_range_m": [2.4677796831682103e-05, 2.8377378613023724e-05], "target_face": "front", "target_id": "carton_l07_c04"}, {"center_signed_gap_m": 2.2567665697952436e-05, "cup_id": "cup_r04_c10", "face_contact_center_world_m": [-0.0006352074728523394, 0.6239845150257454, 2.3218881150477544], "geometrically_eligible": false, "index": 64, "normal_alignment": 0.9999999962988358, "projected_ring_half_extents_on_face_m": [0.021500000006411855, 0.02150000007316317], "reason": "CUP_SEAL_RING_NOT_FULLY_ON_TARGET_FACE", "ring_signed_gap_range_m": [2.0717874807281626e-05, 2.4417456588623247e-05], "target_face": "front", "target_id": "carton_l07_c04"}, {"center_signed_gap_m": 1.8607743673551962e-05, "cup_id": "cup_r05_c10", "face_contact_center_world_m": [-0.0006349046055980634, 0.6239857305545722, 2.369888115194752], "geometrically_eligible": false, "index": 65, "normal_alignment": 0.9999999962988358, "projected_ring_half_extents_on_face_m": [0.021500000006411855, 0.02150000007316317], "reason": "CUP_SEAL_RING_NOT_FULLY_ON_TARGET_FACE", "ring_signed_gap_range_m": [1.6757952782881152e-05, 2.0457534564222773e-05], "target_face": "front", "target_id": "carton_l07_c04"}, {"center_signed_gap_m": 3.9579523738560714e-05, "cup_id": "cup_r00_c11", "face_contact_center_world_m": [-0.0006245908381454779, 0.575979654368846, 2.129889329817217], "geometrically_eligible": false, "index": 66, "normal_alignment": 0.9999999962988358, "projected_ring_half_extents_on_face_m": [0.021500000006411855, 0.02150000007316317], "reason": "CUP_SEAL_RING_NOT_FULLY_ON_TARGET_FACE", "ring_signed_gap_range_m": [3.772973284788991e-05, 4.142931462923152e-05], "target_face": "front", "target_id": "carton_l07_c04"}, {"center_signed_gap_m": 3.5619601714160234e-05, "cup_id": "cup_r01_c11", "face_contact_center_world_m": [-0.0006242879708912019, 0.5759808698976727, 2.177889329964214], "geometrically_eligible": false, "index": 67, "normal_alignment": 0.9999999962988358, "projected_ring_half_extents_on_face_m": [0.021500000006411855, 0.02150000007316317], "reason": "CUP_SEAL_RING_NOT_FULLY_ON_TARGET_FACE", "ring_signed_gap_range_m": [3.3769810823489426e-05, 3.746939260483104e-05], "target_face": "front", "target_id": "carton_l07_c04"}, {"center_signed_gap_m": 3.165967968975976e-05, "cup_id": "cup_r02_c11", "face_contact_center_world_m": [-0.0006239851036369259, 0.5759820854264996, 2.2258893301112113], "geometrically_eligible": false, "index": 68, "normal_alignment": 0.9999999962988358, "projected_ring_half_extents_on_face_m": [0.021500000006411855, 0.02150000007316317], "reason": "CUP_SEAL_RING_NOT_FULLY_ON_TARGET_FACE", "ring_signed_gap_range_m": [2.980988879908895e-05, 3.350947058043057e-05], "target_face": "front", "target_id": "carton_l07_c04"}, {"center_signed_gap_m": 2.7699757665303774e-05, "cup_id": "cup_r03_c11", "face_contact_center_world_m": [-0.00062368223638265, 0.5759833009553262, 2.273889330258209], "geometrically_eligible": false, "index": 69, "normal_alignment": 0.9999999962988358, "projected_ring_half_extents_on_face_m": [0.021500000006411855, 0.02150000007316317], "reason": "CUP_SEAL_RING_NOT_FULLY_ON_TARGET_FACE", "ring_signed_gap_range_m": [2.5849966774632964e-05, 2.9549548555974585e-05], "target_face": "front", "target_id": "carton_l07_c04"}, {"center_signed_gap_m": 2.3739835640903297e-05, "cup_id": "cup_r04_c11", "face_contact_center_world_m": [-0.0006233793691283185, 0.5759845164841532, 2.3218893304052064], "geometrically_eligible": false, "index": 70, "normal_alignment": 0.9999999962988358, "projected_ring_half_extents_on_face_m": [0.021500000006411855, 0.02150000007316317], "reason": "CUP_SEAL_RING_NOT_FULLY_ON_TARGET_FACE", "ring_signed_gap_range_m": [2.1890044750232486e-05, 2.5589626531574107e-05], "target_face": "front", "target_id": "carton_l07_c04"}, {"center_signed_gap_m": 1.9779913616558334e-05, "cup_id": "cup_r05_c11", "face_contact_center_world_m": [-0.0006230765018740425, 0.57598573201298, 2.369889330552203], "geometrically_eligible": false, "index": 71, "normal_alignment": 0.9999999962988358, "projected_ring_half_extents_on_face_m": [0.021500000006411855, 0.02150000007316317], "reason": "CUP_SEAL_RING_NOT_FULLY_ON_TARGET_FACE", "ring_signed_gap_range_m": [1.7930122725887523e-05, 2.1629704507229145e-05], "target_face": "front", "target_id": "carton_l07_c04"}], "cups": [{"T_contact_frame_cup": [[1.0, 0.0, 0.0, -0.12], [0.0, 1.0, 0.0, -0.264], [0.0, 0.0, 1.0, 0.0], [0.0, 0.0, 0.0, 1.0]], "center_contact_frame_m": [-0.12, -0.264, 0.0], "column": 0, "cup_id": "cup_r00_c00", "index": 0, "row": 0, "seal_radius_m": 0.0215, "working_surface": {"cup_local_inward_normal": [0.0, 0.0, 1.0], "cup_local_plane": "z=0", "frame": "nominal_compressed_physical_contact", "shape": "complete_circular_seal_ring"}, "zone": 0}, {"T_contact_frame_cup": [[1.0, 0.0, 0.0, -0.07200000000000001], [0.0, 1.0, 0.0, -0.264], [0.0, 0.0, 1.0, 0.0], [0.0, 0.0, 0.0, 1.0]], "center_contact_frame_m": [-0.07200000000000001, -0.264, 0.0], "column": 0, "cup_id": "cup_r01_c00", "index": 1, "row": 1, "seal_radius_m": 0.0215, "working_surface": {"cup_local_inward_normal": [0.0, 0.0, 1.0], "cup_local_plane": "z=0", "frame": "nominal_compressed_physical_contact", "shape": "complete_circular_seal_ring"}, "zone": 0}, {"T_contact_frame_cup": [[1.0, 0.0, 0.0, -0.024], [0.0, 1.0, 0.0, -0.264], [0.0, 0.0, 1.0, 0.0], [0.0, 0.0, 0.0, 1.0]], "center_contact_frame_m": [-0.024, -0.264, 0.0], "column": 0, "cup_id": "cup_r02_c00", "index": 2, "row": 2, "seal_radius_m": 0.0215, "working_surface": {"cup_local_inward_normal": [0.0, 0.0, 1.0], "cup_local_plane": "z=0", "frame": "nominal_compressed_physical_contact", "shape": "complete_circular_seal_ring"}, "zone": 0}, {"T_contact_frame_cup": [[1.0, 0.0, 0.0, 0.024], [0.0, 1.0, 0.0, -0.264], [0.0, 0.0, 1.0, 0.0], [0.0, 0.0, 0.0, 1.0]], "center_contact_frame_m": [0.024, -0.264, 0.0], "column": 0, "cup_id": "cup_r03_c00", "index": 3, "row": 3, "seal_radius_m": 0.0215, "working_surface": {"cup_local_inward_normal": [0.0, 0.0, 1.0], "cup_local_plane": "z=0", "frame": "nominal_compressed_physical_contact", "shape": "complete_circular_seal_ring"}, "zone": 0}, {"T_contact_frame_cup": [[1.0, 0.0, 0.0, 0.07200000000000001], [0.0, 1.0, 0.0, -0.264], [0.0, 0.0, 1.0, 0.0], [0.0, 0.0, 0.0, 1.0]], "center_contact_frame_m": [0.07200000000000001, -0.264, 0.0], "column": 0, "cup_id": "cup_r04_c00", "index": 4, "row": 4, "seal_radius_m": 0.0215, "working_surface": {"cup_local_inward_normal": [0.0, 0.0, 1.0], "cup_local_plane": "z=0", "frame": "nominal_compressed_physical_contact", "shape": "complete_circular_seal_ring"}, "zone": 0}, {"T_contact_frame_cup": [[1.0, 0.0, 0.0, 0.12], [0.0, 1.0, 0.0, -0.264], [0.0, 0.0, 1.0, 0.0], [0.0, 0.0, 0.0, 1.0]], "center_contact_frame_m": [0.12, -0.264, 0.0], "column": 0, "cup_id": "cup_r05_c00", "index": 5, "row": 5, "seal_radius_m": 0.0215, "working_surface": {"cup_local_inward_normal": [0.0, 0.0, 1.0], "cup_local_plane": "z=0", "frame": "nominal_compressed_physical_contact", "shape": "complete_circular_seal_ring"}, "zone": 0}, {"T_contact_frame_cup": [[1.0, 0.0, 0.0, -0.12], [0.0, 1.0, 0.0, -0.216], [0.0, 0.0, 1.0, 0.0], [0.0, 0.0, 0.0, 1.0]], "center_contact_frame_m": [-0.12, -0.216, 0.0], "column": 1, "cup_id": "cup_r00_c01", "index": 6, "row": 0, "seal_radius_m": 0.0215, "working_surface": {"cup_local_inward_normal": [0.0, 0.0, 1.0], "cup_local_plane": "z=0", "frame": "nominal_compressed_physical_contact", "shape": "complete_circular_seal_ring"}, "zone": 0}, {"T_contact_frame_cup": [[1.0, 0.0, 0.0, -0.07200000000000001], [0.0, 1.0, 0.0, -0.216], [0.0, 0.0, 1.0, 0.0], [0.0, 0.0, 0.0, 1.0]], "center_contact_frame_m": [-0.07200000000000001, -0.216, 0.0], "column": 1, "cup_id": "cup_r01_c01", "index": 7, "row": 1, "seal_radius_m": 0.0215, "working_surface": {"cup_local_inward_normal": [0.0, 0.0, 1.0], "cup_local_plane": "z=0", "frame": "nominal_compressed_physical_contact", "shape": "complete_circular_seal_ring"}, "zone": 0}, {"T_contact_frame_cup": [[1.0, 0.0, 0.0, -0.024], [0.0, 1.0, 0.0, -0.216], [0.0, 0.0, 1.0, 0.0], [0.0, 0.0, 0.0, 1.0]], "center_contact_frame_m": [-0.024, -0.216, 0.0], "column": 1, "cup_id": "cup_r02_c01", "index": 8, "row": 2, "seal_radius_m": 0.0215, "working_surface": {"cup_local_inward_normal": [0.0, 0.0, 1.0], "cup_local_plane": "z=0", "frame": "nominal_compressed_physical_contact", "shape": "complete_circular_seal_ring"}, "zone": 0}, {"T_contact_frame_cup": [[1.0, 0.0, 0.0, 0.024], [0.0, 1.0, 0.0, -0.216], [0.0, 0.0, 1.0, 0.0], [0.0, 0.0, 0.0, 1.0]], "center_contact_frame_m": [0.024, -0.216, 0.0], "column": 1, "cup_id": "cup_r03_c01", "index": 9, "row": 3, "seal_radius_m": 0.0215, "working_surface": {"cup_local_inward_normal": [0.0, 0.0, 1.0], "cup_local_plane": "z=0", "frame": "nominal_compressed_physical_contact", "shape": "complete_circular_seal_ring"}, "zone": 0}, {"T_contact_frame_cup": [[1.0, 0.0, 0.0, 0.07200000000000001], [0.0, 1.0, 0.0, -0.216], [0.0, 0.0, 1.0, 0.0], [0.0, 0.0, 0.0, 1.0]], "center_contact_frame_m": [0.07200000000000001, -0.216, 0.0], "column": 1, "cup_id": "cup_r04_c01", "index": 10, "row": 4, "seal_radius_m": 0.0215, "working_surface": {"cup_local_inward_normal": [0.0, 0.0, 1.0], "cup_local_plane": "z=0", "frame": "nominal_compressed_physical_contact", "shape": "complete_circular_seal_ring"}, "zone": 0}, {"T_contact_frame_cup": [[1.0, 0.0, 0.0, 0.12], [0.0, 1.0, 0.0, -0.216], [0.0, 0.0, 1.0, 0.0], [0.0, 0.0, 0.0, 1.0]], "center_contact_frame_m": [0.12, -0.216, 0.0], "column": 1, "cup_id": "cup_r05_c01", "index": 11, "row": 5, "seal_radius_m": 0.0215, "working_surface": {"cup_local_inward_normal": [0.0, 0.0, 1.0], "cup_local_plane": "z=0", "frame": "nominal_compressed_physical_contact", "shape": "complete_circular_seal_ring"}, "zone": 0}, {"T_contact_frame_cup": [[1.0, 0.0, 0.0, -0.12], [0.0, 1.0, 0.0, -0.168], [0.0, 0.0, 1.0, 0.0], [0.0, 0.0, 0.0, 1.0]], "center_contact_frame_m": [-0.12, -0.168, 0.0], "column": 2, "cup_id": "cup_r00_c02", "index": 12, "row": 0, "seal_radius_m": 0.0215, "working_surface": {"cup_local_inward_normal": [0.0, 0.0, 1.0], "cup_local_plane": "z=0", "frame": "nominal_compressed_physical_contact", "shape": "complete_circular_seal_ring"}, "zone": 0}, {"T_contact_frame_cup": [[1.0, 0.0, 0.0, -0.07200000000000001], [0.0, 1.0, 0.0, -0.168], [0.0, 0.0, 1.0, 0.0], [0.0, 0.0, 0.0, 1.0]], "center_contact_frame_m": [-0.07200000000000001, -0.168, 0.0], "column": 2, "cup_id": "cup_r01_c02", "index": 13, "row": 1, "seal_radius_m": 0.0215, "working_surface": {"cup_local_inward_normal": [0.0, 0.0, 1.0], "cup_local_plane": "z=0", "frame": "nominal_compressed_physical_contact", "shape": "complete_circular_seal_ring"}, "zone": 0}, {"T_contact_frame_cup": [[1.0, 0.0, 0.0, -0.024], [0.0, 1.0, 0.0, -0.168], [0.0, 0.0, 1.0, 0.0], [0.0, 0.0, 0.0, 1.0]], "center_contact_frame_m": [-0.024, -0.168, 0.0], "column": 2, "cup_id": "cup_r02_c02", "index": 14, "row": 2, "seal_radius_m": 0.0215, "working_surface": {"cup_local_inward_normal": [0.0, 0.0, 1.0], "cup_local_plane": "z=0", "frame": "nominal_compressed_physical_contact", "shape": "complete_circular_seal_ring"}, "zone": 0}, {"T_contact_frame_cup": [[1.0, 0.0, 0.0, 0.024], [0.0, 1.0, 0.0, -0.168], [0.0, 0.0, 1.0, 0.0], [0.0, 0.0, 0.0, 1.0]], "center_contact_frame_m": [0.024, -0.168, 0.0], "column": 2, "cup_id": "cup_r03_c02", "index": 15, "row": 3, "seal_radius_m": 0.0215, "working_surface": {"cup_local_inward_normal": [0.0, 0.0, 1.0], "cup_local_plane": "z=0", "frame": "nominal_compressed_physical_contact", "shape": "complete_circular_seal_ring"}, "zone": 0}, {"T_contact_frame_cup": [[1.0, 0.0, 0.0, 0.07200000000000001], [0.0, 1.0, 0.0, -0.168], [0.0, 0.0, 1.0, 0.0], [0.0, 0.0, 0.0, 1.0]], "center_contact_frame_m": [0.07200000000000001, -0.168, 0.0], "column": 2, "cup_id": "cup_r04_c02", "index": 16, "row": 4, "seal_radius_m": 0.0215, "working_surface": {"cup_local_inward_normal": [0.0, 0.0, 1.0], "cup_local_plane": "z=0", "frame": "nominal_compressed_physical_contact", "shape": "complete_circular_seal_ring"}, "zone": 0}, {"T_contact_frame_cup": [[1.0, 0.0, 0.0, 0.12], [0.0, 1.0, 0.0, -0.168], [0.0, 0.0, 1.0, 0.0], [0.0, 0.0, 0.0, 1.0]], "center_contact_frame_m": [0.12, -0.168, 0.0], "column": 2, "cup_id": "cup_r05_c02", "index": 17, "row": 5, "seal_radius_m": 0.0215, "working_surface": {"cup_local_inward_normal": [0.0, 0.0, 1.0], "cup_local_plane": "z=0", "frame": "nominal_compressed_physical_contact", "shape": "complete_circular_seal_ring"}, "zone": 0}, {"T_contact_frame_cup": [[1.0, 0.0, 0.0, -0.12], [0.0, 1.0, 0.0, -0.12], [0.0, 0.0, 1.0, 0.0], [0.0, 0.0, 0.0, 1.0]], "center_contact_frame_m": [-0.12, -0.12, 0.0], "column": 3, "cup_id": "cup_r00_c03", "index": 18, "row": 0, "seal_radius_m": 0.0215, "working_surface": {"cup_local_inward_normal": [0.0, 0.0, 1.0], "cup_local_plane": "z=0", "frame": "nominal_compressed_physical_contact", "shape": "complete_circular_seal_ring"}, "zone": 0}, {"T_contact_frame_cup": [[1.0, 0.0, 0.0, -0.07200000000000001], [0.0, 1.0, 0.0, -0.12], [0.0, 0.0, 1.0, 0.0], [0.0, 0.0, 0.0, 1.0]], "center_contact_frame_m": [-0.07200000000000001, -0.12, 0.0], "column": 3, "cup_id": "cup_r01_c03", "index": 19, "row": 1, "seal_radius_m": 0.0215, "working_surface": {"cup_local_inward_normal": [0.0, 0.0, 1.0], "cup_local_plane": "z=0", "frame": "nominal_compressed_physical_contact", "shape": "complete_circular_seal_ring"}, "zone": 0}, {"T_contact_frame_cup": [[1.0, 0.0, 0.0, -0.024], [0.0, 1.0, 0.0, -0.12], [0.0, 0.0, 1.0, 0.0], [0.0, 0.0, 0.0, 1.0]], "center_contact_frame_m": [-0.024, -0.12, 0.0], "column": 3, "cup_id": "cup_r02_c03", "index": 20, "row": 2, "seal_radius_m": 0.0215, "working_surface": {"cup_local_inward_normal": [0.0, 0.0, 1.0], "cup_local_plane": "z=0", "frame": "nominal_compressed_physical_contact", "shape": "complete_circular_seal_ring"}, "zone": 0}, {"T_contact_frame_cup": [[1.0, 0.0, 0.0, 0.024], [0.0, 1.0, 0.0, -0.12], [0.0, 0.0, 1.0, 0.0], [0.0, 0.0, 0.0, 1.0]], "center_contact_frame_m": [0.024, -0.12, 0.0], "column": 3, "cup_id": "cup_r03_c03", "index": 21, "row": 3, "seal_radius_m": 0.0215, "working_surface": {"cup_local_inward_normal": [0.0, 0.0, 1.0], "cup_local_plane": "z=0", "frame": "nominal_compressed_physical_contact", "shape": "complete_circular_seal_ring"}, "zone": 0}, {"T_contact_frame_cup": [[1.0, 0.0, 0.0, 0.07200000000000001], [0.0, 1.0, 0.0, -0.12], [0.0, 0.0, 1.0, 0.0], [0.0, 0.0, 0.0, 1.0]], "center_contact_frame_m": [0.07200000000000001, -0.12, 0.0], "column": 3, "cup_id": "cup_r04_c03", "index": 22, "row": 4, "seal_radius_m": 0.0215, "working_surface": {"cup_local_inward_normal": [0.0, 0.0, 1.0], "cup_local_plane": "z=0", "frame": "nominal_compressed_physical_contact", "shape": "complete_circular_seal_ring"}, "zone": 0}, {"T_contact_frame_cup": [[1.0, 0.0, 0.0, 0.12], [0.0, 1.0, 0.0, -0.12], [0.0, 0.0, 1.0, 0.0], [0.0, 0.0, 0.0, 1.0]], "center_contact_frame_m": [0.12, -0.12, 0.0], "column": 3, "cup_id": "cup_r05_c03", "index": 23, "row": 5, "seal_radius_m": 0.0215, "working_surface": {"cup_local_inward_normal": [0.0, 0.0, 1.0], "cup_local_plane": "z=0", "frame": "nominal_compressed_physical_contact", "shape": "complete_circular_seal_ring"}, "zone": 0}, {"T_contact_frame_cup": [[1.0, 0.0, 0.0, -0.12], [0.0, 1.0, 0.0, -0.07200000000000001], [0.0, 0.0, 1.0, 0.0], [0.0, 0.0, 0.0, 1.0]], "center_contact_frame_m": [-0.12, -0.07200000000000001, 0.0], "column": 4, "cup_id": "cup_r00_c04", "index": 24, "row": 0, "seal_radius_m": 0.0215, "working_surface": {"cup_local_inward_normal": [0.0, 0.0, 1.0], "cup_local_plane": "z=0", "frame": "nominal_compressed_physical_contact", "shape": "complete_circular_seal_ring"}, "zone": 1}, {"T_contact_frame_cup": [[1.0, 0.0, 0.0, -0.07200000000000001], [0.0, 1.0, 0.0, -0.07200000000000001], [0.0, 0.0, 1.0, 0.0], [0.0, 0.0, 0.0, 1.0]], "center_contact_frame_m": [-0.07200000000000001, -0.07200000000000001, 0.0], "column": 4, "cup_id": "cup_r01_c04", "index": 25, "row": 1, "seal_radius_m": 0.0215, "working_surface": {"cup_local_inward_normal": [0.0, 0.0, 1.0], "cup_local_plane": "z=0", "frame": "nominal_compressed_physical_contact", "shape": "complete_circular_seal_ring"}, "zone": 1}, {"T_contact_frame_cup": [[1.0, 0.0, 0.0, -0.024], [0.0, 1.0, 0.0, -0.07200000000000001], [0.0, 0.0, 1.0, 0.0], [0.0, 0.0, 0.0, 1.0]], "center_contact_frame_m": [-0.024, -0.07200000000000001, 0.0], "column": 4, "cup_id": "cup_r02_c04", "index": 26, "row": 2, "seal_radius_m": 0.0215, "working_surface": {"cup_local_inward_normal": [0.0, 0.0, 1.0], "cup_local_plane": "z=0", "frame": "nominal_compressed_physical_contact", "shape": "complete_circular_seal_ring"}, "zone": 1}, {"T_contact_frame_cup": [[1.0, 0.0, 0.0, 0.024], [0.0, 1.0, 0.0, -0.07200000000000001], [0.0, 0.0, 1.0, 0.0], [0.0, 0.0, 0.0, 1.0]], "center_contact_frame_m": [0.024, -0.07200000000000001, 0.0], "column": 4, "cup_id": "cup_r03_c04", "index": 27, "row": 3, "seal_radius_m": 0.0215, "working_surface": {"cup_local_inward_normal": [0.0, 0.0, 1.0], "cup_local_plane": "z=0", "frame": "nominal_compressed_physical_contact", "shape": "complete_circular_seal_ring"}, "zone": 1}, {"T_contact_frame_cup": [[1.0, 0.0, 0.0, 0.07200000000000001], [0.0, 1.0, 0.0, -0.07200000000000001], [0.0, 0.0, 1.0, 0.0], [0.0, 0.0, 0.0, 1.0]], "center_contact_frame_m": [0.07200000000000001, -0.07200000000000001, 0.0], "column": 4, "cup_id": "cup_r04_c04", "index": 28, "row": 4, "seal_radius_m": 0.0215, "working_surface": {"cup_local_inward_normal": [0.0, 0.0, 1.0], "cup_local_plane": "z=0", "frame": "nominal_compressed_physical_contact", "shape": "complete_circular_seal_ring"}, "zone": 1}, {"T_contact_frame_cup": [[1.0, 0.0, 0.0, 0.12], [0.0, 1.0, 0.0, -0.07200000000000001], [0.0, 0.0, 1.0, 0.0], [0.0, 0.0, 0.0, 1.0]], "center_contact_frame_m": [0.12, -0.07200000000000001, 0.0], "column": 4, "cup_id": "cup_r05_c04", "index": 29, "row": 5, "seal_radius_m": 0.0215, "working_surface": {"cup_local_inward_normal": [0.0, 0.0, 1.0], "cup_local_plane": "z=0", "frame": "nominal_compressed_physical_contact", "shape": "complete_circular_seal_ring"}, "zone": 1}, {"T_contact_frame_cup": [[1.0, 0.0, 0.0, -0.12], [0.0, 1.0, 0.0, -0.024], [0.0, 0.0, 1.0, 0.0], [0.0, 0.0, 0.0, 1.0]], "center_contact_frame_m": [-0.12, -0.024, 0.0], "column": 5, "cup_id": "cup_r00_c05", "index": 30, "row": 0, "seal_radius_m": 0.0215, "working_surface": {"cup_local_inward_normal": [0.0, 0.0, 1.0], "cup_local_plane": "z=0", "frame": "nominal_compressed_physical_contact", "shape": "complete_circular_seal_ring"}, "zone": 1}, {"T_contact_frame_cup": [[1.0, 0.0, 0.0, -0.07200000000000001], [0.0, 1.0, 0.0, -0.024], [0.0, 0.0, 1.0, 0.0], [0.0, 0.0, 0.0, 1.0]], "center_contact_frame_m": [-0.07200000000000001, -0.024, 0.0], "column": 5, "cup_id": "cup_r01_c05", "index": 31, "row": 1, "seal_radius_m": 0.0215, "working_surface": {"cup_local_inward_normal": [0.0, 0.0, 1.0], "cup_local_plane": "z=0", "frame": "nominal_compressed_physical_contact", "shape": "complete_circular_seal_ring"}, "zone": 1}, {"T_contact_frame_cup": [[1.0, 0.0, 0.0, -0.024], [0.0, 1.0, 0.0, -0.024], [0.0, 0.0, 1.0, 0.0], [0.0, 0.0, 0.0, 1.0]], "center_contact_frame_m": [-0.024, -0.024, 0.0], "column": 5, "cup_id": "cup_r02_c05", "index": 32, "row": 2, "seal_radius_m": 0.0215, "working_surface": {"cup_local_inward_normal": [0.0, 0.0, 1.0], "cup_local_plane": "z=0", "frame": "nominal_compressed_physical_contact", "shape": "complete_circular_seal_ring"}, "zone": 1}, {"T_contact_frame_cup": [[1.0, 0.0, 0.0, 0.024], [0.0, 1.0, 0.0, -0.024], [0.0, 0.0, 1.0, 0.0], [0.0, 0.0, 0.0, 1.0]], "center_contact_frame_m": [0.024, -0.024, 0.0], "column": 5, "cup_id": "cup_r03_c05", "index": 33, "row": 3, "seal_radius_m": 0.0215, "working_surface": {"cup_local_inward_normal": [0.0, 0.0, 1.0], "cup_local_plane": "z=0", "frame": "nominal_compressed_physical_contact", "shape": "complete_circular_seal_ring"}, "zone": 1}, {"T_contact_frame_cup": [[1.0, 0.0, 0.0, 0.07200000000000001], [0.0, 1.0, 0.0, -0.024], [0.0, 0.0, 1.0, 0.0], [0.0, 0.0, 0.0, 1.0]], "center_contact_frame_m": [0.07200000000000001, -0.024, 0.0], "column": 5, "cup_id": "cup_r04_c05", "index": 34, "row": 4, "seal_radius_m": 0.0215, "working_surface": {"cup_local_inward_normal": [0.0, 0.0, 1.0], "cup_local_plane": "z=0", "frame": "nominal_compressed_physical_contact", "shape": "complete_circular_seal_ring"}, "zone": 1}, {"T_contact_frame_cup": [[1.0, 0.0, 0.0, 0.12], [0.0, 1.0, 0.0, -0.024], [0.0, 0.0, 1.0, 0.0], [0.0, 0.0, 0.0, 1.0]], "center_contact_frame_m": [0.12, -0.024, 0.0], "column": 5, "cup_id": "cup_r05_c05", "index": 35, "row": 5, "seal_radius_m": 0.0215, "working_surface": {"cup_local_inward_normal": [0.0, 0.0, 1.0], "cup_local_plane": "z=0", "frame": "nominal_compressed_physical_contact", "shape": "complete_circular_seal_ring"}, "zone": 1}, {"T_contact_frame_cup": [[1.0, 0.0, 0.0, -0.12], [0.0, 1.0, 0.0, 0.024], [0.0, 0.0, 1.0, 0.0], [0.0, 0.0, 0.0, 1.0]], "center_contact_frame_m": [-0.12, 0.024, 0.0], "column": 6, "cup_id": "cup_r00_c06", "index": 36, "row": 0, "seal_radius_m": 0.0215, "working_surface": {"cup_local_inward_normal": [0.0, 0.0, 1.0], "cup_local_plane": "z=0", "frame": "nominal_compressed_physical_contact", "shape": "complete_circular_seal_ring"}, "zone": 1}, {"T_contact_frame_cup": [[1.0, 0.0, 0.0, -0.07200000000000001], [0.0, 1.0, 0.0, 0.024], [0.0, 0.0, 1.0, 0.0], [0.0, 0.0, 0.0, 1.0]], "center_contact_frame_m": [-0.07200000000000001, 0.024, 0.0], "column": 6, "cup_id": "cup_r01_c06", "index": 37, "row": 1, "seal_radius_m": 0.0215, "working_surface": {"cup_local_inward_normal": [0.0, 0.0, 1.0], "cup_local_plane": "z=0", "frame": "nominal_compressed_physical_contact", "shape": "complete_circular_seal_ring"}, "zone": 1}, {"T_contact_frame_cup": [[1.0, 0.0, 0.0, -0.024], [0.0, 1.0, 0.0, 0.024], [0.0, 0.0, 1.0, 0.0], [0.0, 0.0, 0.0, 1.0]], "center_contact_frame_m": [-0.024, 0.024, 0.0], "column": 6, "cup_id": "cup_r02_c06", "index": 38, "row": 2, "seal_radius_m": 0.0215, "working_surface": {"cup_local_inward_normal": [0.0, 0.0, 1.0], "cup_local_plane": "z=0", "frame": "nominal_compressed_physical_contact", "shape": "complete_circular_seal_ring"}, "zone": 1}, {"T_contact_frame_cup": [[1.0, 0.0, 0.0, 0.024], [0.0, 1.0, 0.0, 0.024], [0.0, 0.0, 1.0, 0.0], [0.0, 0.0, 0.0, 1.0]], "center_contact_frame_m": [0.024, 0.024, 0.0], "column": 6, "cup_id": "cup_r03_c06", "index": 39, "row": 3, "seal_radius_m": 0.0215, "working_surface": {"cup_local_inward_normal": [0.0, 0.0, 1.0], "cup_local_plane": "z=0", "frame": "nominal_compressed_physical_contact", "shape": "complete_circular_seal_ring"}, "zone": 1}, {"T_contact_frame_cup": [[1.0, 0.0, 0.0, 0.07200000000000001], [0.0, 1.0, 0.0, 0.024], [0.0, 0.0, 1.0, 0.0], [0.0, 0.0, 0.0, 1.0]], "center_contact_frame_m": [0.07200000000000001, 0.024, 0.0], "column": 6, "cup_id": "cup_r04_c06", "index": 40, "row": 4, "seal_radius_m": 0.0215, "working_surface": {"cup_local_inward_normal": [0.0, 0.0, 1.0], "cup_local_plane": "z=0", "frame": "nominal_compressed_physical_contact", "shape": "complete_circular_seal_ring"}, "zone": 1}, {"T_contact_frame_cup": [[1.0, 0.0, 0.0, 0.12], [0.0, 1.0, 0.0, 0.024], [0.0, 0.0, 1.0, 0.0], [0.0, 0.0, 0.0, 1.0]], "center_contact_frame_m": [0.12, 0.024, 0.0], "column": 6, "cup_id": "cup_r05_c06", "index": 41, "row": 5, "seal_radius_m": 0.0215, "working_surface": {"cup_local_inward_normal": [0.0, 0.0, 1.0], "cup_local_plane": "z=0", "frame": "nominal_compressed_physical_contact", "shape": "complete_circular_seal_ring"}, "zone": 1}, {"T_contact_frame_cup": [[1.0, 0.0, 0.0, -0.12], [0.0, 1.0, 0.0, 0.07200000000000001], [0.0, 0.0, 1.0, 0.0], [0.0, 0.0, 0.0, 1.0]], "center_contact_frame_m": [-0.12, 0.07200000000000001, 0.0], "column": 7, "cup_id": "cup_r00_c07", "index": 42, "row": 0, "seal_radius_m": 0.0215, "working_surface": {"cup_local_inward_normal": [0.0, 0.0, 1.0], "cup_local_plane": "z=0", "frame": "nominal_compressed_physical_contact", "shape": "complete_circular_seal_ring"}, "zone": 1}, {"T_contact_frame_cup": [[1.0, 0.0, 0.0, -0.07200000000000001], [0.0, 1.0, 0.0, 0.07200000000000001], [0.0, 0.0, 1.0, 0.0], [0.0, 0.0, 0.0, 1.0]], "center_contact_frame_m": [-0.07200000000000001, 0.07200000000000001, 0.0], "column": 7, "cup_id": "cup_r01_c07", "index": 43, "row": 1, "seal_radius_m": 0.0215, "working_surface": {"cup_local_inward_normal": [0.0, 0.0, 1.0], "cup_local_plane": "z=0", "frame": "nominal_compressed_physical_contact", "shape": "complete_circular_seal_ring"}, "zone": 1}, {"T_contact_frame_cup": [[1.0, 0.0, 0.0, -0.024], [0.0, 1.0, 0.0, 0.07200000000000001], [0.0, 0.0, 1.0, 0.0], [0.0, 0.0, 0.0, 1.0]], "center_contact_frame_m": [-0.024, 0.07200000000000001, 0.0], "column": 7, "cup_id": "cup_r02_c07", "index": 44, "row": 2, "seal_radius_m": 0.0215, "working_surface": {"cup_local_inward_normal": [0.0, 0.0, 1.0], "cup_local_plane": "z=0", "frame": "nominal_compressed_physical_contact", "shape": "complete_circular_seal_ring"}, "zone": 1}, {"T_contact_frame_cup": [[1.0, 0.0, 0.0, 0.024], [0.0, 1.0, 0.0, 0.07200000000000001], [0.0, 0.0, 1.0, 0.0], [0.0, 0.0, 0.0, 1.0]], "center_contact_frame_m": [0.024, 0.07200000000000001, 0.0], "column": 7, "cup_id": "cup_r03_c07", "index": 45, "row": 3, "seal_radius_m": 0.0215, "working_surface": {"cup_local_inward_normal": [0.0, 0.0, 1.0], "cup_local_plane": "z=0", "frame": "nominal_compressed_physical_contact", "shape": "complete_circular_seal_ring"}, "zone": 1}, {"T_contact_frame_cup": [[1.0, 0.0, 0.0, 0.07200000000000001], [0.0, 1.0, 0.0, 0.07200000000000001], [0.0, 0.0, 1.0, 0.0], [0.0, 0.0, 0.0, 1.0]], "center_contact_frame_m": [0.07200000000000001, 0.07200000000000001, 0.0], "column": 7, "cup_id": "cup_r04_c07", "index": 46, "row": 4, "seal_radius_m": 0.0215, "working_surface": {"cup_local_inward_normal": [0.0, 0.0, 1.0], "cup_local_plane": "z=0", "frame": "nominal_compressed_physical_contact", "shape": "complete_circular_seal_ring"}, "zone": 1}, {"T_contact_frame_cup": [[1.0, 0.0, 0.0, 0.12], [0.0, 1.0, 0.0, 0.07200000000000001], [0.0, 0.0, 1.0, 0.0], [0.0, 0.0, 0.0, 1.0]], "center_contact_frame_m": [0.12, 0.07200000000000001, 0.0], "column": 7, "cup_id": "cup_r05_c07", "index": 47, "row": 5, "seal_radius_m": 0.0215, "working_surface": {"cup_local_inward_normal": [0.0, 0.0, 1.0], "cup_local_plane": "z=0", "frame": "nominal_compressed_physical_contact", "shape": "complete_circular_seal_ring"}, "zone": 1}, {"T_contact_frame_cup": [[1.0, 0.0, 0.0, -0.12], [0.0, 1.0, 0.0, 0.12], [0.0, 0.0, 1.0, 0.0], [0.0, 0.0, 0.0, 1.0]], "center_contact_frame_m": [-0.12, 0.12, 0.0], "column": 8, "cup_id": "cup_r00_c08", "index": 48, "row": 0, "seal_radius_m": 0.0215, "working_surface": {"cup_local_inward_normal": [0.0, 0.0, 1.0], "cup_local_plane": "z=0", "frame": "nominal_compressed_physical_contact", "shape": "complete_circular_seal_ring"}, "zone": 2}, {"T_contact_frame_cup": [[1.0, 0.0, 0.0, -0.07200000000000001], [0.0, 1.0, 0.0, 0.12], [0.0, 0.0, 1.0, 0.0], [0.0, 0.0, 0.0, 1.0]], "center_contact_frame_m": [-0.07200000000000001, 0.12, 0.0], "column": 8, "cup_id": "cup_r01_c08", "index": 49, "row": 1, "seal_radius_m": 0.0215, "working_surface": {"cup_local_inward_normal": [0.0, 0.0, 1.0], "cup_local_plane": "z=0", "frame": "nominal_compressed_physical_contact", "shape": "complete_circular_seal_ring"}, "zone": 2}, {"T_contact_frame_cup": [[1.0, 0.0, 0.0, -0.024], [0.0, 1.0, 0.0, 0.12], [0.0, 0.0, 1.0, 0.0], [0.0, 0.0, 0.0, 1.0]], "center_contact_frame_m": [-0.024, 0.12, 0.0], "column": 8, "cup_id": "cup_r02_c08", "index": 50, "row": 2, "seal_radius_m": 0.0215, "working_surface": {"cup_local_inward_normal": [0.0, 0.0, 1.0], "cup_local_plane": "z=0", "frame": "nominal_compressed_physical_contact", "shape": "complete_circular_seal_ring"}, "zone": 2}, {"T_contact_frame_cup": [[1.0, 0.0, 0.0, 0.024], [0.0, 1.0, 0.0, 0.12], [0.0, 0.0, 1.0, 0.0], [0.0, 0.0, 0.0, 1.0]], "center_contact_frame_m": [0.024, 0.12, 0.0], "column": 8, "cup_id": "cup_r03_c08", "index": 51, "row": 3, "seal_radius_m": 0.0215, "working_surface": {"cup_local_inward_normal": [0.0, 0.0, 1.0], "cup_local_plane": "z=0", "frame": "nominal_compressed_physical_contact", "shape": "complete_circular_seal_ring"}, "zone": 2}, {"T_contact_frame_cup": [[1.0, 0.0, 0.0, 0.07200000000000001], [0.0, 1.0, 0.0, 0.12], [0.0, 0.0, 1.0, 0.0], [0.0, 0.0, 0.0, 1.0]], "center_contact_frame_m": [0.07200000000000001, 0.12, 0.0], "column": 8, "cup_id": "cup_r04_c08", "index": 52, "row": 4, "seal_radius_m": 0.0215, "working_surface": {"cup_local_inward_normal": [0.0, 0.0, 1.0], "cup_local_plane": "z=0", "frame": "nominal_compressed_physical_contact", "shape": "complete_circular_seal_ring"}, "zone": 2}, {"T_contact_frame_cup": [[1.0, 0.0, 0.0, 0.12], [0.0, 1.0, 0.0, 0.12], [0.0, 0.0, 1.0, 0.0], [0.0, 0.0, 0.0, 1.0]], "center_contact_frame_m": [0.12, 0.12, 0.0], "column": 8, "cup_id": "cup_r05_c08", "index": 53, "row": 5, "seal_radius_m": 0.0215, "working_surface": {"cup_local_inward_normal": [0.0, 0.0, 1.0], "cup_local_plane": "z=0", "frame": "nominal_compressed_physical_contact", "shape": "complete_circular_seal_ring"}, "zone": 2}, {"T_contact_frame_cup": [[1.0, 0.0, 0.0, -0.12], [0.0, 1.0, 0.0, 0.168], [0.0, 0.0, 1.0, 0.0], [0.0, 0.0, 0.0, 1.0]], "center_contact_frame_m": [-0.12, 0.168, 0.0], "column": 9, "cup_id": "cup_r00_c09", "index": 54, "row": 0, "seal_radius_m": 0.0215, "working_surface": {"cup_local_inward_normal": [0.0, 0.0, 1.0], "cup_local_plane": "z=0", "frame": "nominal_compressed_physical_contact", "shape": "complete_circular_seal_ring"}, "zone": 2}, {"T_contact_frame_cup": [[1.0, 0.0, 0.0, -0.07200000000000001], [0.0, 1.0, 0.0, 0.168], [0.0, 0.0, 1.0, 0.0], [0.0, 0.0, 0.0, 1.0]], "center_contact_frame_m": [-0.07200000000000001, 0.168, 0.0], "column": 9, "cup_id": "cup_r01_c09", "index": 55, "row": 1, "seal_radius_m": 0.0215, "working_surface": {"cup_local_inward_normal": [0.0, 0.0, 1.0], "cup_local_plane": "z=0", "frame": "nominal_compressed_physical_contact", "shape": "complete_circular_seal_ring"}, "zone": 2}, {"T_contact_frame_cup": [[1.0, 0.0, 0.0, -0.024], [0.0, 1.0, 0.0, 0.168], [0.0, 0.0, 1.0, 0.0], [0.0, 0.0, 0.0, 1.0]], "center_contact_frame_m": [-0.024, 0.168, 0.0], "column": 9, "cup_id": "cup_r02_c09", "index": 56, "row": 2, "seal_radius_m": 0.0215, "working_surface": {"cup_local_inward_normal": [0.0, 0.0, 1.0], "cup_local_plane": "z=0", "frame": "nominal_compressed_physical_contact", "shape": "complete_circular_seal_ring"}, "zone": 2}, {"T_contact_frame_cup": [[1.0, 0.0, 0.0, 0.024], [0.0, 1.0, 0.0, 0.168], [0.0, 0.0, 1.0, 0.0], [0.0, 0.0, 0.0, 1.0]], "center_contact_frame_m": [0.024, 0.168, 0.0], "column": 9, "cup_id": "cup_r03_c09", "index": 57, "row": 3, "seal_radius_m": 0.0215, "working_surface": {"cup_local_inward_normal": [0.0, 0.0, 1.0], "cup_local_plane": "z=0", "frame": "nominal_compressed_physical_contact", "shape": "complete_circular_seal_ring"}, "zone": 2}, {"T_contact_frame_cup": [[1.0, 0.0, 0.0, 0.07200000000000001], [0.0, 1.0, 0.0, 0.168], [0.0, 0.0, 1.0, 0.0], [0.0, 0.0, 0.0, 1.0]], "center_contact_frame_m": [0.07200000000000001, 0.168, 0.0], "column": 9, "cup_id": "cup_r04_c09", "index": 58, "row": 4, "seal_radius_m": 0.0215, "working_surface": {"cup_local_inward_normal": [0.0, 0.0, 1.0], "cup_local_plane": "z=0", "frame": "nominal_compressed_physical_contact", "shape": "complete_circular_seal_ring"}, "zone": 2}, {"T_contact_frame_cup": [[1.0, 0.0, 0.0, 0.12], [0.0, 1.0, 0.0, 0.168], [0.0, 0.0, 1.0, 0.0], [0.0, 0.0, 0.0, 1.0]], "center_contact_frame_m": [0.12, 0.168, 0.0], "column": 9, "cup_id": "cup_r05_c09", "index": 59, "row": 5, "seal_radius_m": 0.0215, "working_surface": {"cup_local_inward_normal": [0.0, 0.0, 1.0], "cup_local_plane": "z=0", "frame": "nominal_compressed_physical_contact", "shape": "complete_circular_seal_ring"}, "zone": 2}, {"T_contact_frame_cup": [[1.0, 0.0, 0.0, -0.12], [0.0, 1.0, 0.0, 0.216], [0.0, 0.0, 1.0, 0.0], [0.0, 0.0, 0.0, 1.0]], "center_contact_frame_m": [-0.12, 0.216, 0.0], "column": 10, "cup_id": "cup_r00_c10", "index": 60, "row": 0, "seal_radius_m": 0.0215, "working_surface": {"cup_local_inward_normal": [0.0, 0.0, 1.0], "cup_local_plane": "z=0", "frame": "nominal_compressed_physical_contact", "shape": "complete_circular_seal_ring"}, "zone": 2}, {"T_contact_frame_cup": [[1.0, 0.0, 0.0, -0.07200000000000001], [0.0, 1.0, 0.0, 0.216], [0.0, 0.0, 1.0, 0.0], [0.0, 0.0, 0.0, 1.0]], "center_contact_frame_m": [-0.07200000000000001, 0.216, 0.0], "column": 10, "cup_id": "cup_r01_c10", "index": 61, "row": 1, "seal_radius_m": 0.0215, "working_surface": {"cup_local_inward_normal": [0.0, 0.0, 1.0], "cup_local_plane": "z=0", "frame": "nominal_compressed_physical_contact", "shape": "complete_circular_seal_ring"}, "zone": 2}, {"T_contact_frame_cup": [[1.0, 0.0, 0.0, -0.024], [0.0, 1.0, 0.0, 0.216], [0.0, 0.0, 1.0, 0.0], [0.0, 0.0, 0.0, 1.0]], "center_contact_frame_m": [-0.024, 0.216, 0.0], "column": 10, "cup_id": "cup_r02_c10", "index": 62, "row": 2, "seal_radius_m": 0.0215, "working_surface": {"cup_local_inward_normal": [0.0, 0.0, 1.0], "cup_local_plane": "z=0", "frame": "nominal_compressed_physical_contact", "shape": "complete_circular_seal_ring"}, "zone": 2}, {"T_contact_frame_cup": [[1.0, 0.0, 0.0, 0.024], [0.0, 1.0, 0.0, 0.216], [0.0, 0.0, 1.0, 0.0], [0.0, 0.0, 0.0, 1.0]], "center_contact_frame_m": [0.024, 0.216, 0.0], "column": 10, "cup_id": "cup_r03_c10", "index": 63, "row": 3, "seal_radius_m": 0.0215, "working_surface": {"cup_local_inward_normal": [0.0, 0.0, 1.0], "cup_local_plane": "z=0", "frame": "nominal_compressed_physical_contact", "shape": "complete_circular_seal_ring"}, "zone": 2}, {"T_contact_frame_cup": [[1.0, 0.0, 0.0, 0.07200000000000001], [0.0, 1.0, 0.0, 0.216], [0.0, 0.0, 1.0, 0.0], [0.0, 0.0, 0.0, 1.0]], "center_contact_frame_m": [0.07200000000000001, 0.216, 0.0], "column": 10, "cup_id": "cup_r04_c10", "index": 64, "row": 4, "seal_radius_m": 0.0215, "working_surface": {"cup_local_inward_normal": [0.0, 0.0, 1.0], "cup_local_plane": "z=0", "frame": "nominal_compressed_physical_contact", "shape": "complete_circular_seal_ring"}, "zone": 2}, {"T_contact_frame_cup": [[1.0, 0.0, 0.0, 0.12], [0.0, 1.0, 0.0, 0.216], [0.0, 0.0, 1.0, 0.0], [0.0, 0.0, 0.0, 1.0]], "center_contact_frame_m": [0.12, 0.216, 0.0], "column": 10, "cup_id": "cup_r05_c10", "index": 65, "row": 5, "seal_radius_m": 0.0215, "working_surface": {"cup_local_inward_normal": [0.0, 0.0, 1.0], "cup_local_plane": "z=0", "frame": "nominal_compressed_physical_contact", "shape": "complete_circular_seal_ring"}, "zone": 2}, {"T_contact_frame_cup": [[1.0, 0.0, 0.0, -0.12], [0.0, 1.0, 0.0, 0.264], [0.0, 0.0, 1.0, 0.0], [0.0, 0.0, 0.0, 1.0]], "center_contact_frame_m": [-0.12, 0.264, 0.0], "column": 11, "cup_id": "cup_r00_c11", "index": 66, "row": 0, "seal_radius_m": 0.0215, "working_surface": {"cup_local_inward_normal": [0.0, 0.0, 1.0], "cup_local_plane": "z=0", "frame": "nominal_compressed_physical_contact", "shape": "complete_circular_seal_ring"}, "zone": 2}, {"T_contact_frame_cup": [[1.0, 0.0, 0.0, -0.07200000000000001], [0.0, 1.0, 0.0, 0.264], [0.0, 0.0, 1.0, 0.0], [0.0, 0.0, 0.0, 1.0]], "center_contact_frame_m": [-0.07200000000000001, 0.264, 0.0], "column": 11, "cup_id": "cup_r01_c11", "index": 67, "row": 1, "seal_radius_m": 0.0215, "working_surface": {"cup_local_inward_normal": [0.0, 0.0, 1.0], "cup_local_plane": "z=0", "frame": "nominal_compressed_physical_contact", "shape": "complete_circular_seal_ring"}, "zone": 2}, {"T_contact_frame_cup": [[1.0, 0.0, 0.0, -0.024], [0.0, 1.0, 0.0, 0.264], [0.0, 0.0, 1.0, 0.0], [0.0, 0.0, 0.0, 1.0]], "center_contact_frame_m": [-0.024, 0.264, 0.0], "column": 11, "cup_id": "cup_r02_c11", "index": 68, "row": 2, "seal_radius_m": 0.0215, "working_surface": {"cup_local_inward_normal": [0.0, 0.0, 1.0], "cup_local_plane": "z=0", "frame": "nominal_compressed_physical_contact", "shape": "complete_circular_seal_ring"}, "zone": 2}, {"T_contact_frame_cup": [[1.0, 0.0, 0.0, 0.024], [0.0, 1.0, 0.0, 0.264], [0.0, 0.0, 1.0, 0.0], [0.0, 0.0, 0.0, 1.0]], "center_contact_frame_m": [0.024, 0.264, 0.0], "column": 11, "cup_id": "cup_r03_c11", "index": 69, "row": 3, "seal_radius_m": 0.0215, "working_surface": {"cup_local_inward_normal": [0.0, 0.0, 1.0], "cup_local_plane": "z=0", "frame": "nominal_compressed_physical_contact", "shape": "complete_circular_seal_ring"}, "zone": 2}, {"T_contact_frame_cup": [[1.0, 0.0, 0.0, 0.07200000000000001], [0.0, 1.0, 0.0, 0.264], [0.0, 0.0, 1.0, 0.0], [0.0, 0.0, 0.0, 1.0]], "center_contact_frame_m": [0.07200000000000001, 0.264, 0.0], "column": 11, "cup_id": "cup_r04_c11", "index": 70, "row": 4, "seal_radius_m": 0.0215, "working_surface": {"cup_local_inward_normal": [0.0, 0.0, 1.0], "cup_local_plane": "z=0", "frame": "nominal_compressed_physical_contact", "shape": "complete_circular_seal_ring"}, "zone": 2}, {"T_contact_frame_cup": [[1.0, 0.0, 0.0, 0.12], [0.0, 1.0, 0.0, 0.264], [0.0, 0.0, 1.0, 0.0], [0.0, 0.0, 0.0, 1.0]], "center_contact_frame_m": [0.12, 0.264, 0.0], "column": 11, "cup_id": "cup_r05_c11", "index": 71, "row": 5, "seal_radius_m": 0.0215, "working_surface": {"cup_local_inward_normal": [0.0, 0.0, 1.0], "cup_local_plane": "z=0", "frame": "nominal_compressed_physical_contact", "shape": "complete_circular_seal_ring"}, "zone": 2}], "enforce_vacuum_break_force": false, "enforce_vacuum_break_torque": false, "enforce_vacuum_force_capacity": false, "geometrically_eligible_ids": ["cup_r00_c02", "cup_r01_c02", "cup_r02_c02", "cup_r03_c02", "cup_r04_c02", "cup_r05_c02", "cup_r00_c03", "cup_r01_c03", "cup_r02_c03", "cup_r03_c03", "cup_r04_c03", "cup_r05_c03", "cup_r00_c04", "cup_r01_c04", "cup_r02_c04", "cup_r03_c04", "cup_r04_c04", "cup_r05_c04", "cup_r00_c05", "cup_r01_c05", "cup_r02_c05", "cup_r03_c05", "cup_r04_c05", "cup_r05_c05", "cup_r00_c06", "cup_r01_c06", "cup_r02_c06", "cup_r03_c06", "cup_r04_c06", "cup_r05_c06", "cup_r00_c07", "cup_r01_c07", "cup_r02_c07", "cup_r03_c07", "cup_r04_c07", "cup_r05_c07", "cup_r00_c08", "cup_r01_c08", "cup_r02_c08", "cup_r03_c08", "cup_r04_c08", "cup_r05_c08", "cup_r00_c09", "cup_r01_c09", "cup_r02_c09", "cup_r03_c09", "cup_r04_c09", "cup_r05_c09"], "geometrically_eligible_mask": [false, false, false, false, false, false, false, false, false, false, false, false, true, true, true, true, true, true, true, true, true, true, true, true, true, true, true, true, true, true, true, true, true, true, true, true, true, true, true, true, true, true, true, true, true, true, true, true, true, true, true, true, true, true, true, true, true, true, true, true, false, false, false, false, false, false, false, false, false, false, false, false], "holding_capacity_assumption": "sufficient_for_selected_geometric_contacts", "load_bearing_minimum_cup_count": null, "mask_bit_order_cup_ids": ["cup_r00_c00", "cup_r01_c00", "cup_r02_c00", "cup_r03_c00", "cup_r04_c00", "cup_r05_c00", "cup_r00_c01", "cup_r01_c01", "cup_r02_c01", "cup_r03_c01", "cup_r04_c01", "cup_r05_c01", "cup_r00_c02", "cup_r01_c02", "cup_r02_c02", "cup_r03_c02", "cup_r04_c02", "cup_r05_c02", "cup_r00_c03", "cup_r01_c03", "cup_r02_c03", "cup_r03_c03", "cup_r04_c03", "cup_r05_c03", "cup_r00_c04", "cup_r01_c04", "cup_r02_c04", "cup_r03_c04", "cup_r04_c04", "cup_r05_c04", "cup_r00_c05", "cup_r01_c05", "cup_r02_c05", "cup_r03_c05", "cup_r04_c05", "cup_r05_c05", "cup_r00_c06", "cup_r01_c06", "cup_r02_c06", "cup_r03_c06", "cup_r04_c06", "cup_r05_c06", "cup_r00_c07", "cup_r01_c07", "cup_r02_c07", "cup_r03_c07", "cup_r04_c07", "cup_r05_c07", "cup_r00_c08", "cup_r01_c08", "cup_r02_c08", "cup_r03_c08", "cup_r04_c08", "cup_r05_c08", "cup_r00_c09", "cup_r01_c09", "cup_r02_c09", "cup_r03_c09", "cup_r04_c09", "cup_r05_c09", "cup_r00_c10", "cup_r01_c10", "cup_r02_c10", "cup_r03_c10", "cup_r04_c10", "cup_r05_c10", "cup_r00_c11", "cup_r01_c11", "cup_r02_c11", "cup_r03_c11", "cup_r04_c11", "cup_r05_c11"], "pose_source": "isaac_actual_grasp_body_and_target_state", "rigid_collision_semantics": "NOT_EVALUATED_HERE_CALLER_MUST_RETAIN_ALL_EXISTING_RIGID_COLLISION_CHECKS", "suction_mode": "ideal_independent_cups", "target_face": "front", "target_id": "carton_l07_c04"}, "gripper_limits_calibrated": false, "gripper_limits_source": "replay_bundle_uncalibrated_hardware_maximum", "gripper_mask_bit_order_cup_ids": ["cup_r00_c00", "cup_r01_c00", "cup_r02_c00", "cup_r03_c00", "cup_r04_c00", "cup_r05_c00", "cup_r00_c01", "cup_r01_c01", "cup_r02_c01", "cup_r03_c01", "cup_r04_c01", "cup_r05_c01", "cup_r00_c02", "cup_r01_c02", "cup_r02_c02", "cup_r03_c02", "cup_r04_c02", "cup_r05_c02", "cup_r00_c03", "cup_r01_c03", "cup_r02_c03", "cup_r03_c03", "cup_r04_c03", "cup_r05_c03", "cup_r00_c04", "cup_r01_c04", "cup_r02_c04", "cup_r03_c04", "cup_r04_c04", "cup_r05_c04", "cup_r00_c05", "cup_r01_c05", "cup_r02_c05", "cup_r03_c05", "cup_r04_c05", "cup_r05_c05", "cup_r00_c06", "cup_r01_c06", "cup_r02_c06", "cup_r03_c06", "cup_r04_c06", "cup_r05_c06", "cup_r00_c07", "cup_r01_c07", "cup_r02_c07", "cup_r03_c07", "cup_r04_c07", "cup_r05_c07", "cup_r00_c08", "cup_r01_c08", "cup_r02_c08", "cup_r03_c08", "cup_r04_c08", "cup_r05_c08", "cup_r00_c09", "cup_r01_c09", "cup_r02_c09", "cup_r03_c09", "cup_r04_c09", "cup_r05_c09", "cup_r00_c10", "cup_r01_c10", "cup_r02_c10", "cup_r03_c10", "cup_r04_c10", "cup_r05_c10", "cup_r00_c11", "cup_r01_c11", "cup_r02_c11", "cup_r03_c11", "cup_r04_c11", "cup_r05_c11"], "gripper_model_source": "step_geometry_with_ideal_independent_cups_and_actual_contact_gate", "gripper_physical_contact_audit": {"accepted": true, "hit_count": 48, "normal_aligned_count": 48, "normal_alignments": [0.9999999962988358, 0.9999999962988358, 0.9999999962988358, 0.9999999962988358, 0.9999999962988358, 0.9999999962988358, 0.9999999962988358, 0.9999999962988358, 0.9999999962988358, 0.9999999962988358, 0.9999999962988358, 0.9999999962988358, 0.9999999962988358, 0.9999999962988358, 0.9999999962988358, 0.9999999962988358, 0.9999999962988358, 0.9999999962988358, 0.9999999962988358, 0.9999999962988358, 0.9999999962988358, 0.9999999962988358, 0.9999999962988358, 0.9999999962988358, 0.9999999962988358, 0.9999999962988358, 0.9999999962988358, 0.9999999962988358, 0.9999999962988358, 0.9999999962988358, 0.9999999962988358, 0.9999999962988358, 0.9999999962988358, 0.9999999962988358, 0.9999999962988358, 0.9999999962988358, 0.9999999962988358, 0.9999999962988358, 0.9999999962988358, 0.9999999962988358, 0.9999999962988358, 0.9999999962988358, 0.9999999962988358, 0.9999999962988358, 0.9999999962988358, 0.9999999962988358, 0.9999999962988358, 0.9999999962988358], "reason": null, "signed_gaps_m": [2.9029994251447865e-05, 2.50700722271029e-05, 2.1110150202702424e-05, 1.7150228178246436e-05, 1.319030615384596e-05, 9.230384129445484e-06, 3.0202164194454236e-05, 2.624224217005376e-05, 2.2282320145653285e-05, 1.8322398121197296e-05, 1.436247609679682e-05, 1.0402554072451856e-05, 3.13743341374051e-05, 2.741441211300462e-05, 2.3454490088659653e-05, 1.9494568064203668e-05, 1.553464603980319e-05, 1.1574724015402715e-05, 3.254650408046698e-05, 2.8586582056066502e-05, 2.4626660031666025e-05, 2.0666738007210036e-05, 1.6706815982809562e-05, 1.2746893958409087e-05, 3.3718674023417834e-05, 2.975875199901736e-05, 2.5798829974616886e-05, 2.1838907950160897e-05, 1.7878985925815934e-05, 1.3919063901415457e-05, 3.4890843966424205e-05, 3.093092194202373e-05, 2.6970999917678765e-05, 2.301107789322278e-05, 1.9051155868822302e-05, 1.5091233844421827e-05, 3.606301390948609e-05, 3.2103091885085614e-05, 2.8143169860685137e-05, 2.418324783622915e-05, 2.0223325811828674e-05, 1.6263403787428197e-05, 3.723518385249246e-05, 3.3275261828091986e-05, 2.931533980369151e-05, 2.535541777929103e-05, 2.1395495754890557e-05, 1.743557373049008e-05], "within_gap_count": 48}, "gripper_physical_cup_count": 72, "gripper_physical_cup_model": "FG42", "gripper_planned_fk_contact_mask": [false, false, false, false, false, false, false, false, false, false, false, false, true, true, true, true, true, true, true, true, true, true, true, true, true, true, true, true, true, true, true, true, true, true, true, true, true, true, true, true, true, true, true, true, true, true, true, true, true, true, true, true, true, true, true, true, true, true, true, true, false, false, false, false, false, false, false, false, false, false, false, false], "gripper_product_model": "three-zone vacuum gripper with 72 FG42 cups", "gripper_pull_off_force_per_cup_n": null, "gripper_shear_force_limit_n": null, "gripper_shear_force_per_cup_n": null, "gripper_shear_solver_fallback_used": false, "gripper_simulation_attachment_point_count": null, "gripper_simulation_constraint_count": 1, "gripper_solver_attachment_model": "single_same_body_fixed_constraint_after_actual_contact", "gripper_suction_mode": "ideal_independent_cups", "gripper_torque_limit_nm": null, "gripper_wrench_envelope_complete": true, "held_conveyor_surfaces": [], "hud": {"body_line_count": 3, "body_pixels_at_1080p": 28, "chinese_enabled": false, "font_path": "/usr/share/fonts/truetype/dejavu/DejaVuSans.ttf", "model": "compact_bottom_left_v2", "position": "bottom_left"}, "ideal_release_handoff": {"context": {"receiver": "conveyor_longitudinal", "target": "carton_l07_c04", "task_id": "0", "transport_policy": {"downstream_capacity": "assumed_sufficient", "evaluate_post_landing_environment_collisions": false, "evaluate_tipping": false, "mode": "ideal_outfeed", "output_plane": {"direction": "-X", "name": "trailer_opening_x", "x_m": -3.2}, "reception_mode": "ideal", "tail_protection_enabled": false}, "world_id": "1790577723.9653654"}, "release": {"audit": {"accepted": true, "actual_landing_state": null, "actual_support": null, "angular_velocity_rad_s": [0.0021324120461940765, 0.0023823133669793606, -0.0004463016812223941], "flight_time_s": 0.0, "height_m": 0.02488690108224123, "landing_support": {"actual_box_pose": [[9.688084473546965e-06, -0.00018971496930788765, 0.9999999819571855, -0.35993292927742004], [5.9989372732539153e-05, 0.9999999802048629, 0.0001897143877933248, -0.6100566983222961], [-0.9999999981537081, 5.9987533681147255e-05, 9.699465163715004e-06, 0.9249003529548645], [0.0, 0.0, 0.0, 1.0]], "edge_tolerance_m": 0.002, "footprint_area_m2": 0.11999999977844494, "payload_half_extents_m": [0.3, 0.2, 0.15], "physical_support_observed": false, "reason": "IDEAL_FOOTPRINT_COVERED", "receiver_names": ["conveyor_longitudinal"], "schema": "ideal_receiver_projection_v1", "support_face_local_axis": 0, "support_face_local_sign": 1, "support_obbs": [{"category": "conveyor", "half_extents_m": [0.35, 0.75, 0.06], "name": "conveyor_transverse", "pose_world": [[1.0, 0.0, 0.0, -0.55], [0.0, 1.0, 0.0, 0.35], [0.0, 0.0, 1.0, 0.54], [0.0, 0.0, 0.0, 1.0]]}, {"category": "conveyor", "half_extents_m": [1.4, 0.35, 0.06], "name": "conveyor_longitudinal", "pose_world": [[1.0, 0.0, 0.0, -1.6], [0.0, 1.0, 0.0, -0.7500000000000001], [0.0, 0.0, 1.0, 0.54], [0.0, 0.0, 0.0, 1.0]]}], "support_z_m": 0.6000000000000001, "supported": true, "tolerance_m": 0.0, "unsupported_area_m2": 0}, "linear_velocity_m_s": [0.0003983229980804026, -0.00036246562376618385, 0.02029033564031124], "mode": "IDEAL_RECEPTION_RELEASE", "policy": {"gravity_m_s2": 9.81, "ideal_release_height_reserve_m": 0.005, "ideal_release_max_height_m": 0.05, "ideal_release_min_height_m": 0.02, "maximum_angular_speed_rad_s": 0.08, "maximum_drop_m": 0.05, "maximum_flight_s": 0.25, "maximum_landing_speed_m_s": 1.1, "position_uncertainty_m": 0.002, "prediction_step_s": 0.005, "velocity_uncertainty_m_s": 0.01}, "predicted_landing_pose_world": [[9.688084473546965e-06, -0.00018971496930788765, 0.9999999819571855, -0.35993292927742004], [5.9989372732539153e-05, 0.9999999802048629, 0.0001897143877933248, -0.6100566983222961], [-0.9999999981537081, 5.9987533681147255e-05, 9.699465163715004e-06, 0.9000134518726233], [0.0, 0.0, 0.0, 1.0]], "prediction_source": "BOUNDED_IDEAL_RECEPTION_REGION_NOT_PHYSICAL_LANDING", "reason": "IDEAL_RECEPTION_REGION_ACCEPTED", "reception_region": {"accepted": true, "actual_release_pose_world": [[9.688084473546965e-06, -0.00018971496930788765, 0.9999999819571855, -0.35993292927742004], [5.9989372732539153e-05, 0.9999999802048629, 0.0001897143877933248, -0.6100566983222961], [-0.9999999981537081, 5.9987533681147255e-05, 9.699465163715004e-06, 0.9249003529548645], [0.0, 0.0, 0.0, 1.0]], "actual_top_contact_observed": false, "gap_m": 0.02488690108224123, "height_policy": {"gravity_m_s2": 9.81, "ideal_release_height_reserve_m": 0.005, "ideal_release_max_height_m": 0.05, "ideal_release_min_height_m": 0.02, "maximum_angular_speed_rad_s": 0.08, "maximum_drop_m": 0.05, "maximum_flight_s": 0.25, "maximum_landing_speed_m_s": 1.1, "position_uncertainty_m": 0.002, "prediction_step_s": 0.005, "velocity_uncertainty_m_s": 0.01}, "physical_landing_qualified": false, "reason": "IDEAL_RECEPTION_REGION_ACCEPTED", "reception_pose_world": [[9.688084473546965e-06, -0.00018971496930788765, 0.9999999819571855, -0.35993292927742004], [5.9989372732539153e-05, 0.9999999802048629, 0.0001897143877933248, -0.6100566983222961], [-0.9999999981537081, 5.9987533681147255e-05, 9.699465163715004e-06, 0.9000134518726233], [0.0, 0.0, 0.0, 1.0]], "support": {"actual_box_pose": [[9.688084473546965e-06, -0.00018971496930788765, 0.9999999819571855, -0.35993292927742004], [5.9989372732539153e-05, 0.9999999802048629, 0.0001897143877933248, -0.6100566983222961], [-0.9999999981537081, 5.9987533681147255e-05, 9.699465163715004e-06, 0.9249003529548645], [0.0, 0.0, 0.0, 1.0]], "edge_tolerance_m": 0.002, "footprint_area_m2": 0.11999999977844494, "payload_half_extents_m": [0.3, 0.2, 0.15], "physical_support_observed": false, "reason": "IDEAL_FOOTPRINT_COVERED", "receiver_names": ["conveyor_longitudinal"], "schema": "ideal_receiver_projection_v1", "support_face_local_axis": 0, "support_face_local_sign": 1, "support_obbs": [{"category": "conveyor", "half_extents_m": [0.35, 0.75, 0.06], "name": "conveyor_transverse", "pose_world": [[1.0, 0.0, 0.0, -0.55], [0.0, 1.0, 0.0, 0.35], [0.0, 0.0, 1.0, 0.54], [0.0, 0.0, 0.0, 1.0]]}, {"category": "conveyor", "half_extents_m": [1.4, 0.35, 0.06], "name": "conveyor_longitudinal", "pose_world": [[1.0, 0.0, 0.0, -1.6], [0.0, 1.0, 0.0, -0.7500000000000001], [0.0, 0.0, 1.0, 0.54], [0.0, 0.0, 0.0, 1.0]]}], "support_z_m": 0.6000000000000001, "supported": true, "tolerance_m": 0.0, "unsupported_area_m2": 0}, "vertical_correction_m": -0.02488690108224123}, "release_pose_world": [[9.688084473546965e-06, -0.00018971496930788765, 0.9999999819571855, -0.35993292927742004], [5.9989372732539153e-05, 0.9999999802048629, 0.0001897143877933248, -0.6100566983222961], [-0.9999999981537081, 5.9987533681147255e-05, 9.699465163715004e-06, 0.9249003529548645], [0.0, 0.0, 0.0, 1.0]]}, "measurement": {"angular_velocity": [0.0021324120461940765, 0.0023823133669793606, -0.0004463016812223941], "current_cartons": [{"angular_velocity_rad_s": [0.0, 0.0, 0.0], "center_m": [0.3000170588493347, -0.8400931358337402, 0.1500009149312973], "linear_velocity_m_s": [0.0, 0.0, 0.0], "mass_kg": 42.5, "name": "carton_l00_c00", "prim_path": "/Validation/Scene/carton_l00_c00", "quaternion_wxyz": [1.0, 5.996738764224574e-06, -4.294523023418151e-06, -1.0374270459578838e-05], "size_m": [0.6, 0.4, 0.3]}, {"angular_velocity_rad_s": [0.0, 0.0, 0.0], "center_m": [0.2999294102191925, -0.42007413506507874, 0.15000054240226746], "linear_velocity_m_s": [0.0, 0.0, 0.0], "mass_kg": 42.5, "name": "carton_l00_c01", "prim_path": "/Validation/Scene/carton_l00_c01", "quaternion_wxyz": [1.0, 4.278733740648022e-06, -2.350278691665153e-06, 6.962824045331217e-06], "size_m": [0.6, 0.4, 0.3]}, {"angular_velocity_rad_s": [0.0, 0.0, 0.0], "center_m": [0.2999831736087799, -0.00018912680388893932, 0.15000100433826447], "linear_velocity_m_s": [0.0, 0.0, 0.0], "mass_kg": 42.5, "name": "carton_l00_c02", "prim_path": "/Validation/Scene/carton_l00_c02", "quaternion_wxyz": [1.0, 1.9773786334553733e-05, -1.2110842362744734e-05, -1.0352840945415664e-05], "size_m": [0.6, 0.4, 0.3]}, {"angular_velocity_rad_s": [0.0, 0.0, 0.0], "center_m": [0.29996612668037415, 0.41987690329551697, 0.15000052750110626], "linear_velocity_m_s": [0.0, 0.0, 0.0], "mass_kg": 42.5, "name": "carton_l00_c03", "prim_path": "/Validation/Scene/carton_l00_c03", "quaternion_wxyz": [1.0, 2.000238237087615e-05, -1.2224792044435162e-05, -8.004440132935997e-06], "size_m": [0.6, 0.4, 0.3]}, {"angular_velocity_rad_s": [0.0, 0.0, 0.0], "center_m": [0.2999745011329651, 0.8398594260215759, 0.15000084042549133], "linear_velocity_m_s": [0.0, 0.0, 0.0], "mass_kg": 42.5, "name": "carton_l00_c04", "prim_path": "/Validation/Scene/carton_l00_c04", "quaternion_wxyz": [1.0, 2.7949952709604986e-05, -1.6361629604944028e-05, -1.3008688256377354e-05], "size_m": [0.6, 0.4, 0.3]}, {"angular_velocity_rad_s": [0.0, 0.0, 0.0], "center_m": [0.3001517057418823, -0.8402995467185974, 0.45000892877578735], "linear_velocity_m_s": [0.0, 0.0, 0.0], "mass_kg": 42.5, "name": "carton_l01_c00", "prim_path": "/Validation/Scene/carton_l01_c00", "quaternion_wxyz": [1.0, -1.1147690202051308e-06, 3.807963821600424e-06, -1.6156125639099628e-05], "size_m": [0.6, 0.4, 0.3]}, {"angular_velocity_rad_s": [0.0, 0.0, 0.0], "center_m": [0.2996756434440613, -0.4200263023376465, 0.4500087797641754], "linear_velocity_m_s": [0.0, 0.0, 0.0], "mass_kg": 42.5, "name": "carton_l01_c01", "prim_path": "/Validation/Scene/carton_l01_c01", "quaternion_wxyz": [1.0, 5.438961125037167e-06, 1.353855054730957e-07, 3.837752956314944e-05], "size_m": [0.6, 0.4, 0.3]}, {"angular_velocity_rad_s": [0.0, 0.0, 0.0], "center_m": [0.30012476444244385, -0.00046056872815825045, 0.45002099871635437], "linear_velocity_m_s": [0.0, 0.0, 0.0], "mass_kg": 42.5, "name": "carton_l01_c02", "prim_path": "/Validation/Scene/carton_l01_c02", "quaternion_wxyz": [1.0, 2.760072675300762e-05, -2.180708179366775e-06, 1.505901036580326e-05], "size_m": [0.6, 0.4, 0.3]}, {"angular_velocity_rad_s": [0.0, 0.0, 0.0], "center_m": [0.2999613285064697, 0.419653058052063, 0.45000985264778137], "linear_velocity_m_s": [0.0, 0.0, 0.0], "mass_kg": 42.5, "name": "carton_l01_c03", "prim_path": "/Validation/Scene/carton_l01_c03", "quaternion_wxyz": [1.0, 6.909494004503358e-06, 3.985196030953375e-07, -1.790541864465922e-05], "size_m": [0.6, 0.4, 0.3]}, {"angular_velocity_rad_s": [0.0, 0.0, 0.0], "center_m": [0.29995977878570557, 0.8395826816558838, 0.45001736283302307], "linear_velocity_m_s": [0.0, 0.0, 0.0], "mass_kg": 42.5, "name": "carton_l01_c04", "prim_path": "/Validation/Scene/carton_l01_c04", "quaternion_wxyz": [1.0, 8.439964403805789e-06, -6.509905233542668e-06, -3.3146316127385944e-05], "size_m": [0.6, 0.4, 0.3]}, {"angular_velocity_rad_s": [0.0, 0.0, 0.0], "center_m": [0.3002105951309204, -0.8403475880622864, 0.750011682510376], "linear_velocity_m_s": [0.0, 0.0, 0.0], "mass_kg": 42.5, "name": "carton_l02_c00", "prim_path": "/Validation/Scene/carton_l02_c00", "quaternion_wxyz": [1.0, -6.368061349348864e-06, -4.094722044101218e-06, -1.3954548194305971e-05], "size_m": [0.6, 0.4, 0.3]}, {"angular_velocity_rad_s": [0.0, 0.0, 0.0], "center_m": [0.29937100410461426, -0.41969865560531616, 0.7500169277191162], "linear_velocity_m_s": [0.0, 0.0, 0.0], "mass_kg": 42.5, "name": "carton_l02_c01", "prim_path": "/Validation/Scene/carton_l02_c01", "quaternion_wxyz": [1.0, 4.719613571069203e-06, 1.5172197436186252e-06, 5.265786967356689e-05], "size_m": [0.6, 0.4, 0.3]}, {"angular_velocity_rad_s": [0.0, 0.0, 0.0], "center_m": [0.3003236651420593, -0.00044631920172832906, 0.7500404119491577], "linear_velocity_m_s": [0.0, 0.0, 0.0], "mass_kg": 42.5, "name": "carton_l02_c02", "prim_path": "/Validation/Scene/carton_l02_c02", "quaternion_wxyz": [1.0, -3.087162258452736e-05, 1.1423114301578607e-05, 3.497497164062224e-05], "size_m": [0.6, 0.4, 0.3]}, {"angular_velocity_rad_s": [0.0, 0.0, 0.0], "center_m": [0.2999940514564514, 0.41962680220603943, 0.7500329613685608], "linear_velocity_m_s": [0.0, 0.0, 0.0], "mass_kg": 42.5, "name": "carton_l02_c03", "prim_path": "/Validation/Scene/carton_l02_c03", "quaternion_wxyz": [1.0, -2.8618876967811957e-05, 6.2362905737245455e-06, -1.8348517187405378e-05], "size_m": [0.6, 0.4, 0.3]}, {"angular_velocity_rad_s": [0.0, 0.0, 0.0], "center_m": [0.2999827563762665, 0.8395511507987976, 0.7500432729721069], "linear_velocity_m_s": [0.0, 0.0, 0.0], "mass_kg": 42.5, "name": "carton_l02_c04", "prim_path": "/Validation/Scene/carton_l02_c04", "quaternion_wxyz": [1.0, -4.331777381594293e-05, 1.646981036174111e-05, -3.5024466342292726e-05], "size_m": [0.6, 0.4, 0.3]}, {"angular_velocity_rad_s": [0.0, 0.0, 0.0], "center_m": [0.30029213428497314, -0.8402497172355652, 1.0500154495239258], "linear_velocity_m_s": [0.0, 0.0, 0.0], "mass_kg": 42.5, "name": "carton_l03_c00", "prim_path": "/Validation/Scene/carton_l03_c00", "quaternion_wxyz": [1.0, -7.76108936406672e-06, 8.633097422716673e-06, -3.4633992527233204e-06], "size_m": [0.6, 0.4, 0.3]}, {"angular_velocity_rad_s": [0.0, 0.0, 0.0], "center_m": [0.2995627224445343, -0.4195310175418854, 1.0500246286392212], "linear_velocity_m_s": [0.0, 0.0, 0.0], "mass_kg": 42.5, "name": "carton_l03_c01", "prim_path": "/Validation/Scene/carton_l03_c01", "quaternion_wxyz": [1.0, 2.756827370831161e-06, 6.538459160765342e-07, 5.788353519164957e-05], "size_m": [0.6, 0.4, 0.3]}, {"angular_velocity_rad_s": [0.0, 0.0, 0.0], "center_m": [0.30078840255737305, -0.0001610579784028232, 1.0500445365905762], "linear_velocity_m_s": [0.0, 0.0, 0.0], "mass_kg": 42.5, "name": "carton_l03_c02", "prim_path": "/Validation/Scene/carton_l03_c02", "quaternion_wxyz": [1.0, -1.6158875268956763e-06, -5.556407245421724e-07, 5.223268090048805e-05], "size_m": [0.6, 0.4, 0.3]}, {"angular_velocity_rad_s": [0.0, 0.0, 0.0], "center_m": [0.30014359951019287, 0.41983863711357117, 1.0500365495681763], "linear_velocity_m_s": [0.0, 0.0, 0.0], "mass_kg": 42.5, "name": "carton_l03_c03", "prim_path": "/Validation/Scene/carton_l03_c03", "quaternion_wxyz": [1.0, -1.2041434729326284e-06, -6.470248081313912e-06, -6.716146344842855e-06], "size_m": [0.6, 0.4, 0.3]}, {"angular_velocity_rad_s": [0.0, 0.0, 0.0], "center_m": [0.3001038432121277, 0.8397587537765503, 1.0500497817993164], "linear_velocity_m_s": [0.0, 0.0, 0.0], "mass_kg": 42.5, "name": "carton_l03_c04", "prim_path": "/Validation/Scene/carton_l03_c04", "quaternion_wxyz": [1.0, -6.419531473511597e-06, 3.010045475093648e-06, -2.0581403077812865e-05], "size_m": [0.6, 0.4, 0.3]}, {"angular_velocity_rad_s": [0.0, 0.0, 0.0], "center_m": [0.30041393637657166, -0.8401116132736206, 1.3500159978866577], "linear_velocity_m_s": [0.0, 0.0, 0.0], "mass_kg": 42.5, "name": "carton_l04_c00", "prim_path": "/Validation/Scene/carton_l04_c00", "quaternion_wxyz": [1.0, -1.3988037608214654e-06, 5.1393139983701985e-06, 7.7001359386486e-06], "size_m": [0.6, 0.4, 0.3]}, {"angular_velocity_rad_s": [0.0, 0.0, 0.0], "center_m": [0.2995685338973999, -0.418926864862442, 1.3500311374664307], "linear_velocity_m_s": [0.0, 0.0, 0.0], "mass_kg": 42.5, "name": "carton_l04_c01", "prim_path": "/Validation/Scene/carton_l04_c01", "quaternion_wxyz": [1.0, -8.342965884367004e-06, 4.269965359071648e-07, 3.3099706342909485e-05], "size_m": [0.6, 0.4, 0.3]}, {"angular_velocity_rad_s": [0.0, 0.0, 0.0], "center_m": [0.3017940819263458, 0.0003531992551870644, 1.350061297416687], "linear_velocity_m_s": [0.0, 0.0, 0.0], "mass_kg": 42.5, "name": "carton_l04_c02", "prim_path": "/Validation/Scene/carton_l04_c02", "quaternion_wxyz": [1.0, -2.219935595348943e-06, 1.2412188880261965e-05, 6.990251858951524e-05], "size_m": [0.6, 0.4, 0.3]}, {"angular_velocity_rad_s": [0.0, 0.0, 0.0], "center_m": [0.3003370463848114, 0.4201090335845947, 1.3500515222549438], "linear_velocity_m_s": [0.0, 0.0, 0.0], "mass_kg": 42.5, "name": "carton_l04_c03", "prim_path": "/Validation/Scene/carton_l04_c03", "quaternion_wxyz": [1.0, -2.427666913717985e-06, 8.393596544920001e-06, 9.54078586801188e-06], "size_m": [0.6, 0.4, 0.3]}, {"angular_velocity_rad_s": [0.0, 0.0, 0.0], "center_m": [0.30023202300071716, 0.8399906754493713, 1.3500739336013794], "linear_velocity_m_s": [0.0, 0.0, 0.0], "mass_kg": 42.5, "name": "carton_l04_c04", "prim_path": "/Validation/Scene/carton_l04_c04", "quaternion_wxyz": [1.0, -3.3040860216715373e-06, 4.310652457206743e-06, 5.166821665625321e-06], "size_m": [0.6, 0.4, 0.3]}, {"angular_velocity_rad_s": [0.0, 0.0, 0.0], "center_m": [0.30863267183303833, -0.8418313264846802, 1.650018572807312], "linear_velocity_m_s": [0.0, 0.0, 0.0], "mass_kg": 42.5, "name": "carton_l05_c00", "prim_path": "/Validation/Scene/carton_l05_c00", "quaternion_wxyz": [0.9999996423721313, 3.3352532113894995e-07, 1.2669319403357804e-05, -0.0008786754333414137], "size_m": [0.6, 0.4, 0.3]}, {"angular_velocity_rad_s": [0.0, 0.0, 0.0], "center_m": [0.29988816380500793, -0.4178119897842407, 1.650032877922058], "linear_velocity_m_s": [0.0, 0.0, 0.0], "mass_kg": 42.5, "name": "carton_l05_c01", "prim_path": "/Validation/Scene/carton_l05_c01", "quaternion_wxyz": [1.0, -2.8698154892481398e-06, -4.047369657200761e-07, 9.942942597263027e-06], "size_m": [0.6, 0.4, 0.3]}, {"angular_velocity_rad_s": [0.0, 0.0, 0.0], "center_m": [0.3030354976654053, 0.000646332569885999, 1.6500625610351562], "linear_velocity_m_s": [0.0, 0.0, 0.0], "mass_kg": 42.5, "name": "carton_l05_c02", "prim_path": "/Validation/Scene/carton_l05_c02", "quaternion_wxyz": [1.0, 1.1723031093424652e-05, 5.360882369132014e-06, 4.990074012312107e-05], "size_m": [0.6, 0.4, 0.3]}, {"angular_velocity_rad_s": [0.0, 0.0, 0.0], "center_m": [0.3010389506816864, 0.42046457529067993, 1.6500520706176758], "linear_velocity_m_s": [0.0, 0.0, 0.0], "mass_kg": 42.5, "name": "carton_l05_c03", "prim_path": "/Validation/Scene/carton_l05_c03", "quaternion_wxyz": [1.0, 1.1783898116846103e-05, 9.64732862485107e-07, -2.7304773539071903e-05], "size_m": [0.6, 0.4, 0.3]}, {"angular_velocity_rad_s": [0.0, 0.0, 0.0], "center_m": [0.3003174960613251, 0.8401376605033875, 1.6500768661499023], "linear_velocity_m_s": [0.0, 0.0, 0.0], "mass_kg": 42.5, "name": "carton_l05_c04", "prim_path": "/Validation/Scene/carton_l05_c04", "quaternion_wxyz": [1.0, 1.511441314505646e-05, -3.249550445616478e-06, 2.0923665942973457e-05], "size_m": [0.6, 0.4, 0.3]}, {"angular_velocity_rad_s": [0.0, 0.0, 0.0], "center_m": [0.3086722493171692, -0.841716468334198, 1.9500188827514648], "linear_velocity_m_s": [0.0, 0.0, 0.0], "mass_kg": 42.5, "name": "carton_l06_c00", "prim_path": "/Validation/Scene/carton_l06_c00", "quaternion_wxyz": [0.9999995827674866, 2.8665933768934337e-06, 1.1099733455921523e-05, -0.0008812182350084186], "size_m": [0.6, 0.4, 0.3]}, {"angular_velocity_rad_s": [0.0, 0.0, 0.0], "center_m": [0.3026474118232727, -0.4171749949455261, 1.9500346183776855], "linear_velocity_m_s": [0.0, 0.0, 0.0], "mass_kg": 42.5, "name": "carton_l06_c01", "prim_path": "/Validation/Scene/carton_l06_c01", "quaternion_wxyz": [0.9999991655349731, -4.589062882587314e-06, 5.426842335509718e-07, 0.0013390978565439582], "size_m": [0.6, 0.4, 0.3]}, {"angular_velocity_rad_s": [0.0, 0.0, 0.0], "center_m": [0.307615727186203, 0.00032905174884945154, 1.9500679969787598], "linear_velocity_m_s": [0.0, 0.0, 0.0], "mass_kg": 42.5, "name": "carton_l06_c02", "prim_path": "/Validation/Scene/carton_l06_c02", "quaternion_wxyz": [1.0, 9.10752987692831e-06, 4.647310561267659e-06, 0.00022523204097524285], "size_m": [0.6, 0.4, 0.3]}, {"angular_velocity_rad_s": [0.0, 0.0, 0.0], "center_m": [0.3204244077205658, 0.42741262912750244, 1.9500573873519897], "linear_velocity_m_s": [0.0, 0.0, 0.0], "mass_kg": 42.5, "name": "carton_l06_c03", "prim_path": "/Validation/Scene/carton_l06_c03", "quaternion_wxyz": [1.0, 1.559632619319018e-05, 2.9090047064528335e-06, -8.642089233035222e-05], "size_m": [0.6, 0.4, 0.3]}, {"angular_velocity_rad_s": [0.0, 0.0, 0.0], "center_m": [0.30042150616645813, 0.8402755260467529, 1.9500850439071655], "linear_velocity_m_s": [0.0, 0.0, 0.0], "mass_kg": 42.5, "name": "carton_l06_c04", "prim_path": "/Validation/Scene/carton_l06_c04", "quaternion_wxyz": [1.0, 2.206496719736606e-05, -5.182562745176256e-06, 3.6535144317895174e-05], "size_m": [0.6, 0.4, 0.3]}, {"angular_velocity_rad_s": [0.0, 0.0, 0.0], "center_m": [0.30850499868392944, -0.8431874513626099, 2.2500195503234863], "linear_velocity_m_s": [0.0, 0.0, 0.0], "mass_kg": 42.5, "name": "carton_l07_c00", "prim_path": "/Validation/Scene/carton_l07_c00", "quaternion_wxyz": [0.9999958276748657, 2.6207699193037115e-06, 1.192363015434239e-05, -0.0028908951207995415], "size_m": [0.6, 0.4, 0.3]}, {"angular_velocity_rad_s": [0.0021324120461940765, 0.0023823133669793606, -0.0004463016812223941], "center_m": [-0.35993292927742004, -0.6100566983222961, 0.9249003529548645], "linear_velocity_m_s": [0.0003983229980804026, -0.00036246562376618385, 0.02029033564031124], "mass_kg": 42.5, "name": "carton_l07_c04", "prim_path": "/Validation/Scene/carton_l07_c04", "quaternion_wxyz": [0.7071102261543274, -4.5865148422308266e-05, 0.7071033716201782, 8.828339196043089e-05], "size_m": [0.6, 0.4, 0.3]}], "linear_velocity": [0.0003983229980804026, -0.00036246562376618385, 0.02029033564031124], "position": [-0.35993292927742004, -0.6100566983222961, 0.9249003529548645], "rotation": [[9.688084473546965e-06, -0.00018971496930788765, 0.9999999819571855], [5.9989372732539153e-05, 0.9999999802048629, 0.0001897143877933248], [-0.9999999981537081, 5.9987533681147255e-05, 9.699465163715004e-06]]}, "time_s": 187.2625}, "removal": {"joint_present": false, "minimum_rotation_rad": 0.01, "minimum_translation_m": 0.002, "relative_rotation_rad": 1.3913759284576484e-05, "relative_translation_m": 0.002126069624919185, "time_s": 187.28333333333333}, "takeover": {"accepted": true, "actual_release_height_m": 0.02488690108224123, "angular_velocity_rad_s": [0.0012997526209801435, 0.0013699850533157587, 0.0003350811603013426], "current_pose_world": [[-9.195770766412537e-06, -0.00019607972343992425, 0.9999999807340897, -0.35992926359176636], [7.913129643389598e-05, 0.9999999776453472, 0.00019608045050756095, -0.6100643277168274], [-0.9999999968268377, 7.91330980202342e-05, -9.180254518126318e-06, 0.9227736592292786], [0.0, 0.0, 0.0, 1.0]], "elapsed_s": 0.020833333333342807, "first_takeover_height_m": 0.02275645652344549, "linear_velocity_m_s": [0.00027193152345716953, -0.00024157308507710695, -0.18376369774341583], "position_error_m": 0.0004205283273418852, "position_limit_m": 0.00271927083333366, "reason": "LEGAL_RELEASE_TO_IDEAL_TAKEOVER", "reception_region": {"accepted": true, "actual_release_pose_world": [[9.688084473546965e-06, -0.00018971496930788765, 0.9999999819571855, -0.35993292927742004], [5.9989372732539153e-05, 0.9999999802048629, 0.0001897143877933248, -0.6100566983222961], [-0.9999999981537081, 5.9987533681147255e-05, 9.699465163715004e-06, 0.9249003529548645], [0.0, 0.0, 0.0, 1.0]], "actual_top_contact_observed": false, "current_takeover_pose_world": [[-9.195770766412537e-06, -0.00019607972343992425, 0.9999999807340897, -0.35992926359176636], [7.913129643389598e-05, 0.9999999776453472, 0.00019608045050756095, -0.6100643277168274], [-0.9999999968268377, 7.91330980202342e-05, -9.180254518126318e-06, 0.9227736592292786], [0.0, 0.0, 0.0, 1.0]], "gap_m": 0.02275645652344549, "height_policy": {"gravity_m_s2": 9.81, "ideal_release_height_reserve_m": 0.005, "ideal_release_max_height_m": 0.05, "ideal_release_min_height_m": 0.02, "maximum_angular_speed_rad_s": 0.08, "maximum_drop_m": 0.05, "maximum_flight_s": 0.25, "maximum_landing_speed_m_s": 1.1, "position_uncertainty_m": 0.002, "prediction_step_s": 0.005, "velocity_uncertainty_m_s": 0.01}, "physical_landing_qualified": false, "reason": "VALIDATED_POST_RELEASE_TRANSITION", "reception_pose_world": [[-9.195770766412537e-06, -0.00019607972343992425, 0.9999999807340897, -0.35992926359176636], [7.913129643389598e-05, 0.9999999776453472, 0.00019608045050756095, -0.6100643277168274], [-0.9999999968268377, 7.91330980202342e-05, -9.180254518126318e-06, 0.9000172027058331], [0.0, 0.0, 0.0, 1.0]], "support": {"actual_box_pose": [[-9.195770766412537e-06, -0.00019607972343992425, 0.9999999807340897, -0.35992926359176636], [7.913129643389598e-05, 0.9999999776453472, 0.00019608045050756095, -0.6100643277168274], [-0.9999999968268377, 7.91330980202342e-05, -9.180254518126318e-06, 0.9227736592292786], [0.0, 0.0, 0.0, 1.0]], "edge_tolerance_m": 0.002, "footprint_area_m2": 0.11999999961922059, "payload_half_extents_m": [0.3, 0.2, 0.15], "physical_support_observed": false, "reason": "IDEAL_FOOTPRINT_COVERED", "receiver_names": ["conveyor_longitudinal"], "schema": "ideal_receiver_projection_v1", "support_face_local_axis": 0, "support_face_local_sign": 1, "support_obbs": [{"category": "conveyor", "half_extents_m": [0.35, 0.75, 0.06], "name": "conveyor_transverse", "pose_world": [[1.0, 0.0, 0.0, -0.55], [0.0, 1.0, 0.0, 0.35], [0.0, 0.0, 1.0, 0.54], [0.0, 0.0, 0.0, 1.0]]}, {"category": "conveyor", "half_extents_m": [1.4, 0.35, 0.06], "name": "conveyor_longitudinal", "pose_world": [[1.0, 0.0, 0.0, -1.6], [0.0, 1.0, 0.0, -0.7500000000000001], [0.0, 0.0, 1.0, 0.54], [0.0, 0.0, 0.0, 1.0]]}], "support_z_m": 0.6000000000000001, "supported": true, "tolerance_m": 0.0, "unsupported_area_m2": 0}, "vertical_correction_m": -0.02275645652344549}, "time_s": 187.28333333333333, "velocity_error_m_s": 0.0003655261681323074}}, "ideal_takeover_audit": {"accepted": true, "actual_release_height_m": 0.02488690108224123, "angular_velocity_rad_s": [0.0012997526209801435, 0.0013699850533157587, 0.0003350811603013426], "current_pose_world": [[-9.195770766412537e-06, -0.00019607972343992425, 0.9999999807340897, -0.35992926359176636], [7.913129643389598e-05, 0.9999999776453472, 0.00019608045050756095, -0.6100643277168274], [-0.9999999968268377, 7.91330980202342e-05, -9.180254518126318e-06, 0.9227736592292786], [0.0, 0.0, 0.0, 1.0]], "elapsed_s": 0.020833333333342807, "first_takeover_height_m": 0.02275645652344549, "linear_velocity_m_s": [0.00027193152345716953, -0.00024157308507710695, -0.18376369774341583], "position_error_m": 0.0004205283273418852, "position_limit_m": 0.00271927083333366, "reason": "LEGAL_RELEASE_TO_IDEAL_TAKEOVER", "reception_region": {"accepted": true, "actual_release_pose_world": [[9.688084473546965e-06, -0.00018971496930788765, 0.9999999819571855, -0.35993292927742004], [5.9989372732539153e-05, 0.9999999802048629, 0.0001897143877933248, -0.6100566983222961], [-0.9999999981537081, 5.9987533681147255e-05, 9.699465163715004e-06, 0.9249003529548645], [0.0, 0.0, 0.0, 1.0]], "actual_top_contact_observed": false, "current_takeover_pose_world": [[-9.195770766412537e-06, -0.00019607972343992425, 0.9999999807340897, -0.35992926359176636], [7.913129643389598e-05, 0.9999999776453472, 0.00019608045050756095, -0.6100643277168274], [-0.9999999968268377, 7.91330980202342e-05, -9.180254518126318e-06, 0.9227736592292786], [0.0, 0.0, 0.0, 1.0]], "gap_m": 0.02275645652344549, "height_policy": {"gravity_m_s2": 9.81, "ideal_release_height_reserve_m": 0.005, "ideal_release_max_height_m": 0.05, "ideal_release_min_height_m": 0.02, "maximum_angular_speed_rad_s": 0.08, "maximum_drop_m": 0.05, "maximum_flight_s": 0.25, "maximum_landing_speed_m_s": 1.1, "position_uncertainty_m": 0.002, "prediction_step_s": 0.005, "velocity_uncertainty_m_s": 0.01}, "physical_landing_qualified": false, "reason": "VALIDATED_POST_RELEASE_TRANSITION", "reception_pose_world": [[-9.195770766412537e-06, -0.00019607972343992425, 0.9999999807340897, -0.35992926359176636], [7.913129643389598e-05, 0.9999999776453472, 0.00019608045050756095, -0.6100643277168274], [-0.9999999968268377, 7.91330980202342e-05, -9.180254518126318e-06, 0.9000172027058331], [0.0, 0.0, 0.0, 1.0]], "support": {"actual_box_pose": [[-9.195770766412537e-06, -0.00019607972343992425, 0.9999999807340897, -0.35992926359176636], [7.913129643389598e-05, 0.9999999776453472, 0.00019608045050756095, -0.6100643277168274], [-0.9999999968268377, 7.91330980202342e-05, -9.180254518126318e-06, 0.9227736592292786], [0.0, 0.0, 0.0, 1.0]], "edge_tolerance_m": 0.002, "footprint_area_m2": 0.11999999961922059, "payload_half_extents_m": [0.3, 0.2, 0.15], "physical_support_observed": false, "reason": "IDEAL_FOOTPRINT_COVERED", "receiver_names": ["conveyor_longitudinal"], "schema": "ideal_receiver_projection_v1", "support_face_local_axis": 0, "support_face_local_sign": 1, "support_obbs": [{"category": "conveyor", "half_extents_m": [0.35, 0.75, 0.06], "name": "conveyor_transverse", "pose_world": [[1.0, 0.0, 0.0, -0.55], [0.0, 1.0, 0.0, 0.35], [0.0, 0.0, 1.0, 0.54], [0.0, 0.0, 0.0, 1.0]]}, {"category": "conveyor", "half_extents_m": [1.4, 0.35, 0.06], "name": "conveyor_longitudinal", "pose_world": [[1.0, 0.0, 0.0, -1.6], [0.0, 1.0, 0.0, -0.7500000000000001], [0.0, 0.0, 1.0, 0.54], [0.0, 0.0, 0.0, 1.0]]}], "support_z_m": 0.6000000000000001, "supported": true, "tolerance_m": 0.0, "unsupported_area_m2": 0}, "vertical_correction_m": -0.02275645652344549}, "time_s": 187.28333333333333, "velocity_error_m_s": 0.0003655261681323074}, "initial_highest_row_scope": null, "initial_max_joint_error_rad": 2.384185791015625e-07, "initial_state_method": "USD_JOINT_STATE_BEFORE_ZERO_DELTA_RESET", "initial_state_settling": {"current_max_penetration_m": 1.8493156382692888e-05, "dynamic_body_count": 37, "elapsed_s": 0.9041666666666667, "max_angular_speed_rad_s": 0.0, "max_linear_speed_m_s": 0.0, "peak_position_drift_from_configured_m": 0.00013924248452452224, "peak_settling_penetration_m": 1.9431339954578686e-05, "position_drift_from_configured_m": 4.8481962076993076e-05, "stable_duration_s": 0.5, "stable_window_position_drift_m": 0.0, "status": "PASS", "thresholds": {"max_angular_speed_rad_s": 0.03, "max_linear_speed_m_s": 0.01, "max_penetration_m": 0.001, "max_position_drift_m": 0.002, "maximum_settle_time_s": 10.0, "required_stable_duration_s": 0.5}}, "joint_load_metric": "explicit_multi_channel_joint_dynamics_telemetry", "joint_names": ["J1", "J2", "J3", "J4", "J5", "J6"], "joint_positions_within_official_limits": true, "joint_telemetry_csv": "/root/autodl-tmp/curobo-v2-20260928-isaac/trial/isaac_after_import_fix/joint_tracking.csv", "joint_telemetry_semantics": {"drive_input_effort": "Isaac explicit effort-control input channel; not the realized position-drive output torque", "external_joint_load_residual": "UNAVAILABLE: projected reaction is not calibrated actuator torque", "model_inverse_dynamics": "M(q)*finite_difference(qd)+c(q,qd)+g(q)", "model_inverse_dynamics_includes_external_carton": false, "projected_constraint_reaction": "Isaac PhysX projected DOF force", "q": "measured articulation joint position", "q_target": "position-drive target sampled from the frozen trajectory clock", "qd": "measured articulation joint velocity"}, "machine_collision_clearance_qualification_claimed": false, "machine_qualification_warnings": ["SUPPLIED_ASSEMBLY_MATERIAL_AND_COMPONENT_MASSES_NOT_AVAILABLE", "VACUUM_FORCE_SHEAR_AND_PEEL_ENVELOPE_NOT_MEASURED", "ZONE_ASSIGNMENT_NOT_VENDOR_CONFIRMED"], "machine_qualified": false, "maximum_physics_runtime_seconds": 262.94004723794694, "maximum_physics_steps": 63107, "minimum_joint_position_margin_rad": [2.1793447033095656, 0.23444189958992445, 0.9469613141251192, 2.8274788503235095, 0.9162233659496382, 5.473365509945702], "model_inverse_dynamics_available_after_first_difference": true, "model_inverse_dynamics_available_all_steps": false, "model_inverse_dynamics_effort_limit_ratio": [0.01064830673395314, 0.13892266895214855, 0.13802111564867764, 0.028427885346731064, 0.06918861735615223, 0.0267307717394948], "new_target_execution_counts": {"actual_grasp": 1, "actual_received": 0, "actual_release": 1, "ideal_outfed": 1, "ideal_received": 1, "target": "carton_l07_c04", "workflow_completed": 1}, "nominal_replay_duration_seconds": 199.6900472379469, "offline_planning_time_seconds": 911.7042816355824, "payload_actual_contact_cup_count_at_attach": 48, "payload_attachment_intact": true, "payload_constraint_commanded": true, "payload_contact_pairs": [{"active": false, "active_collider_pair_count": 0, "active_physical_collider_pair_count": 0, "actor0": "/Validation/Scene/carton_l06_c03", "actor1": "/Validation/Scene/carton_l07_c04", "collider_pairs": [["/Validation/Scene/carton_l06_c03", "/Validation/Scene/carton_l07_c04"]], "contact_data_resolution_counts": {"resolved": 97}, "event_count": 7920, "first_contact_time_s": 0.0, "first_physical_contact_time_s": null, "first_physical_contact_trajectory_time_s": null, "found_event_count": 2, "impulse_semantics": "peak_norm_of_per_event_vector_sum_over_contact_points", "last_contact_time_s": 60.712500000000006, "last_event_type": "CONTACT_LOST", "last_header_maximum_separation_m": null, "last_header_minimum_separation_m": null, "last_physical_contact_time_s": null, "last_physical_contact_trajectory_time_s": null, "lost_event_count": 2, "maximum_separation_m": 0.019922733306884766, "minimum_separation_m": 0.013344098813831806, "minimum_separation_semantics": "CONTACT_POINT_NORMAL_SEPARATION_NOT_BOX_MINIMUM_DISTANCE", "peak_impulse_ns": 0.0, "persist_event_count": 7916, "physical_contact_active": false, "physical_contact_event_count": 0, "physical_contact_observed": false, "physical_contact_tolerance_m": 0.003, "runtime_classification_event_counts": {"ALLOWED_STAGE_CONTACT": 97}, "runtime_collider_classifications": {"/Validation/Scene/carton_l06_c03 | /Validation/Scene/carton_l07_c04": {"classifications": ["ALLOWED_STAGE_CONTACT"], "first_time_s": 0.0, "last_time_s": 0.0, "minimum_separation_m": 0.018985256552696228}}, "stack_engineering_clearance_source": "DEFERRED_POST_STEP_VERIFIED_BOX_GEOMETRY"}, {"active": false, "active_collider_pair_count": 0, "active_physical_collider_pair_count": 0, "actor0": "/Validation/Scene/carton_l06_c04", "actor1": "/Validation/Scene/carton_l07_c04", "collider_pairs": [["/Validation/Scene/carton_l06_c04", "/Validation/Scene/carton_l07_c04"]], "contact_data_resolution_counts": {"resolved": 97}, "event_count": 8673, "first_contact_time_s": 0.0, "first_physical_contact_time_s": 0.0, "first_physical_contact_trajectory_time_s": 0.0, "found_event_count": 2, "impulse_semantics": "peak_norm_of_per_event_vector_sum_over_contact_points", "last_contact_time_s": 63.85, "last_event_type": "CONTACT_LOST", "last_header_maximum_separation_m": null, "last_header_minimum_separation_m": null, "last_physical_contact_time_s": 60.9125, "last_physical_contact_trajectory_time_s": 60.80416666668809, "lost_event_count": 2, "maximum_separation_m": 0.019939765334129333, "minimum_separation_m": -5.27501106262207e-06, "minimum_separation_semantics": "CONTACT_POINT_NORMAL_SEPARATION_NOT_BOX_MINIMUM_DISTANCE", "peak_impulse_ns": 2.4952292295006324, "persist_event_count": 8669, "physical_contact_active": false, "physical_contact_event_count": 7968, "physical_contact_observed": true, "physical_contact_tolerance_m": 0.003, "runtime_classification_event_counts": {"ALLOWED_STAGE_CONTACT": 97}, "runtime_collider_classifications": {"/Validation/Scene/carton_l06_c04 | /Validation/Scene/carton_l07_c04": {"classifications": ["ALLOWED_STAGE_CONTACT"], "first_time_s": 0.0, "last_time_s": 0.0, "minimum_separation_m": -2.682208332771552e-06}}, "stack_engineering_clearance_source": "DEFERRED_POST_STEP_VERIFIED_BOX_GEOMETRY"}, {"active": false, "active_collider_pair_count": 0, "active_physical_collider_pair_count": 0, "actor0": "/Validation/Scene/carton_l07_c04", "actor1": "/Validation/Scene/trailer_ceiling", "collider_pairs": [["/Validation/Scene/carton_l07_c04", "/Validation/Scene/trailer_ceiling"]], "contact_data_resolution_counts": {"lost": 2, "resolved": 2204}, "event_count": 2206, "first_contact_time_s": 79.81666666666666, "first_physical_contact_time_s": null, "first_physical_contact_trajectory_time_s": null, "found_event_count": 2, "impulse_semantics": "peak_norm_of_per_event_vector_sum_over_contact_points", "last_contact_time_s": 89.19999999999999, "last_event_type": "CONTACT_LOST", "last_header_maximum_separation_m": null, "last_header_minimum_separation_m": null, "last_physical_contact_time_s": null, "last_physical_contact_trajectory_time_s": null, "lost_event_count": 2, "maximum_separation_m": 0.020017065107822418, "minimum_separation_m": 0.009012177586555481, "peak_impulse_ns": 0.0, "persist_event_count": 2202, "physical_contact_active": false, "physical_contact_event_count": 0, "physical_contact_observed": false, "physical_contact_tolerance_m": 0.003, "runtime_classification_event_counts": {"CLEAR": 2204}, "runtime_collider_classifications": {"/Validation/Scene/carton_l07_c04 | /Validation/Scene/trailer_ceiling": {"classifications": ["CLEAR"], "first_time_s": 79.81666666666666, "last_time_s": 89.19583333333333, "minimum_separation_m": 0.009012177586555481}}}, {"active": true, "active_collider_pair_count": 60, "active_physical_collider_pair_count": 60, "actor0": "/Validation/Scene/carton_l07_c04", "actor1": "/fanuc_m710id_70/Geometry/world/base_link/J1_link/J2_link/J3_link/J4_link/J5_link/J6_link", "collider_pairs": [["/Validation/Scene/carton_l07_c04", "/fanuc_m710id_70/Geometry/world/base_link/J1_link/J2_link/J3_link/J4_link/J5_link/J6_link/CupCompressedCollision_01"], ["/Validation/Scene/carton_l07_c04", "/fanuc_m710id_70/Geometry/world/base_link/J1_link/J2_link/J3_link/J4_link/J5_link/J6_link/CupCompressedCollision_00"], ["/Validation/Scene/carton_l07_c04", "/fanuc_m710id_70/Geometry/world/base_link/J1_link/J2_link/J3_link/J4_link/J5_link/J6_link/CupCompressedCollision_02"], ["/Validation/Scene/carton_l07_c04", "/fanuc_m710id_70/Geometry/world/base_link/J1_link/J2_link/J3_link/J4_link/J5_link/J6_link/CupCompressedCollision_07"], ["/Validation/Scene/carton_l07_c04", "/fanuc_m710id_70/Geometry/world/base_link/J1_link/J2_link/J3_link/J4_link/J5_link/J6_link/CupCompressedCollision_08"], ["/Validation/Scene/carton_l07_c04", "/fanuc_m710id_70/Geometry/world/base_link/J1_link/J2_link/J3_link/J4_link/J5_link/J6_link/CupCompressedCollision_58"], ["/Validation/Scene/carton_l07_c04", "/fanuc_m710id_70/Geometry/world/base_link/J1_link/J2_link/J3_link/J4_link/J5_link/J6_link/CupCompressedCollision_64"], ["/Validation/Scene/carton_l07_c04", "/fanuc_m710id_70/Geometry/world/base_link/J1_link/J2_link/J3_link/J4_link/J5_link/J6_link/CupCompressedCollision_30"], ["/Validation/Scene/carton_l07_c04", "/fanuc_m710id_70/Geometry/world/base_link/J1_link/J2_link/J3_link/J4_link/J5_link/J6_link/CupCompressedCollision_24"], ["/Validation/Scene/carton_l07_c04", "/fanuc_m710id_70/Geometry/world/base_link/J1_link/J2_link/J3_link/J4_link/J5_link/J6_link/CupCompressedCollision_31"], ["/Validation/Scene/carton_l07_c04", "/fanuc_m710id_70/Geometry/world/base_link/J1_link/J2_link/J3_link/J4_link/J5_link/J6_link/CupCompressedCollision_32"], ["/Validation/Scene/carton_l07_c04", "/fanuc_m710id_70/Geometry/world/base_link/J1_link/J2_link/J3_link/J4_link/J5_link/J6_link/CupCompressedCollision_25"], ["/Validation/Scene/carton_l07_c04", "/fanuc_m710id_70/Geometry/world/base_link/J1_link/J2_link/J3_link/J4_link/J5_link/J6_link/CupCompressedCollision_18"], ["/Validation/Scene/carton_l07_c04", "/fanuc_m710id_70/Geometry/world/base_link/J1_link/J2_link/J3_link/J4_link/J5_link/J6_link/CupCompressedCollision_26"], ["/Validation/Scene/carton_l07_c04", "/fanuc_m710id_70/Geometry/world/base_link/J1_link/J2_link/J3_link/J4_link/J5_link/J6_link/CupCompressedCollision_19"], ["/Validation/Scene/carton_l07_c04", "/fanuc_m710id_70/Geometry/world/base_link/J1_link/J2_link/J3_link/J4_link/J5_link/J6_link/CupCompressedCollision_12"], ["/Validation/Scene/carton_l07_c04", "/fanuc_m710id_70/Geometry/world/base_link/J1_link/J2_link/J3_link/J4_link/J5_link/J6_link/CupCompressedCollision_20"], ["/Validation/Scene/carton_l07_c04", "/fanuc_m710id_70/Geometry/world/base_link/J1_link/J2_link/J3_link/J4_link/J5_link/J6_link/CupCompressedCollision_13"], ["/Validation/Scene/carton_l07_c04", "/fanuc_m710id_70/Geometry/world/base_link/J1_link/J2_link/J3_link/J4_link/J5_link/J6_link/CupCompressedCollision_06"], ["/Validation/Scene/carton_l07_c04", "/fanuc_m710id_70/Geometry/world/base_link/J1_link/J2_link/J3_link/J4_link/J5_link/J6_link/CupCompressedCollision_14"], ["/Validation/Scene/carton_l07_c04", "/fanuc_m710id_70/Geometry/world/base_link/J1_link/J2_link/J3_link/J4_link/J5_link/J6_link/CupCompressedCollision_36"], ["/Validation/Scene/carton_l07_c04", "/fanuc_m710id_70/Geometry/world/base_link/J1_link/J2_link/J3_link/J4_link/J5_link/J6_link/CupCompressedCollision_42"], ["/Validation/Scene/carton_l07_c04", "/fanuc_m710id_70/Geometry/world/base_link/J1_link/J2_link/J3_link/J4_link/J5_link/J6_link/CupCompressedCollision_48"], ["/Validation/Scene/carton_l07_c04", "/fanuc_m710id_70/Geometry/world/base_link/J1_link/J2_link/J3_link/J4_link/J5_link/J6_link/CupCompressedCollision_37"], ["/Validation/Scene/carton_l07_c04", "/fanuc_m710id_70/Geometry/world/base_link/J1_link/J2_link/J3_link/J4_link/J5_link/J6_link/CupCompressedCollision_43"], ["/Validation/Scene/carton_l07_c04", "/fanuc_m710id_70/Geometry/world/base_link/J1_link/J2_link/J3_link/J4_link/J5_link/J6_link/CupCompressedCollision_49"], ["/Validation/Scene/carton_l07_c04", "/fanuc_m710id_70/Geometry/world/base_link/J1_link/J2_link/J3_link/J4_link/J5_link/J6_link/CupCompressedCollision_50"], ["/Validation/Scene/carton_l07_c04", "/fanuc_m710id_70/Geometry/world/base_link/J1_link/J2_link/J3_link/J4_link/J5_link/J6_link/CupCompressedCollision_61"], ["/Validation/Scene/carton_l07_c04", "/fanuc_m710id_70/Geometry/world/base_link/J1_link/J2_link/J3_link/J4_link/J5_link/J6_link/CupCompressedCollision_54"], ["/Validation/Scene/carton_l07_c04", "/fanuc_m710id_70/Geometry/world/base_link/J1_link/J2_link/J3_link/J4_link/J5_link/J6_link/CupCompressedCollision_60"], ["/Validation/Scene/carton_l07_c04", "/fanuc_m710id_70/Geometry/world/base_link/J1_link/J2_link/J3_link/J4_link/J5_link/J6_link/CupCompressedCollision_56"], ["/Validation/Scene/carton_l07_c04", "/fanuc_m710id_70/Geometry/world/base_link/J1_link/J2_link/J3_link/J4_link/J5_link/J6_link/CupCompressedCollision_62"], ["/Validation/Scene/carton_l07_c04", "/fanuc_m710id_70/Geometry/world/base_link/J1_link/J2_link/J3_link/J4_link/J5_link/J6_link/CupCompressedCollision_44"], ["/Validation/Scene/carton_l07_c04", "/fanuc_m710id_70/Geometry/world/base_link/J1_link/J2_link/J3_link/J4_link/J5_link/J6_link/CupCompressedCollision_57"], ["/Validation/Scene/carton_l07_c04", "/fanuc_m710id_70/Geometry/world/base_link/J1_link/J2_link/J3_link/J4_link/J5_link/J6_link/CupCompressedCollision_55"], ["/Validation/Scene/carton_l07_c04", "/fanuc_m710id_70/Geometry/world/base_link/J1_link/J2_link/J3_link/J4_link/J5_link/J6_link/CupCompressedCollision_38"], ["/Validation/Scene/carton_l07_c04", "/fanuc_m710id_70/Geometry/world/base_link/J1_link/J2_link/J3_link/J4_link/J5_link/J6_link/CupCompressedCollision_51"], ["/Validation/Scene/carton_l07_c04", "/fanuc_m710id_70/Geometry/world/base_link/J1_link/J2_link/J3_link/J4_link/J5_link/J6_link/CupCompressedCollision_63"], ["/Validation/Scene/carton_l07_c04", "/fanuc_m710id_70/Geometry/world/base_link/J1_link/J2_link/J3_link/J4_link/J5_link/J6_link/CupCompressedCollision_65"], ["/Validation/Scene/carton_l07_c04", "/fanuc_m710id_70/Geometry/world/base_link/J1_link/J2_link/J3_link/J4_link/J5_link/J6_link/CupCompressedCollision_45"], ["/Validation/Scene/carton_l07_c04", "/fanuc_m710id_70/Geometry/world/base_link/J1_link/J2_link/J3_link/J4_link/J5_link/J6_link/CupCompressedCollision_52"], ["/Validation/Scene/carton_l07_c04", "/fanuc_m710id_70/Geometry/world/base_link/J1_link/J2_link/J3_link/J4_link/J5_link/J6_link/CupCompressedCollision_59"], ["/Validation/Scene/carton_l07_c04", "/fanuc_m710id_70/Geometry/world/base_link/J1_link/J2_link/J3_link/J4_link/J5_link/J6_link/CupCompressedCollision_39"], ["/Validation/Scene/carton_l07_c04", "/fanuc_m710id_70/Geometry/world/base_link/J1_link/J2_link/J3_link/J4_link/J5_link/J6_link/CupCompressedCollision_46"], ["/Validation/Scene/carton_l07_c04", "/fanuc_m710id_70/Geometry/world/base_link/J1_link/J2_link/J3_link/J4_link/J5_link/J6_link/CupCompressedCollision_53"], ["/Validation/Scene/carton_l07_c04", "/fanuc_m710id_70/Geometry/world/base_link/J1_link/J2_link/J3_link/J4_link/J5_link/J6_link/CupCompressedCollision_33"], ["/Validation/Scene/carton_l07_c04", "/fanuc_m710id_70/Geometry/world/base_link/J1_link/J2_link/J3_link/J4_link/J5_link/J6_link/CupCompressedCollision_40"], ["/Validation/Scene/carton_l07_c04", "/fanuc_m710id_70/Geometry/world/base_link/J1_link/J2_link/J3_link/J4_link/J5_link/J6_link/CupCompressedCollision_47"], ["/Validation/Scene/carton_l07_c04", "/fanuc_m710id_70/Geometry/world/base_link/J1_link/J2_link/J3_link/J4_link/J5_link/J6_link/CupCompressedCollision_27"], ["/Validation/Scene/carton_l07_c04", "/fanuc_m710id_70/Geometry/world/base_link/J1_link/J2_link/J3_link/J4_link/J5_link/J6_link/CupCompressedCollision_34"], ["/Validation/Scene/carton_l07_c04", "/fanuc_m710id_70/Geometry/world/base_link/J1_link/J2_link/J3_link/J4_link/J5_link/J6_link/CupCompressedCollision_41"], ["/Validation/Scene/carton_l07_c04", "/fanuc_m710id_70/Geometry/world/base_link/J1_link/J2_link/J3_link/J4_link/J5_link/J6_link/CupCompressedCollision_21"], ["/Validation/Scene/carton_l07_c04", "/fanuc_m710id_70/Geometry/world/base_link/J1_link/J2_link/J3_link/J4_link/J5_link/J6_link/CupCompressedCollision_28"], ["/Validation/Scene/carton_l07_c04", "/fanuc_m710id_70/Geometry/world/base_link/J1_link/J2_link/J3_link/J4_link/J5_link/J6_link/CupCompressedCollision_35"], ["/Validation/Scene/carton_l07_c04", "/fanuc_m710id_70/Geometry/world/base_link/J1_link/J2_link/J3_link/J4_link/J5_link/J6_link/CupCompressedCollision_15"], ["/Validation/Scene/carton_l07_c04", "/fanuc_m710id_70/Geometry/world/base_link/J1_link/J2_link/J3_link/J4_link/J5_link/J6_link/CupCompressedCollision_22"], ["/Validation/Scene/carton_l07_c04", "/fanuc_m710id_70/Geometry/world/base_link/J1_link/J2_link/J3_link/J4_link/J5_link/J6_link/CupCompressedCollision_29"], ["/Validation/Scene/carton_l07_c04", "/fanuc_m710id_70/Geometry/world/base_link/J1_link/J2_link/J3_link/J4_link/J5_link/J6_link/CupCompressedCollision_09"], ["/Validation/Scene/carton_l07_c04", "/fanuc_m710id_70/Geometry/world/base_link/J1_link/J2_link/J3_link/J4_link/J5_link/J6_link/CupCompressedCollision_16"], ["/Validation/Scene/carton_l07_c04", "/fanuc_m710id_70/Geometry/world/base_link/J1_link/J2_link/J3_link/J4_link/J5_link/J6_link/CupCompressedCollision_23"], ["/Validation/Scene/carton_l07_c04", "/fanuc_m710id_70/Geometry/world/base_link/J1_link/J2_link/J3_link/J4_link/J5_link/J6_link/CupCompressedCollision_10"], ["/Validation/Scene/carton_l07_c04", "/fanuc_m710id_70/Geometry/world/base_link/J1_link/J2_link/J3_link/J4_link/J5_link/J6_link/CupCompressedCollision_17"], ["/Validation/Scene/carton_l07_c04", "/fanuc_m710id_70/Geometry/world/base_link/J1_link/J2_link/J3_link/J4_link/J5_link/J6_link/CupCompressedCollision_11"]], "contact_data_resolution_counts": {"lost": 46, "resolved": 2208083}, "event_count": 2208129, "first_contact_time_s": 14.704166666666666, "first_physical_contact_time_s": 35.15833333333334, "first_physical_contact_trajectory_time_s": 35.05000000000093, "found_event_count": 106, "impulse_semantics": "peak_norm_of_per_event_vector_sum_over_contact_points", "last_contact_time_s": 187.28333333333333, "last_event_type": "CONTACT_PERSIST", "last_header_maximum_separation_m": 0.0013967901468276978, "last_header_minimum_separation_m": 0.0013934075832366943, "last_physical_contact_time_s": 187.28333333333333, "last_physical_contact_trajectory_time_s": 187.17387974498772, "lost_event_count": 46, "maximum_separation_m": 0.027151331305503845, "minimum_separation_m": -1.1622905731201172e-06, "peak_impulse_ns": 0.7331900643491868, "persist_event_count": 2207977, "physical_contact_active": true, "physical_contact_event_count": 2190660, "physical_contact_observed": true, "physical_contact_tolerance_m": 0.003, "runtime_classification_event_counts": {"ALLOWED_STAGE_CONTACT": 2200710, "CLEAR": 7373}, "runtime_collider_classifications": {"/Validation/Scene/carton_l07_c04 | /fanuc_m710id_70/Geometry/world/base_link/J1_link/J2_link/J3_link/J4_link/J5_link/J6_link/CupCompressedCollision_00": {"classifications": ["CLEAR"], "first_time_s": 14.708333333333332, "last_time_s": 33.025000000000006, "minimum_separation_m": 0.010531648993492126}, "/Validation/Scene/carton_l07_c04 | /fanuc_m710id_70/Geometry/world/base_link/J1_link/J2_link/J3_link/J4_link/J5_link/J6_link/CupCompressedCollision_01": {"classifications": ["CLEAR"], "first_time_s": 14.704166666666666, "last_time_s": 32.920833333333334, "minimum_separation_m": 0.0057786633260548115}, "/Validation/Scene/carton_l07_c04 | /fanuc_m710id_70/Geometry/world/base_link/J1_link/J2_link/J3_link/J4_link/J5_link/J6_link/CupCompressedCollision_02": {"classifications": ["CLEAR"], "first_time_s": 14.820833333333333, "last_time_s": 32.39166666666667, "minimum_separation_m": 0.016843203455209732}, "/Validation/Scene/carton_l07_c04 | /fanuc_m710id_70/Geometry/world/base_link/J1_link/J2_link/J3_link/J4_link/J5_link/J6_link/CupCompressedCollision_06": {"classifications": ["CLEAR", "ALLOWED_STAGE_CONTACT"], "first_time_s": 23.325, "last_time_s": 187.28333333333333, "minimum_separation_m": 1.8998982341145165e-05}, "/Validation/Scene/carton_l07_c04 | /fanuc_m710id_70/Geometry/world/base_link/J1_link/J2_link/J3_link/J4_link/J5_link/J6_link/CupCompressedCollision_07": {"classifications": ["CLEAR", "ALLOWED_STAGE_CONTACT"], "first_time_s": 14.904166666666667, "last_time_s": 187.28333333333333, "minimum_separation_m": 1.5556812286376953e-05}, "/Validation/Scene/carton_l07_c04 | /fanuc_m710id_70/Geometry/world/base_link/J1_link/J2_link/J3_link/J4_link/J5_link/J6_link/CupCompressedCollision_08": {"classifications": ["CLEAR", "ALLOWED_STAGE_CONTACT"], "first_time_s": 14.979166666666666, "last_time_s": 187.28333333333333, "minimum_separation_m": 1.1995444765489083e-05}, "/Validation/Scene/carton_l07_c04 | /fanuc_m710id_70/Geometry/world/base_link/J1_link/J2_link/J3_link/J4_link/J5_link/J6_link/CupCompressedCollision_09": {"classifications": ["ALLOWED_STAGE_CONTACT"], "first_time_s": 34.462500000000006, "last_time_s": 187.28333333333333, "minimum_separation_m": 7.674103471799754e-06}, "/Validation/Scene/carton_l07_c04 | /fanuc_m710id_70/Geometry/world/base_link/J1_link/J2_link/J3_link/J4_link/J5_link/J6_link/CupCompressedCollision_10": {"classifications": ["ALLOWED_STAGE_CONTACT"], "first_time_s": 34.462500000000006, "last_time_s": 187.28333333333333, "minimum_separation_m": 4.068010639457498e-06}, "/Validation/Scene/carton_l07_c04 | /fanuc_m710id_70/Geometry/world/base_link/J1_link/J2_link/J3_link/J4_link/J5_link/J6_link/CupCompressedCollision_11": {"classifications": ["ALLOWED_STAGE_CONTACT"], "first_time_s": 34.462500000000006, "last_time_s": 187.28333333333333, "minimum_separation_m": 3.725290298461914e-07}, "/Validation/Scene/carton_l07_c04 | /fanuc_m710id_70/Geometry/world/base_link/J1_link/J2_link/J3_link/J4_link/J5_link/J6_link/CupCompressedCollision_12": {"classifications": ["CLEAR", "ALLOWED_STAGE_CONTACT"], "first_time_s": 23.266666666666666, "last_time_s": 187.28333333333333, "minimum_separation_m": 1.9028819224331528e-05}, "/Validation/Scene/carton_l07_c04 | /fanuc_m710id_70/Geometry/world/base_link/J1_link/J2_link/J3_link/J4_link/J5_link/J6_link/CupCompressedCollision_13": {"classifications": ["CLEAR", "ALLOWED_STAGE_CONTACT"], "first_time_s": 23.3, "last_time_s": 187.28333333333333, "minimum_separation_m": 1.5646226529497653e-05}, "/Validation/Scene/carton_l07_c04 | /fanuc_m710id_70/Geometry/world/base_link/J1_link/J2_link/J3_link/J4_link/J5_link/J6_link/CupCompressedCollision_14": {"classifications": ["CLEAR", "ALLOWED_STAGE_CONTACT"], "first_time_s": 23.34583333333333, "last_time_s": 187.28333333333333, "minimum_separation_m": 1.1399391951272264e-05}, "/Validation/Scene/carton_l07_c04 | /fanuc_m710id_70/Geometry/world/base_link/J1_link/J2_link/J3_link/J4_link/J5_link/J6_link/CupCompressedCollision_15": {"classifications": ["ALLOWED_STAGE_CONTACT"], "first_time_s": 34.462500000000006, "last_time_s": 187.28333333333333, "minimum_separation_m": 7.480417480110191e-06}, "/Validation/Scene/carton_l07_c04 | /fanuc_m710id_70/Geometry/world/base_link/J1_link/J2_link/J3_link/J4_link/J5_link/J6_link/CupCompressedCollision_16": {"classifications": ["ALLOWED_STAGE_CONTACT"], "first_time_s": 34.462500000000006, "last_time_s": 187.28333333333333, "minimum_separation_m": 3.8147272789501585e-06}, "/Validation/Scene/carton_l07_c04 | /fanuc_m710id_70/Geometry/world/base_link/J1_link/J2_link/J3_link/J4_link/J5_link/J6_link/CupCompressedCollision_17": {"classifications": ["ALLOWED_STAGE_CONTACT"], "first_time_s": 34.462500000000006, "last_time_s": 187.28333333333333, "minimum_separation_m": -1.1622905731201172e-06}, "/Validation/Scene/carton_l07_c04 | /fanuc_m710id_70/Geometry/world/base_link/J1_link/J2_link/J3_link/J4_link/J5_link/J6_link/CupCompressedCollision_18": {"classifications": ["CLEAR", "ALLOWED_STAGE_CONTACT"], "first_time_s": 23.204166666666666, "last_time_s": 187.28333333333333, "minimum_separation_m": 2.072756615234539e-05}, "/Validation/Scene/carton_l07_c04 | /fanuc_m710id_70/Geometry/world/base_link/J1_link/J2_link/J3_link/J4_link/J5_link/J6_link/CupCompressedCollision_19": {"classifications": ["CLEAR", "ALLOWED_STAGE_CONTACT"], "first_time_s": 23.2375, "last_time_s": 187.28333333333333, "minimum_separation_m": 1.661479655012954e-05}, "/Validation/Scene/carton_l07_c04 | /fanuc_m710id_70/Geometry/world/base_link/J1_link/J2_link/J3_link/J4_link/J5_link/J6_link/CupCompressedCollision_20": {"classifications": ["CLEAR", "ALLOWED_STAGE_CONTACT"], "first_time_s": 23.275, "last_time_s": 187.28333333333333, "minimum_separation_m": 1.3172631042834837e-05}, "/Validation/Scene/carton_l07_c04 | /fanuc_m710id_70/Geometry/world/base_link/J1_link/J2_link/J3_link/J4_link/J5_link/J6_link/CupCompressedCollision_21": {"classifications": ["ALLOWED_STAGE_CONTACT"], "first_time_s": 34.462500000000006, "last_time_s": 187.28333333333333, "minimum_separation_m": 8.970526323537342e-06}, "/Validation/Scene/carton_l07_c04 | /fanuc_m710id_70/Geometry/world/base_link/J1_link/J2_link/J3_link/J4_link/J5_link/J6_link/CupCompressedCollision_22": {"classifications": ["ALLOWED_STAGE_CONTACT"], "first_time_s": 34.462500000000006, "last_time_s": 187.28333333333333, "minimum_separation_m": 4.962089406035375e-06}, "/Validation/Scene/carton_l07_c04 | /fanuc_m710id_70/Geometry/world/base_link/J1_link/J2_link/J3_link/J4_link/J5_link/J6_link/CupCompressedCollision_23": {"classifications": ["ALLOWED_STAGE_CONTACT"], "first_time_s": 34.462500000000006, "last_time_s": 187.28333333333333, "minimum_separation_m": -1.4901159772762185e-07}, "/Validation/Scene/carton_l07_c04 | /fanuc_m710id_70/Geometry/world/base_link/J1_link/J2_link/J3_link/J4_link/J5_link/J6_link/CupCompressedCollision_24": {"classifications": ["CLEAR", "ALLOWED_STAGE_CONTACT"], "first_time_s": 23.1375, "last_time_s": 187.28333333333333, "minimum_separation_m": 2.2038824681658298e-05}, "/Validation/Scene/carton_l07_c04 | /fanuc_m710id_70/Geometry/world/base_link/J1_link/J2_link/J3_link/J4_link/J5_link/J6_link/CupCompressedCollision_25": {"classifications": ["CLEAR", "ALLOWED_STAGE_CONTACT"], "first_time_s": 23.170833333333334, "last_time_s": 187.28333333333333, "minimum_separation_m": 1.840293589339126e-05}, "/Validation/Scene/carton_l07_c04 | /fanuc_m710id_70/Geometry/world/base_link/J1_link/J2_link/J3_link/J4_link/J5_link/J6_link/CupCompressedCollision_26": {"classifications": ["CLEAR", "ALLOWED_STAGE_CONTACT"], "first_time_s": 23.208333333333332, "last_time_s": 187.28333333333333, "minimum_separation_m": 1.4483931408904027e-05}, "/Validation/Scene/carton_l07_c04 | /fanuc_m710id_70/Geometry/world/base_link/J1_link/J2_link/J3_link/J4_link/J5_link/J6_link/CupCompressedCollision_27": {"classifications": ["ALLOWED_STAGE_CONTACT"], "first_time_s": 34.462500000000006, "last_time_s": 187.28333333333333, "minimum_separation_m": 1.0594806553854141e-05}, "/Validation/Scene/carton_l07_c04 | /fanuc_m710id_70/Geometry/world/base_link/J1_link/J2_link/J3_link/J4_link/J5_link/J6_link/CupCompressedCollision_28": {"classifications": ["ALLOWED_STAGE_CONTACT"], "first_time_s": 34.462500000000006, "last_time_s": 187.28333333333333, "minimum_separation_m": 6.333066721708747e-06}, "/Validation/Scene/carton_l07_c04 | /fanuc_m710id_70/Geometry/world/base_link/J1_link/J2_link/J3_link/J4_link/J5_link/J6_link/CupCompressedCollision_29": {"classifications": ["ALLOWED_STAGE_CONTACT"], "first_time_s": 34.462500000000006, "last_time_s": 187.28333333333333, "minimum_separation_m": -2.980227122861834e-07}, "/Validation/Scene/carton_l07_c04 | /fanuc_m710id_70/Geometry/world/base_link/J1_link/J2_link/J3_link/J4_link/J5_link/J6_link/CupCompressedCollision_30": {"classifications": ["CLEAR", "ALLOWED_STAGE_CONTACT"], "first_time_s": 23.120833333333334, "last_time_s": 187.28333333333333, "minimum_separation_m": 2.321600914001465e-05}, "/Validation/Scene/carton_l07_c04 | /fanuc_m710id_70/Geometry/world/base_link/J1_link/J2_link/J3_link/J4_link/J5_link/J6_link/CupCompressedCollision_31": {"classifications": ["CLEAR", "ALLOWED_STAGE_CONTACT"], "first_time_s": 23.1375, "last_time_s": 187.28333333333333, "minimum_separation_m": 1.937152774189599e-05}, "/Validation/Scene/carton_l07_c04 | /fanuc_m710id_70/Geometry/world/base_link/J1_link/J2_link/J3_link/J4_link/J5_link/J6_link/CupCompressedCollision_32": {"classifications": ["CLEAR", "ALLOWED_STAGE_CONTACT"], "first_time_s": 23.162499999999998, "last_time_s": 187.28333333333333, "minimum_separation_m": 1.548233922221698e-05}, "/Validation/Scene/carton_l07_c04 | /fanuc_m710id_70/Geometry/world/base_link/J1_link/J2_link/J3_link/J4_link/J5_link/J6_link/CupCompressedCollision_33": {"classifications": ["ALLOWED_STAGE_CONTACT"], "first_time_s": 34.462500000000006, "last_time_s": 187.28333333333333, "minimum_separation_m": 1.1324884326313622e-05}, "/Validation/Scene/carton_l07_c04 | /fanuc_m710id_70/Geometry/world/base_link/J1_link/J2_link/J3_link/J4_link/J5_link/J6_link/CupCompressedCollision_34": {"classifications": ["ALLOWED_STAGE_CONTACT"], "first_time_s": 34.462500000000006, "last_time_s": 187.28333333333333, "minimum_separation_m": 7.376209396170452e-06}, "/Validation/Scene/carton_l07_c04 | /fanuc_m710id_70/Geometry/world/base_link/J1_link/J2_link/J3_link/J4_link/J5_link/J6_link/CupCompressedCollision_35": {"classifications": ["ALLOWED_STAGE_CONTACT"], "first_time_s": 34.462500000000006, "last_time_s": 187.28333333333333, "minimum_separation_m": 5.9604584379258085e-08}, "/Validation/Scene/carton_l07_c04 | /fanuc_m710id_70/Geometry/world/base_link/J1_link/J2_link/J3_link/J4_link/J5_link/J6_link/CupCompressedCollision_36": {"classifications": ["CLEAR", "ALLOWED_STAGE_CONTACT"], "first_time_s": 32.050000000000004, "last_time_s": 187.28333333333333, "minimum_separation_m": 2.4780649255262688e-05}, "/Validation/Scene/carton_l07_c04 | /fanuc_m710id_70/Geometry/world/base_link/J1_link/J2_link/J3_link/J4_link/J5_link/J6_link/CupCompressedCollision_37": {"classifications": ["CLEAR", "ALLOWED_STAGE_CONTACT"], "first_time_s": 32.27916666666667, "last_time_s": 187.28333333333333, "minimum_separation_m": 2.074241820082534e-05}, "/Validation/Scene/carton_l07_c04 | /fanuc_m710id_70/Geometry/world/base_link/J1_link/J2_link/J3_link/J4_link/J5_link/J6_link/CupCompressedCollision_38": {"classifications": ["ALLOWED_STAGE_CONTACT"], "first_time_s": 34.458333333333336, "last_time_s": 187.28333333333333, "minimum_separation_m": 1.6242269339272752e-05}, "/Validation/Scene/carton_l07_c04 | /fanuc_m710id_70/Geometry/world/base_link/J1_link/J2_link/J3_link/J4_link/J5_link/J6_link/CupCompressedCollision_39": {"classifications": ["ALLOWED_STAGE_CONTACT"], "first_time_s": 34.462500000000006, "last_time_s": 187.28333333333333, "minimum_separation_m": 1.2308370060054585e-05}, "/Validation/Scene/carton_l07_c04 | /fanuc_m710id_70/Geometry/world/base_link/J1_link/J2_link/J3_link/J4_link/J5_link/J6_link/CupCompressedCollision_40": {"classifications": ["ALLOWED_STAGE_CONTACT"], "first_time_s": 34.462500000000006, "last_time_s": 187.28333333333333, "minimum_separation_m": 8.210543455788866e-06}, "/Validation/Scene/carton_l07_c04 | /fanuc_m710id_70/Geometry/world/base_link/J1_link/J2_link/J3_link/J4_link/J5_link/J6_link/CupCompressedCollision_41": {"classifications": ["ALLOWED_STAGE_CONTACT"], "first_time_s": 34.462500000000006, "last_time_s": 187.28333333333333, "minimum_separation_m": 0.0}, "/Validation/Scene/carton_l07_c04 | /fanuc_m710id_70/Geometry/world/base_link/J1_link/J2_link/J3_link/J4_link/J5_link/J6_link/CupCompressedCollision_42": {"classifications": ["CLEAR", "ALLOWED_STAGE_CONTACT"], "first_time_s": 32.10416666666667, "last_time_s": 187.28333333333333, "minimum_separation_m": 2.570451943029184e-05}, "/Validation/Scene/carton_l07_c04 | /fanuc_m710id_70/Geometry/world/base_link/J1_link/J2_link/J3_link/J4_link/J5_link/J6_link/CupCompressedCollision_43": {"classifications": ["CLEAR", "ALLOWED_STAGE_CONTACT"], "first_time_s": 32.32916666666667, "last_time_s": 187.28333333333333, "minimum_separation_m": 2.1547082724282518e-05}, "/Validation/Scene/carton_l07_c04 | /fanuc_m710id_70/Geometry/world/base_link/J1_link/J2_link/J3_link/J4_link/J5_link/J6_link/CupCompressedCollision_44": {"classifications": ["ALLOWED_STAGE_CONTACT"], "first_time_s": 34.458333333333336, "last_time_s": 187.28333333333333, "minimum_separation_m": 1.7270445823669434e-05}, "/Validation/Scene/carton_l07_c04 | /fanuc_m710id_70/Geometry/world/base_link/J1_link/J2_link/J3_link/J4_link/J5_link/J6_link/CupCompressedCollision_45": {"classifications": ["ALLOWED_STAGE_CONTACT"], "first_time_s": 34.462500000000006, "last_time_s": 187.28333333333333, "minimum_separation_m": 1.3440867405734025e-05}, "/Validation/Scene/carton_l07_c04 | /fanuc_m710id_70/Geometry/world/base_link/J1_link/J2_link/J3_link/J4_link/J5_link/J6_link/CupCompressedCollision_46": {"classifications": ["ALLOWED_STAGE_CONTACT"], "first_time_s": 34.462500000000006, "last_time_s": 187.28333333333333, "minimum_separation_m": 9.432435945200268e-06}, "/Validation/Scene/carton_l07_c04 | /fanuc_m710id_70/Geometry/world/base_link/J1_link/J2_link/J3_link/J4_link/J5_link/J6_link/CupCompressedCollision_47": {"classifications": ["ALLOWED_STAGE_CONTACT"], "first_time_s": 34.462500000000006, "last_time_s": 187.28333333333333, "minimum_separation_m": -2.980266629037942e-07}, "/Validation/Scene/carton_l07_c04 | /fanuc_m710id_70/Geometry/world/base_link/J1_link/J2_link/J3_link/J4_link/J5_link/J6_link/CupCompressedCollision_48": {"classifications": ["CLEAR", "ALLOWED_STAGE_CONTACT"], "first_time_s": 32.1875, "last_time_s": 187.28333333333333, "minimum_separation_m": 2.682209378690459e-05}, "/Validation/Scene/carton_l07_c04 | /fanuc_m710id_70/Geometry/world/base_link/J1_link/J2_link/J3_link/J4_link/J5_link/J6_link/CupCompressedCollision_49": {"classifications": ["CLEAR", "ALLOWED_STAGE_CONTACT"], "first_time_s": 32.375, "last_time_s": 187.28333333333333, "minimum_separation_m": 2.282857894897461e-05}, "/Validation/Scene/carton_l07_c04 | /fanuc_m710id_70/Geometry/world/base_link/J1_link/J2_link/J3_link/J4_link/J5_link/J6_link/CupCompressedCollision_50": {"classifications": ["ALLOWED_STAGE_CONTACT"], "first_time_s": 34.458333333333336, "last_time_s": 187.28333333333333, "minimum_separation_m": 1.850724220275879e-05}, "/Validation/Scene/carton_l07_c04 | /fanuc_m710id_70/Geometry/world/base_link/J1_link/J2_link/J3_link/J4_link/J5_link/J6_link/CupCompressedCollision_51": {"classifications": ["ALLOWED_STAGE_CONTACT"], "first_time_s": 34.462500000000006, "last_time_s": 187.28333333333333, "minimum_separation_m": 1.4409432878892403e-05}, "/Validation/Scene/carton_l07_c04 | /fanuc_m710id_70/Geometry/world/base_link/J1_link/J2_link/J3_link/J4_link/J5_link/J6_link/CupCompressedCollision_52": {"classifications": ["ALLOWED_STAGE_CONTACT"], "first_time_s": 34.462500000000006, "last_time_s": 187.28333333333333, "minimum_separation_m": 9.909298569255043e-06}, "/Validation/Scene/carton_l07_c04 | /fanuc_m710id_70/Geometry/world/base_link/J1_link/J2_link/J3_link/J4_link/J5_link/J6_link/CupCompressedCollision_53": {"classifications": ["ALLOWED_STAGE_CONTACT"], "first_time_s": 34.462500000000006, "last_time_s": 187.28333333333333, "minimum_separation_m": 1.4901206668582745e-06}, "/Validation/Scene/carton_l07_c04 | /fanuc_m710id_70/Geometry/world/base_link/J1_link/J2_link/J3_link/J4_link/J5_link/J6_link/CupCompressedCollision_54": {"classifications": ["ALLOWED_STAGE_CONTACT"], "first_time_s": 34.458333333333336, "last_time_s": 187.28333333333333, "minimum_separation_m": 2.8222859327797778e-05}, "/Validation/Scene/carton_l07_c04 | /fanuc_m710id_70/Geometry/world/base_link/J1_link/J2_link/J3_link/J4_link/J5_link/J6_link/CupCompressedCollision_55": {"classifications": ["ALLOWED_STAGE_CONTACT"], "first_time_s": 34.458333333333336, "last_time_s": 187.28333333333333, "minimum_separation_m": 2.4065375328063965e-05}, "/Validation/Scene/carton_l07_c04 | /fanuc_m710id_70/Geometry/world/base_link/J1_link/J2_link/J3_link/J4_link/J5_link/J6_link/CupCompressedCollision_56": {"classifications": ["ALLOWED_STAGE_CONTACT"], "first_time_s": 34.458333333333336, "last_time_s": 187.28333333333333, "minimum_separation_m": 1.9297007384011522e-05}, "/Validation/Scene/carton_l07_c04 | /fanuc_m710id_70/Geometry/world/base_link/J1_link/J2_link/J3_link/J4_link/J5_link/J6_link/CupCompressedCollision_57": {"classifications": ["ALLOWED_STAGE_CONTACT"], "first_time_s": 34.458333333333336, "last_time_s": 187.28333333333333, "minimum_separation_m": 1.542270001664292e-05}, "/Validation/Scene/carton_l07_c04 | /fanuc_m710id_70/Geometry/world/base_link/J1_link/J2_link/J3_link/J4_link/J5_link/J6_link/CupCompressedCollision_58": {"classifications": ["CLEAR", "ALLOWED_STAGE_CONTACT"], "first_time_s": 19.883333333333333, "last_time_s": 187.28333333333333, "minimum_separation_m": 1.0937458682747092e-05}, "/Validation/Scene/carton_l07_c04 | /fanuc_m710id_70/Geometry/world/base_link/J1_link/J2_link/J3_link/J4_link/J5_link/J6_link/CupCompressedCollision_59": {"classifications": ["ALLOWED_STAGE_CONTACT"], "first_time_s": 34.462500000000006, "last_time_s": 187.28333333333333, "minimum_separation_m": 2.682209014892578e-07}, "/Validation/Scene/carton_l07_c04 | /fanuc_m710id_70/Geometry/world/base_link/J1_link/J2_link/J3_link/J4_link/J5_link/J6_link/CupCompressedCollision_60": {"classifications": ["ALLOWED_STAGE_CONTACT"], "first_time_s": 34.458333333333336, "last_time_s": 187.28333333333333, "minimum_separation_m": 2.9504300982807763e-05}, "/Validation/Scene/carton_l07_c04 | /fanuc_m710id_70/Geometry/world/base_link/J1_link/J2_link/J3_link/J4_link/J5_link/J6_link/CupCompressedCollision_61": {"classifications": ["ALLOWED_STAGE_CONTACT"], "first_time_s": 34.458333333333336, "last_time_s": 187.28333333333333, "minimum_separation_m": 2.5630006348364986e-05}, "/Validation/Scene/carton_l07_c04 | /fanuc_m710id_70/Geometry/world/base_link/J1_link/J2_link/J3_link/J4_link/J5_link/J6_link/CupCompressedCollision_62": {"classifications": ["ALLOWED_STAGE_CONTACT"], "first_time_s": 34.458333333333336, "last_time_s": 187.28333333333333, "minimum_separation_m": 2.171099004044663e-05}, "/Validation/Scene/carton_l07_c04 | /fanuc_m710id_70/Geometry/world/base_link/J1_link/J2_link/J3_link/J4_link/J5_link/J6_link/CupCompressedCollision_63": {"classifications": ["ALLOWED_STAGE_CONTACT"], "first_time_s": 34.462500000000006, "last_time_s": 187.28333333333333, "minimum_separation_m": 1.6987323760986328e-05}, "/Validation/Scene/carton_l07_c04 | /fanuc_m710id_70/Geometry/world/base_link/J1_link/J2_link/J3_link/J4_link/J5_link/J6_link/CupCompressedCollision_64": {"classifications": ["CLEAR", "ALLOWED_STAGE_CONTACT"], "first_time_s": 19.945833333333333, "last_time_s": 187.28333333333333, "minimum_separation_m": 1.308322316617705e-05}, "/Validation/Scene/carton_l07_c04 | /fanuc_m710id_70/Geometry/world/base_link/J1_link/J2_link/J3_link/J4_link/J5_link/J6_link/CupCompressedCollision_65": {"classifications": ["ALLOWED_STAGE_CONTACT"], "first_time_s": 34.462500000000006, "last_time_s": 187.28333333333333, "minimum_separation_m": 5.289911769068567e-06}}}], "payload_conveyor_contact_pairs": [], "payload_coupled_to_robot": true, "payload_displacement_m": 4.153209940329174, "payload_grasp_closed_time_s": 35.55416666666667, "payload_grasp_command_succeeded": true, "payload_grip_lost_time_s": null, "payload_minimum_active_cup_count": null, "payload_physical_contact_pairs": [{"active": false, "active_collider_pair_count": 0, "active_physical_collider_pair_count": 0, "actor0": "/Validation/Scene/carton_l06_c04", "actor1": "/Validation/Scene/carton_l07_c04", "collider_pairs": [["/Validation/Scene/carton_l06_c04", "/Validation/Scene/carton_l07_c04"]], "contact_data_resolution_counts": {"resolved": 97}, "event_count": 8673, "first_contact_time_s": 0.0, "first_physical_contact_time_s": 0.0, "first_physical_contact_trajectory_time_s": 0.0, "found_event_count": 2, "impulse_semantics": "peak_norm_of_per_event_vector_sum_over_contact_points", "last_contact_time_s": 63.85, "last_event_type": "CONTACT_LOST", "last_header_maximum_separation_m": null, "last_header_minimum_separation_m": null, "last_physical_contact_time_s": 60.9125, "last_physical_contact_trajectory_time_s": 60.80416666668809, "lost_event_count": 2, "maximum_separation_m": 0.019939765334129333, "minimum_separation_m": -5.27501106262207e-06, "minimum_separation_semantics": "CONTACT_POINT_NORMAL_SEPARATION_NOT_BOX_MINIMUM_DISTANCE", "peak_impulse_ns": 2.4952292295006324, "persist_event_count": 8669, "physical_contact_active": false, "physical_contact_event_count": 7968, "physical_contact_observed": true, "physical_contact_tolerance_m": 0.003, "runtime_classification_event_counts": {"ALLOWED_STAGE_CONTACT": 97}, "runtime_collider_classifications": {"/Validation/Scene/carton_l06_c04 | /Validation/Scene/carton_l07_c04": {"classifications": ["ALLOWED_STAGE_CONTACT"], "first_time_s": 0.0, "last_time_s": 0.0, "minimum_separation_m": -2.682208332771552e-06}}, "stack_engineering_clearance_source": "DEFERRED_POST_STEP_VERIFIED_BOX_GEOMETRY"}, {"active": true, "active_collider_pair_count": 60, "active_physical_collider_pair_count": 60, "actor0": "/Validation/Scene/carton_l07_c04", "actor1": "/fanuc_m710id_70/Geometry/world/base_link/J1_link/J2_link/J3_link/J4_link/J5_link/J6_link", "collider_pairs": [["/Validation/Scene/carton_l07_c04", "/fanuc_m710id_70/Geometry/world/base_link/J1_link/J2_link/J3_link/J4_link/J5_link/J6_link/CupCompressedCollision_01"], ["/Validation/Scene/carton_l07_c04", "/fanuc_m710id_70/Geometry/world/base_link/J1_link/J2_link/J3_link/J4_link/J5_link/J6_link/CupCompressedCollision_00"], ["/Validation/Scene/carton_l07_c04", "/fanuc_m710id_70/Geometry/world/base_link/J1_link/J2_link/J3_link/J4_link/J5_link/J6_link/CupCompressedCollision_02"], ["/Validation/Scene/carton_l07_c04", "/fanuc_m710id_70/Geometry/world/base_link/J1_link/J2_link/J3_link/J4_link/J5_link/J6_link/CupCompressedCollision_07"], ["/Validation/Scene/carton_l07_c04", "/fanuc_m710id_70/Geometry/world/base_link/J1_link/J2_link/J3_link/J4_link/J5_link/J6_link/CupCompressedCollision_08"], ["/Validation/Scene/carton_l07_c04", "/fanuc_m710id_70/Geometry/world/base_link/J1_link/J2_link/J3_link/J4_link/J5_link/J6_link/CupCompressedCollision_58"], ["/Validation/Scene/carton_l07_c04", "/fanuc_m710id_70/Geometry/world/base_link/J1_link/J2_link/J3_link/J4_link/J5_link/J6_link/CupCompressedCollision_64"], ["/Validation/Scene/carton_l07_c04", "/fanuc_m710id_70/Geometry/world/base_link/J1_link/J2_link/J3_link/J4_link/J5_link/J6_link/CupCompressedCollision_30"], ["/Validation/Scene/carton_l07_c04", "/fanuc_m710id_70/Geometry/world/base_link/J1_link/J2_link/J3_link/J4_link/J5_link/J6_link/CupCompressedCollision_24"], ["/Validation/Scene/carton_l07_c04", "/fanuc_m710id_70/Geometry/world/base_link/J1_link/J2_link/J3_link/J4_link/J5_link/J6_link/CupCompressedCollision_31"], ["/Validation/Scene/carton_l07_c04", "/fanuc_m710id_70/Geometry/world/base_link/J1_link/J2_link/J3_link/J4_link/J5_link/J6_link/CupCompressedCollision_32"], ["/Validation/Scene/carton_l07_c04", "/fanuc_m710id_70/Geometry/world/base_link/J1_link/J2_link/J3_link/J4_link/J5_link/J6_link/CupCompressedCollision_25"], ["/Validation/Scene/carton_l07_c04", "/fanuc_m710id_70/Geometry/world/base_link/J1_link/J2_link/J3_link/J4_link/J5_link/J6_link/CupCompressedCollision_18"], ["/Validation/Scene/carton_l07_c04", "/fanuc_m710id_70/Geometry/world/base_link/J1_link/J2_link/J3_link/J4_link/J5_link/J6_link/CupCompressedCollision_26"], ["/Validation/Scene/carton_l07_c04", "/fanuc_m710id_70/Geometry/world/base_link/J1_link/J2_link/J3_link/J4_link/J5_link/J6_link/CupCompressedCollision_19"], ["/Validation/Scene/carton_l07_c04", "/fanuc_m710id_70/Geometry/world/base_link/J1_link/J2_link/J3_link/J4_link/J5_link/J6_link/CupCompressedCollision_12"], ["/Validation/Scene/carton_l07_c04", "/fanuc_m710id_70/Geometry/world/base_link/J1_link/J2_link/J3_link/J4_link/J5_link/J6_link/CupCompressedCollision_20"], ["/Validation/Scene/carton_l07_c04", "/fanuc_m710id_70/Geometry/world/base_link/J1_link/J2_link/J3_link/J4_link/J5_link/J6_link/CupCompressedCollision_13"], ["/Validation/Scene/carton_l07_c04", "/fanuc_m710id_70/Geometry/world/base_link/J1_link/J2_link/J3_link/J4_link/J5_link/J6_link/CupCompressedCollision_06"], ["/Validation/Scene/carton_l07_c04", "/fanuc_m710id_70/Geometry/world/base_link/J1_link/J2_link/J3_link/J4_link/J5_link/J6_link/CupCompressedCollision_14"], ["/Validation/Scene/carton_l07_c04", "/fanuc_m710id_70/Geometry/world/base_link/J1_link/J2_link/J3_link/J4_link/J5_link/J6_link/CupCompressedCollision_36"], ["/Validation/Scene/carton_l07_c04", "/fanuc_m710id_70/Geometry/world/base_link/J1_link/J2_link/J3_link/J4_link/J5_link/J6_link/CupCompressedCollision_42"], ["/Validation/Scene/carton_l07_c04", "/fanuc_m710id_70/Geometry/world/base_link/J1_link/J2_link/J3_link/J4_link/J5_link/J6_link/CupCompressedCollision_48"], ["/Validation/Scene/carton_l07_c04", "/fanuc_m710id_70/Geometry/world/base_link/J1_link/J2_link/J3_link/J4_link/J5_link/J6_link/CupCompressedCollision_37"], ["/Validation/Scene/carton_l07_c04", "/fanuc_m710id_70/Geometry/world/base_link/J1_link/J2_link/J3_link/J4_link/J5_link/J6_link/CupCompressedCollision_43"], ["/Validation/Scene/carton_l07_c04", "/fanuc_m710id_70/Geometry/world/base_link/J1_link/J2_link/J3_link/J4_link/J5_link/J6_link/CupCompressedCollision_49"], ["/Validation/Scene/carton_l07_c04", "/fanuc_m710id_70/Geometry/world/base_link/J1_link/J2_link/J3_link/J4_link/J5_link/J6_link/CupCompressedCollision_50"], ["/Validation/Scene/carton_l07_c04", "/fanuc_m710id_70/Geometry/world/base_link/J1_link/J2_link/J3_link/J4_link/J5_link/J6_link/CupCompressedCollision_61"], ["/Validation/Scene/carton_l07_c04", "/fanuc_m710id_70/Geometry/world/base_link/J1_link/J2_link/J3_link/J4_link/J5_link/J6_link/CupCompressedCollision_54"], ["/Validation/Scene/carton_l07_c04", "/fanuc_m710id_70/Geometry/world/base_link/J1_link/J2_link/J3_link/J4_link/J5_link/J6_link/CupCompressedCollision_60"], ["/Validation/Scene/carton_l07_c04", "/fanuc_m710id_70/Geometry/world/base_link/J1_link/J2_link/J3_link/J4_link/J5_link/J6_link/CupCompressedCollision_56"], ["/Validation/Scene/carton_l07_c04", "/fanuc_m710id_70/Geometry/world/base_link/J1_link/J2_link/J3_link/J4_link/J5_link/J6_link/CupCompressedCollision_62"], ["/Validation/Scene/carton_l07_c04", "/fanuc_m710id_70/Geometry/world/base_link/J1_link/J2_link/J3_link/J4_link/J5_link/J6_link/CupCompressedCollision_44"], ["/Validation/Scene/carton_l07_c04", "/fanuc_m710id_70/Geometry/world/base_link/J1_link/J2_link/J3_link/J4_link/J5_link/J6_link/CupCompressedCollision_57"], ["/Validation/Scene/carton_l07_c04", "/fanuc_m710id_70/Geometry/world/base_link/J1_link/J2_link/J3_link/J4_link/J5_link/J6_link/CupCompressedCollision_55"], ["/Validation/Scene/carton_l07_c04", "/fanuc_m710id_70/Geometry/world/base_link/J1_link/J2_link/J3_link/J4_link/J5_link/J6_link/CupCompressedCollision_38"], ["/Validation/Scene/carton_l07_c04", "/fanuc_m710id_70/Geometry/world/base_link/J1_link/J2_link/J3_link/J4_link/J5_link/J6_link/CupCompressedCollision_51"], ["/Validation/Scene/carton_l07_c04", "/fanuc_m710id_70/Geometry/world/base_link/J1_link/J2_link/J3_link/J4_link/J5_link/J6_link/CupCompressedCollision_63"], ["/Validation/Scene/carton_l07_c04", "/fanuc_m710id_70/Geometry/world/base_link/J1_link/J2_link/J3_link/J4_link/J5_link/J6_link/CupCompressedCollision_65"], ["/Validation/Scene/carton_l07_c04", "/fanuc_m710id_70/Geometry/world/base_link/J1_link/J2_link/J3_link/J4_link/J5_link/J6_link/CupCompressedCollision_45"], ["/Validation/Scene/carton_l07_c04", "/fanuc_m710id_70/Geometry/world/base_link/J1_link/J2_link/J3_link/J4_link/J5_link/J6_link/CupCompressedCollision_52"], ["/Validation/Scene/carton_l07_c04", "/fanuc_m710id_70/Geometry/world/base_link/J1_link/J2_link/J3_link/J4_link/J5_link/J6_link/CupCompressedCollision_59"], ["/Validation/Scene/carton_l07_c04", "/fanuc_m710id_70/Geometry/world/base_link/J1_link/J2_link/J3_link/J4_link/J5_link/J6_link/CupCompressedCollision_39"], ["/Validation/Scene/carton_l07_c04", "/fanuc_m710id_70/Geometry/world/base_link/J1_link/J2_link/J3_link/J4_link/J5_link/J6_link/CupCompressedCollision_46"], ["/Validation/Scene/carton_l07_c04", "/fanuc_m710id_70/Geometry/world/base_link/J1_link/J2_link/J3_link/J4_link/J5_link/J6_link/CupCompressedCollision_53"], ["/Validation/Scene/carton_l07_c04", "/fanuc_m710id_70/Geometry/world/base_link/J1_link/J2_link/J3_link/J4_link/J5_link/J6_link/CupCompressedCollision_33"], ["/Validation/Scene/carton_l07_c04", "/fanuc_m710id_70/Geometry/world/base_link/J1_link/J2_link/J3_link/J4_link/J5_link/J6_link/CupCompressedCollision_40"], ["/Validation/Scene/carton_l07_c04", "/fanuc_m710id_70/Geometry/world/base_link/J1_link/J2_link/J3_link/J4_link/J5_link/J6_link/CupCompressedCollision_47"], ["/Validation/Scene/carton_l07_c04", "/fanuc_m710id_70/Geometry/world/base_link/J1_link/J2_link/J3_link/J4_link/J5_link/J6_link/CupCompressedCollision_27"], ["/Validation/Scene/carton_l07_c04", "/fanuc_m710id_70/Geometry/world/base_link/J1_link/J2_link/J3_link/J4_link/J5_link/J6_link/CupCompressedCollision_34"], ["/Validation/Scene/carton_l07_c04", "/fanuc_m710id_70/Geometry/world/base_link/J1_link/J2_link/J3_link/J4_link/J5_link/J6_link/CupCompressedCollision_41"], ["/Validation/Scene/carton_l07_c04", "/fanuc_m710id_70/Geometry/world/base_link/J1_link/J2_link/J3_link/J4_link/J5_link/J6_link/CupCompressedCollision_21"], ["/Validation/Scene/carton_l07_c04", "/fanuc_m710id_70/Geometry/world/base_link/J1_link/J2_link/J3_link/J4_link/J5_link/J6_link/CupCompressedCollision_28"], ["/Validation/Scene/carton_l07_c04", "/fanuc_m710id_70/Geometry/world/base_link/J1_link/J2_link/J3_link/J4_link/J5_link/J6_link/CupCompressedCollision_35"], ["/Validation/Scene/carton_l07_c04", "/fanuc_m710id_70/Geometry/world/base_link/J1_link/J2_link/J3_link/J4_link/J5_link/J6_link/CupCompressedCollision_15"], ["/Validation/Scene/carton_l07_c04", "/fanuc_m710id_70/Geometry/world/base_link/J1_link/J2_link/J3_link/J4_link/J5_link/J6_link/CupCompressedCollision_22"], ["/Validation/Scene/carton_l07_c04", "/fanuc_m710id_70/Geometry/world/base_link/J1_link/J2_link/J3_link/J4_link/J5_link/J6_link/CupCompressedCollision_29"], ["/Validation/Scene/carton_l07_c04", "/fanuc_m710id_70/Geometry/world/base_link/J1_link/J2_link/J3_link/J4_link/J5_link/J6_link/CupCompressedCollision_09"], ["/Validation/Scene/carton_l07_c04", "/fanuc_m710id_70/Geometry/world/base_link/J1_link/J2_link/J3_link/J4_link/J5_link/J6_link/CupCompressedCollision_16"], ["/Validation/Scene/carton_l07_c04", "/fanuc_m710id_70/Geometry/world/base_link/J1_link/J2_link/J3_link/J4_link/J5_link/J6_link/CupCompressedCollision_23"], ["/Validation/Scene/carton_l07_c04", "/fanuc_m710id_70/Geometry/world/base_link/J1_link/J2_link/J3_link/J4_link/J5_link/J6_link/CupCompressedCollision_10"], ["/Validation/Scene/carton_l07_c04", "/fanuc_m710id_70/Geometry/world/base_link/J1_link/J2_link/J3_link/J4_link/J5_link/J6_link/CupCompressedCollision_17"], ["/Validation/Scene/carton_l07_c04", "/fanuc_m710id_70/Geometry/world/base_link/J1_link/J2_link/J3_link/J4_link/J5_link/J6_link/CupCompressedCollision_11"]], "contact_data_resolution_counts": {"lost": 46, "resolved": 2208083}, "event_count": 2208129, "first_contact_time_s": 14.704166666666666, "first_physical_contact_time_s": 35.15833333333334, "first_physical_contact_trajectory_time_s": 35.05000000000093, "found_event_count": 106, "impulse_semantics": "peak_norm_of_per_event_vector_sum_over_contact_points", "last_contact_time_s": 187.28333333333333, "last_event_type": "CONTACT_PERSIST", "last_header_maximum_separation_m": 0.0013967901468276978, "last_header_minimum_separation_m": 0.0013934075832366943, "last_physical_contact_time_s": 187.28333333333333, "last_physical_contact_trajectory_time_s": 187.17387974498772, "lost_event_count": 46, "maximum_separation_m": 0.027151331305503845, "minimum_separation_m": -1.1622905731201172e-06, "peak_impulse_ns": 0.7331900643491868, "persist_event_count": 2207977, "physical_contact_active": true, "physical_contact_event_count": 2190660, "physical_contact_observed": true, "physical_contact_tolerance_m": 0.003, "runtime_classification_event_counts": {"ALLOWED_STAGE_CONTACT": 2200710, "CLEAR": 7373}, "runtime_collider_classifications": {"/Validation/Scene/carton_l07_c04 | /fanuc_m710id_70/Geometry/world/base_link/J1_link/J2_link/J3_link/J4_link/J5_link/J6_link/CupCompressedCollision_00": {"classifications": ["CLEAR"], "first_time_s": 14.708333333333332, "last_time_s": 33.025000000000006, "minimum_separation_m": 0.010531648993492126}, "/Validation/Scene/carton_l07_c04 | /fanuc_m710id_70/Geometry/world/base_link/J1_link/J2_link/J3_link/J4_link/J5_link/J6_link/CupCompressedCollision_01": {"classifications": ["CLEAR"], "first_time_s": 14.704166666666666, "last_time_s": 32.920833333333334, "minimum_separation_m": 0.0057786633260548115}, "/Validation/Scene/carton_l07_c04 | /fanuc_m710id_70/Geometry/world/base_link/J1_link/J2_link/J3_link/J4_link/J5_link/J6_link/CupCompressedCollision_02": {"classifications": ["CLEAR"], "first_time_s": 14.820833333333333, "last_time_s": 32.39166666666667, "minimum_separation_m": 0.016843203455209732}, "/Validation/Scene/carton_l07_c04 | /fanuc_m710id_70/Geometry/world/base_link/J1_link/J2_link/J3_link/J4_link/J5_link/J6_link/CupCompressedCollision_06": {"classifications": ["CLEAR", "ALLOWED_STAGE_CONTACT"], "first_time_s": 23.325, "last_time_s": 187.28333333333333, "minimum_separation_m": 1.8998982341145165e-05}, "/Validation/Scene/carton_l07_c04 | /fanuc_m710id_70/Geometry/world/base_link/J1_link/J2_link/J3_link/J4_link/J5_link/J6_link/CupCompressedCollision_07": {"classifications": ["CLEAR", "ALLOWED_STAGE_CONTACT"], "first_time_s": 14.904166666666667, "last_time_s": 187.28333333333333, "minimum_separation_m": 1.5556812286376953e-05}, "/Validation/Scene/carton_l07_c04 | /fanuc_m710id_70/Geometry/world/base_link/J1_link/J2_link/J3_link/J4_link/J5_link/J6_link/CupCompressedCollision_08": {"classifications": ["CLEAR", "ALLOWED_STAGE_CONTACT"], "first_time_s": 14.979166666666666, "last_time_s": 187.28333333333333, "minimum_separation_m": 1.1995444765489083e-05}, "/Validation/Scene/carton_l07_c04 | /fanuc_m710id_70/Geometry/world/base_link/J1_link/J2_link/J3_link/J4_link/J5_link/J6_link/CupCompressedCollision_09": {"classifications": ["ALLOWED_STAGE_CONTACT"], "first_time_s": 34.462500000000006, "last_time_s": 187.28333333333333, "minimum_separation_m": 7.674103471799754e-06}, "/Validation/Scene/carton_l07_c04 | /fanuc_m710id_70/Geometry/world/base_link/J1_link/J2_link/J3_link/J4_link/J5_link/J6_link/CupCompressedCollision_10": {"classifications": ["ALLOWED_STAGE_CONTACT"], "first_time_s": 34.462500000000006, "last_time_s": 187.28333333333333, "minimum_separation_m": 4.068010639457498e-06}, "/Validation/Scene/carton_l07_c04 | /fanuc_m710id_70/Geometry/world/base_link/J1_link/J2_link/J3_link/J4_link/J5_link/J6_link/CupCompressedCollision_11": {"classifications": ["ALLOWED_STAGE_CONTACT"], "first_time_s": 34.462500000000006, "last_time_s": 187.28333333333333, "minimum_separation_m": 3.725290298461914e-07}, "/Validation/Scene/carton_l07_c04 | /fanuc_m710id_70/Geometry/world/base_link/J1_link/J2_link/J3_link/J4_link/J5_link/J6_link/CupCompressedCollision_12": {"classifications": ["CLEAR", "ALLOWED_STAGE_CONTACT"], "first_time_s": 23.266666666666666, "last_time_s": 187.28333333333333, "minimum_separation_m": 1.9028819224331528e-05}, "/Validation/Scene/carton_l07_c04 | /fanuc_m710id_70/Geometry/world/base_link/J1_link/J2_link/J3_link/J4_link/J5_link/J6_link/CupCompressedCollision_13": {"classifications": ["CLEAR", "ALLOWED_STAGE_CONTACT"], "first_time_s": 23.3, "last_time_s": 187.28333333333333, "minimum_separation_m": 1.5646226529497653e-05}, "/Validation/Scene/carton_l07_c04 | /fanuc_m710id_70/Geometry/world/base_link/J1_link/J2_link/J3_link/J4_link/J5_link/J6_link/CupCompressedCollision_14": {"classifications": ["CLEAR", "ALLOWED_STAGE_CONTACT"], "first_time_s": 23.34583333333333, "last_time_s": 187.28333333333333, "minimum_separation_m": 1.1399391951272264e-05}, "/Validation/Scene/carton_l07_c04 | /fanuc_m710id_70/Geometry/world/base_link/J1_link/J2_link/J3_link/J4_link/J5_link/J6_link/CupCompressedCollision_15": {"classifications": ["ALLOWED_STAGE_CONTACT"], "first_time_s": 34.462500000000006, "last_time_s": 187.28333333333333, "minimum_separation_m": 7.480417480110191e-06}, "/Validation/Scene/carton_l07_c04 | /fanuc_m710id_70/Geometry/world/base_link/J1_link/J2_link/J3_link/J4_link/J5_link/J6_link/CupCompressedCollision_16": {"classifications": ["ALLOWED_STAGE_CONTACT"], "first_time_s": 34.462500000000006, "last_time_s": 187.28333333333333, "minimum_separation_m": 3.8147272789501585e-06}, "/Validation/Scene/carton_l07_c04 | /fanuc_m710id_70/Geometry/world/base_link/J1_link/J2_link/J3_link/J4_link/J5_link/J6_link/CupCompressedCollision_17": {"classifications": ["ALLOWED_STAGE_CONTACT"], "first_time_s": 34.462500000000006, "last_time_s": 187.28333333333333, "minimum_separation_m": -1.1622905731201172e-06}, "/Validation/Scene/carton_l07_c04 | /fanuc_m710id_70/Geometry/world/base_link/J1_link/J2_link/J3_link/J4_link/J5_link/J6_link/CupCompressedCollision_18": {"classifications": ["CLEAR", "ALLOWED_STAGE_CONTACT"], "first_time_s": 23.204166666666666, "last_time_s": 187.28333333333333, "minimum_separation_m": 2.072756615234539e-05}, "/Validation/Scene/carton_l07_c04 | /fanuc_m710id_70/Geometry/world/base_link/J1_link/J2_link/J3_link/J4_link/J5_link/J6_link/CupCompressedCollision_19": {"classifications": ["CLEAR", "ALLOWED_STAGE_CONTACT"], "first_time_s": 23.2375, "last_time_s": 187.28333333333333, "minimum_separation_m": 1.661479655012954e-05}, "/Validation/Scene/carton_l07_c04 | /fanuc_m710id_70/Geometry/world/base_link/J1_link/J2_link/J3_link/J4_link/J5_link/J6_link/CupCompressedCollision_20": {"classifications": ["CLEAR", "ALLOWED_STAGE_CONTACT"], "first_time_s": 23.275, "last_time_s": 187.28333333333333, "minimum_separation_m": 1.3172631042834837e-05}, "/Validation/Scene/carton_l07_c04 | /fanuc_m710id_70/Geometry/world/base_link/J1_link/J2_link/J3_link/J4_link/J5_link/J6_link/CupCompressedCollision_21": {"classifications": ["ALLOWED_STAGE_CONTACT"], "first_time_s": 34.462500000000006, "last_time_s": 187.28333333333333, "minimum_separation_m": 8.970526323537342e-06}, "/Validation/Scene/carton_l07_c04 | /fanuc_m710id_70/Geometry/world/base_link/J1_link/J2_link/J3_link/J4_link/J5_link/J6_link/CupCompressedCollision_22": {"classifications": ["ALLOWED_STAGE_CONTACT"], "first_time_s": 34.462500000000006, "last_time_s": 187.28333333333333, "minimum_separation_m": 4.962089406035375e-06}, "/Validation/Scene/carton_l07_c04 | /fanuc_m710id_70/Geometry/world/base_link/J1_link/J2_link/J3_link/J4_link/J5_link/J6_link/CupCompressedCollision_23": {"classifications": ["ALLOWED_STAGE_CONTACT"], "first_time_s": 34.462500000000006, "last_time_s": 187.28333333333333, "minimum_separation_m": -1.4901159772762185e-07}, "/Validation/Scene/carton_l07_c04 | /fanuc_m710id_70/Geometry/world/base_link/J1_link/J2_link/J3_link/J4_link/J5_link/J6_link/CupCompressedCollision_24": {"classifications": ["CLEAR", "ALLOWED_STAGE_CONTACT"], "first_time_s": 23.1375, "last_time_s": 187.28333333333333, "minimum_separation_m": 2.2038824681658298e-05}, "/Validation/Scene/carton_l07_c04 | /fanuc_m710id_70/Geometry/world/base_link/J1_link/J2_link/J3_link/J4_link/J5_link/J6_link/CupCompressedCollision_25": {"classifications": ["CLEAR", "ALLOWED_STAGE_CONTACT"], "first_time_s": 23.170833333333334, "last_time_s": 187.28333333333333, "minimum_separation_m": 1.840293589339126e-05}, "/Validation/Scene/carton_l07_c04 | /fanuc_m710id_70/Geometry/world/base_link/J1_link/J2_link/J3_link/J4_link/J5_link/J6_link/CupCompressedCollision_26": {"classifications": ["CLEAR", "ALLOWED_STAGE_CONTACT"], "first_time_s": 23.208333333333332, "last_time_s": 187.28333333333333, "minimum_separation_m": 1.4483931408904027e-05}, "/Validation/Scene/carton_l07_c04 | /fanuc_m710id_70/Geometry/world/base_link/J1_link/J2_link/J3_link/J4_link/J5_link/J6_link/CupCompressedCollision_27": {"classifications": ["ALLOWED_STAGE_CONTACT"], "first_time_s": 34.462500000000006, "last_time_s": 187.28333333333333, "minimum_separation_m": 1.0594806553854141e-05}, "/Validation/Scene/carton_l07_c04 | /fanuc_m710id_70/Geometry/world/base_link/J1_link/J2_link/J3_link/J4_link/J5_link/J6_link/CupCompressedCollision_28": {"classifications": ["ALLOWED_STAGE_CONTACT"], "first_time_s": 34.462500000000006, "last_time_s": 187.28333333333333, "minimum_separation_m": 6.333066721708747e-06}, "/Validation/Scene/carton_l07_c04 | /fanuc_m710id_70/Geometry/world/base_link/J1_link/J2_link/J3_link/J4_link/J5_link/J6_link/CupCompressedCollision_29": {"classifications": ["ALLOWED_STAGE_CONTACT"], "first_time_s": 34.462500000000006, "last_time_s": 187.28333333333333, "minimum_separation_m": -2.980227122861834e-07}, "/Validation/Scene/carton_l07_c04 | /fanuc_m710id_70/Geometry/world/base_link/J1_link/J2_link/J3_link/J4_link/J5_link/J6_link/CupCompressedCollision_30": {"classifications": ["CLEAR", "ALLOWED_STAGE_CONTACT"], "first_time_s": 23.120833333333334, "last_time_s": 187.28333333333333, "minimum_separation_m": 2.321600914001465e-05}, "/Validation/Scene/carton_l07_c04 | /fanuc_m710id_70/Geometry/world/base_link/J1_link/J2_link/J3_link/J4_link/J5_link/J6_link/CupCompressedCollision_31": {"classifications": ["CLEAR", "ALLOWED_STAGE_CONTACT"], "first_time_s": 23.1375, "last_time_s": 187.28333333333333, "minimum_separation_m": 1.937152774189599e-05}, "/Validation/Scene/carton_l07_c04 | /fanuc_m710id_70/Geometry/world/base_link/J1_link/J2_link/J3_link/J4_link/J5_link/J6_link/CupCompressedCollision_32": {"classifications": ["CLEAR", "ALLOWED_STAGE_CONTACT"], "first_time_s": 23.162499999999998, "last_time_s": 187.28333333333333, "minimum_separation_m": 1.548233922221698e-05}, "/Validation/Scene/carton_l07_c04 | /fanuc_m710id_70/Geometry/world/base_link/J1_link/J2_link/J3_link/J4_link/J5_link/J6_link/CupCompressedCollision_33": {"classifications": ["ALLOWED_STAGE_CONTACT"], "first_time_s": 34.462500000000006, "last_time_s": 187.28333333333333, "minimum_separation_m": 1.1324884326313622e-05}, "/Validation/Scene/carton_l07_c04 | /fanuc_m710id_70/Geometry/world/base_link/J1_link/J2_link/J3_link/J4_link/J5_link/J6_link/CupCompressedCollision_34": {"classifications": ["ALLOWED_STAGE_CONTACT"], "first_time_s": 34.462500000000006, "last_time_s": 187.28333333333333, "minimum_separation_m": 7.376209396170452e-06}, "/Validation/Scene/carton_l07_c04 | /fanuc_m710id_70/Geometry/world/base_link/J1_link/J2_link/J3_link/J4_link/J5_link/J6_link/CupCompressedCollision_35": {"classifications": ["ALLOWED_STAGE_CONTACT"], "first_time_s": 34.462500000000006, "last_time_s": 187.28333333333333, "minimum_separation_m": 5.9604584379258085e-08}, "/Validation/Scene/carton_l07_c04 | /fanuc_m710id_70/Geometry/world/base_link/J1_link/J2_link/J3_link/J4_link/J5_link/J6_link/CupCompressedCollision_36": {"classifications": ["CLEAR", "ALLOWED_STAGE_CONTACT"], "first_time_s": 32.050000000000004, "last_time_s": 187.28333333333333, "minimum_separation_m": 2.4780649255262688e-05}, "/Validation/Scene/carton_l07_c04 | /fanuc_m710id_70/Geometry/world/base_link/J1_link/J2_link/J3_link/J4_link/J5_link/J6_link/CupCompressedCollision_37": {"classifications": ["CLEAR", "ALLOWED_STAGE_CONTACT"], "first_time_s": 32.27916666666667, "last_time_s": 187.28333333333333, "minimum_separation_m": 2.074241820082534e-05}, "/Validation/Scene/carton_l07_c04 | /fanuc_m710id_70/Geometry/world/base_link/J1_link/J2_link/J3_link/J4_link/J5_link/J6_link/CupCompressedCollision_38": {"classifications": ["ALLOWED_STAGE_CONTACT"], "first_time_s": 34.458333333333336, "last_time_s": 187.28333333333333, "minimum_separation_m": 1.6242269339272752e-05}, "/Validation/Scene/carton_l07_c04 | /fanuc_m710id_70/Geometry/world/base_link/J1_link/J2_link/J3_link/J4_link/J5_link/J6_link/CupCompressedCollision_39": {"classifications": ["ALLOWED_STAGE_CONTACT"], "first_time_s": 34.462500000000006, "last_time_s": 187.28333333333333, "minimum_separation_m": 1.2308370060054585e-05}, "/Validation/Scene/carton_l07_c04 | /fanuc_m710id_70/Geometry/world/base_link/J1_link/J2_link/J3_link/J4_link/J5_link/J6_link/CupCompressedCollision_40": {"classifications": ["ALLOWED_STAGE_CONTACT"], "first_time_s": 34.462500000000006, "last_time_s": 187.28333333333333, "minimum_separation_m": 8.210543455788866e-06}, "/Validation/Scene/carton_l07_c04 | /fanuc_m710id_70/Geometry/world/base_link/J1_link/J2_link/J3_link/J4_link/J5_link/J6_link/CupCompressedCollision_41": {"classifications": ["ALLOWED_STAGE_CONTACT"], "first_time_s": 34.462500000000006, "last_time_s": 187.28333333333333, "minimum_separation_m": 0.0}, "/Validation/Scene/carton_l07_c04 | /fanuc_m710id_70/Geometry/world/base_link/J1_link/J2_link/J3_link/J4_link/J5_link/J6_link/CupCompressedCollision_42": {"classifications": ["CLEAR", "ALLOWED_STAGE_CONTACT"], "first_time_s": 32.10416666666667, "last_time_s": 187.28333333333333, "minimum_separation_m": 2.570451943029184e-05}, "/Validation/Scene/carton_l07_c04 | /fanuc_m710id_70/Geometry/world/base_link/J1_link/J2_link/J3_link/J4_link/J5_link/J6_link/CupCompressedCollision_43": {"classifications": ["CLEAR", "ALLOWED_STAGE_CONTACT"], "first_time_s": 32.32916666666667, "last_time_s": 187.28333333333333, "minimum_separation_m": 2.1547082724282518e-05}, "/Validation/Scene/carton_l07_c04 | /fanuc_m710id_70/Geometry/world/base_link/J1_link/J2_link/J3_link/J4_link/J5_link/J6_link/CupCompressedCollision_44": {"classifications": ["ALLOWED_STAGE_CONTACT"], "first_time_s": 34.458333333333336, "last_time_s": 187.28333333333333, "minimum_separation_m": 1.7270445823669434e-05}, "/Validation/Scene/carton_l07_c04 | /fanuc_m710id_70/Geometry/world/base_link/J1_link/J2_link/J3_link/J4_link/J5_link/J6_link/CupCompressedCollision_45": {"classifications": ["ALLOWED_STAGE_CONTACT"], "first_time_s": 34.462500000000006, "last_time_s": 187.28333333333333, "minimum_separation_m": 1.3440867405734025e-05}, "/Validation/Scene/carton_l07_c04 | /fanuc_m710id_70/Geometry/world/base_link/J1_link/J2_link/J3_link/J4_link/J5_link/J6_link/CupCompressedCollision_46": {"classifications": ["ALLOWED_STAGE_CONTACT"], "first_time_s": 34.462500000000006, "last_time_s": 187.28333333333333, "minimum_separation_m": 9.432435945200268e-06}, "/Validation/Scene/carton_l07_c04 | /fanuc_m710id_70/Geometry/world/base_link/J1_link/J2_link/J3_link/J4_link/J5_link/J6_link/CupCompressedCollision_47": {"classifications": ["ALLOWED_STAGE_CONTACT"], "first_time_s": 34.462500000000006, "last_time_s": 187.28333333333333, "minimum_separation_m": -2.980266629037942e-07}, "/Validation/Scene/carton_l07_c04 | /fanuc_m710id_70/Geometry/world/base_link/J1_link/J2_link/J3_link/J4_link/J5_link/J6_link/CupCompressedCollision_48": {"classifications": ["CLEAR", "ALLOWED_STAGE_CONTACT"], "first_time_s": 32.1875, "last_time_s": 187.28333333333333, "minimum_separation_m": 2.682209378690459e-05}, "/Validation/Scene/carton_l07_c04 | /fanuc_m710id_70/Geometry/world/base_link/J1_link/J2_link/J3_link/J4_link/J5_link/J6_link/CupCompressedCollision_49": {"classifications": ["CLEAR", "ALLOWED_STAGE_CONTACT"], "first_time_s": 32.375, "last_time_s": 187.28333333333333, "minimum_separation_m": 2.282857894897461e-05}, "/Validation/Scene/carton_l07_c04 | /fanuc_m710id_70/Geometry/world/base_link/J1_link/J2_link/J3_link/J4_link/J5_link/J6_link/CupCompressedCollision_50": {"classifications": ["ALLOWED_STAGE_CONTACT"], "first_time_s": 34.458333333333336, "last_time_s": 187.28333333333333, "minimum_separation_m": 1.850724220275879e-05}, "/Validation/Scene/carton_l07_c04 | /fanuc_m710id_70/Geometry/world/base_link/J1_link/J2_link/J3_link/J4_link/J5_link/J6_link/CupCompressedCollision_51": {"classifications": ["ALLOWED_STAGE_CONTACT"], "first_time_s": 34.462500000000006, "last_time_s": 187.28333333333333, "minimum_separation_m": 1.4409432878892403e-05}, "/Validation/Scene/carton_l07_c04 | /fanuc_m710id_70/Geometry/world/base_link/J1_link/J2_link/J3_link/J4_link/J5_link/J6_link/CupCompressedCollision_52": {"classifications": ["ALLOWED_STAGE_CONTACT"], "first_time_s": 34.462500000000006, "last_time_s": 187.28333333333333, "minimum_separation_m": 9.909298569255043e-06}, "/Validation/Scene/carton_l07_c04 | /fanuc_m710id_70/Geometry/world/base_link/J1_link/J2_link/J3_link/J4_link/J5_link/J6_link/CupCompressedCollision_53": {"classifications": ["ALLOWED_STAGE_CONTACT"], "first_time_s": 34.462500000000006, "last_time_s": 187.28333333333333, "minimum_separation_m": 1.4901206668582745e-06}, "/Validation/Scene/carton_l07_c04 | /fanuc_m710id_70/Geometry/world/base_link/J1_link/J2_link/J3_link/J4_link/J5_link/J6_link/CupCompressedCollision_54": {"classifications": ["ALLOWED_STAGE_CONTACT"], "first_time_s": 34.458333333333336, "last_time_s": 187.28333333333333, "minimum_separation_m": 2.8222859327797778e-05}, "/Validation/Scene/carton_l07_c04 | /fanuc_m710id_70/Geometry/world/base_link/J1_link/J2_link/J3_link/J4_link/J5_link/J6_link/CupCompressedCollision_55": {"classifications": ["ALLOWED_STAGE_CONTACT"], "first_time_s": 34.458333333333336, "last_time_s": 187.28333333333333, "minimum_separation_m": 2.4065375328063965e-05}, "/Validation/Scene/carton_l07_c04 | /fanuc_m710id_70/Geometry/world/base_link/J1_link/J2_link/J3_link/J4_link/J5_link/J6_link/CupCompressedCollision_56": {"classifications": ["ALLOWED_STAGE_CONTACT"], "first_time_s": 34.458333333333336, "last_time_s": 187.28333333333333, "minimum_separation_m": 1.9297007384011522e-05}, "/Validation/Scene/carton_l07_c04 | /fanuc_m710id_70/Geometry/world/base_link/J1_link/J2_link/J3_link/J4_link/J5_link/J6_link/CupCompressedCollision_57": {"classifications": ["ALLOWED_STAGE_CONTACT"], "first_time_s": 34.458333333333336, "last_time_s": 187.28333333333333, "minimum_separation_m": 1.542270001664292e-05}, "/Validation/Scene/carton_l07_c04 | /fanuc_m710id_70/Geometry/world/base_link/J1_link/J2_link/J3_link/J4_link/J5_link/J6_link/CupCompressedCollision_58": {"classifications": ["CLEAR", "ALLOWED_STAGE_CONTACT"], "first_time_s": 19.883333333333333, "last_time_s": 187.28333333333333, "minimum_separation_m": 1.0937458682747092e-05}, "/Validation/Scene/carton_l07_c04 | /fanuc_m710id_70/Geometry/world/base_link/J1_link/J2_link/J3_link/J4_link/J5_link/J6_link/CupCompressedCollision_59": {"classifications": ["ALLOWED_STAGE_CONTACT"], "first_time_s": 34.462500000000006, "last_time_s": 187.28333333333333, "minimum_separation_m": 2.682209014892578e-07}, "/Validation/Scene/carton_l07_c04 | /fanuc_m710id_70/Geometry/world/base_link/J1_link/J2_link/J3_link/J4_link/J5_link/J6_link/CupCompressedCollision_60": {"classifications": ["ALLOWED_STAGE_CONTACT"], "first_time_s": 34.458333333333336, "last_time_s": 187.28333333333333, "minimum_separation_m": 2.9504300982807763e-05}, "/Validation/Scene/carton_l07_c04 | /fanuc_m710id_70/Geometry/world/base_link/J1_link/J2_link/J3_link/J4_link/J5_link/J6_link/CupCompressedCollision_61": {"classifications": ["ALLOWED_STAGE_CONTACT"], "first_time_s": 34.458333333333336, "last_time_s": 187.28333333333333, "minimum_separation_m": 2.5630006348364986e-05}, "/Validation/Scene/carton_l07_c04 | /fanuc_m710id_70/Geometry/world/base_link/J1_link/J2_link/J3_link/J4_link/J5_link/J6_link/CupCompressedCollision_62": {"classifications": ["ALLOWED_STAGE_CONTACT"], "first_time_s": 34.458333333333336, "last_time_s": 187.28333333333333, "minimum_separation_m": 2.171099004044663e-05}, "/Validation/Scene/carton_l07_c04 | /fanuc_m710id_70/Geometry/world/base_link/J1_link/J2_link/J3_link/J4_link/J5_link/J6_link/CupCompressedCollision_63": {"classifications": ["ALLOWED_STAGE_CONTACT"], "first_time_s": 34.462500000000006, "last_time_s": 187.28333333333333, "minimum_separation_m": 1.6987323760986328e-05}, "/Validation/Scene/carton_l07_c04 | /fanuc_m710id_70/Geometry/world/base_link/J1_link/J2_link/J3_link/J4_link/J5_link/J6_link/CupCompressedCollision_64": {"classifications": ["CLEAR", "ALLOWED_STAGE_CONTACT"], "first_time_s": 19.945833333333333, "last_time_s": 187.28333333333333, "minimum_separation_m": 1.308322316617705e-05}, "/Validation/Scene/carton_l07_c04 | /fanuc_m710id_70/Geometry/world/base_link/J1_link/J2_link/J3_link/J4_link/J5_link/J6_link/CupCompressedCollision_65": {"classifications": ["ALLOWED_STAGE_CONTACT"], "first_time_s": 34.462500000000006, "last_time_s": 187.28333333333333, "minimum_separation_m": 5.289911769068567e-06}}}], "payload_release_actual_support_audit": {"accepted": false, "angular_speed_rad_s": 0.003228278690556948, "footprint_overlap_ratio": 0.0, "linear_speed_m_s": 0.02029748168950268, "reason": "PAYLOAD_NOT_IN_SUPPORT_CONTACT", "signed_normal_gap_m": 0.024886901082241286, "support_name": "conveyor_longitudinal", "support_normal_alignment": 0.9999999981537081, "support_surface_velocity_world_m_s": [-0.3, 0.0, 0.0], "transport_velocity_error_m_s": 0.301083014402646}, "payload_release_command_succeeded": true, "payload_release_executed": true, "payload_release_model": "usd_fixed_joint_removed_after_qualified_release_gate_same_rigid_body", "payload_release_open_confirmed": true, "payload_release_support_contact_report_observed": false, "peak_actual_tcp_rotation_error_rad": 0.0021492585466299213, "peak_actual_tcp_translation_error_m": 0.0031172003589392022, "peak_drive_input_effort_nm": [0.0, 0.0, 0.0, 0.0, 0.0, 0.0], "peak_error_rad": 0.0015192851424217224, "peak_external_joint_load_residual_nm": [null, null, null, null, null, null], "peak_gravity_compensation_nm": [0.0005091605708003044, 1386.6650390625, 601.5339965820312, 55.20477294921875, 67.53871154785156, 0.31057941913604736], "peak_joint_error_rad": [0.0009506940841674805, 0.0015192851424217224, 0.0008578598499298096, 0.00045418739318847656, 0.0004693269729614258, 0.00041794776916503906], "peak_measured_joint_velocity_rad_s": [0.6402937769889832, 0.20636281371116638, 0.21163174510002136, 0.6713393330574036, 0.2604820728302002, 0.33601114153862], "peak_model_inverse_dynamics_nm": [85.18645387162512, 1389.2266895214855, 690.1055782433882, 56.85577069346213, 69.18861735615222, 24.05769456554532], "peak_payload_attachment_position_error_m": 1.6970394438515502e-05, "peak_payload_attachment_rotation_error_rad": 3.966673436188156e-05, "peak_projected_joint_force_nm": [86.85906982421875, 1557.962158203125, 1298.963623046875, 372.9794616699219, 320.432373046875, 65.80720520019531], "performance_timing": {"candidate_generation_seconds": 0.015835706144571304, "collision_validation_seconds_nested": 890.0399804785848, "final_recheck_seconds": 0.012699535116553307, "grasp_candidate_generation_seconds": 0.015835706144571304, "grasp_ik_seconds_inclusive_of_endpoint_validation": 0.0, "isaac_replay_clock": "host_wall_clock_inclusive_of_monitoring_and_rendering", "isaac_replay_wall_seconds": 2214.5128948595375, "model_load_and_initialization_seconds": 0.14340687543153763, "monitoring_wall_seconds": null, "nesting": {"path_connection_seconds_inclusive_of_collision": ["collision_validation_seconds_nested"], "trajectory_search_seconds_inclusive": ["trajectory_ik_seconds", "path_connection_seconds_inclusive_of_collision", "collision_validation_seconds_nested", "final_recheck_seconds"]}, "path_connection_seconds_inclusive_of_collision": 0.0, "physical_execution_clock": "simulated_forward_dynamics_time", "placement_candidate_generation_seconds": 0.0, "planning_total_wall_seconds": 911.7042816355824, "render_and_recording_wall_seconds": null, "schema": "first_carton_planning_wall_timing_v1", "time_parameterization_seconds": 0.010273894295096397, "trajectory_ik_seconds": 0.13990953750908375, "trajectory_physical_execution_seconds": 197.3375, "trajectory_search_seconds_inclusive": 911.5176359042525, "unmeasured_value": null}, "physical_cycle_completed": false, "physics_contract": {"contact_offset_m": 0.01, "damping": {"cartons": {"angular_damping_s_inv": 0.2, "linear_damping_s_inv": 0.15}, "robot_links": {"angular_damping_s_inv": 0.1, "linear_damping_s_inv": 0.05}, "tool": {"angular_damping_s_inv": 0.1, "linear_damping_s_inv": 0.05}}, "execution_backend": {"broadphase_type": "MBP", "ccd_enabled": true, "device": "cpu", "fabric_enabled": true, "gpu_dynamics_enabled": false, "mode": "physx_cpu"}, "friction_combine_mode": "min", "gravity_world_m_s2": [0.0, 0.0, -9.81], "material_by_category": {"carton": "carton", "chassis": "painted_steel", "conveyor": "conveyor_belt", "floor": "painted_steel", "side_wall": "painted_steel", "trailer": "painted_steel"}, "materials": {"carton": {"dynamic_friction": 0.45, "restitution": 0.02, "static_friction": 0.55}, "conveyor_belt": {"dynamic_friction": 0.7, "restitution": 0.02, "static_friction": 0.8}, "painted_steel": {"dynamic_friction": 0.5, "restitution": 0.02, "static_friction": 0.65}, "robot_coating": {"dynamic_friction": 0.3, "restitution": 0.02, "static_friction": 0.4}}, "parameter_status": "OFFICIAL_PUBLIC_MODEL_ENGINEERING_SIMULATION", "physics_time_step_s": 0.004166666666666667, "rest_offset_m": 0.0, "restitution_combine_mode": "min", "settling": {"max_angular_speed_rad_s": 0.03, "max_linear_speed_m_s": 0.01, "max_penetration_m": 0.001, "max_position_drift_m": 0.002, "maximum_settle_time_s": 10.0, "required_stable_duration_s": 0.5}, "solver_position_iterations": 16, "solver_velocity_iterations": 4}, "physics_execution_backend": {"actual": {"broadphase_type": "MBP", "ccd_enabled": true, "device": "cpu", "fabric_enabled": true, "gpu_dynamics_enabled": false, "mode": "physx_cpu"}, "requested": {"broadphase_type": "MBP", "ccd_enabled": true, "device": "cpu", "fabric_enabled": true, "gpu_dynamics_enabled": false, "mode": "physx_cpu"}, "source": "SimulationManager_and_PhysicsContext_runtime_readback", "status": "PASS"}, "physics_hz": 240.0, "physics_steps": 47361, "physx_solver_position_iterations": 16, "physx_solver_velocity_iterations": 4, "placement_center_error_m": 0.022770423985335547, "placement_tolerance_m": 0.08, "poc_pair_queries": [{"accepted": true, "classification": "ALLOWED_STAGE_CONTACT", "contact_offset_is_not_clearance": true, "contact_permission_source": "APPROVED_TARGET_STACK_CONTACT_BEFORE_FREE_TRANSIT", "geometry_intersection_confirmed": false, "geometry_scope": "ACTUAL_PHYSX_COLLIDERS_NOT_ORIGINAL_CAD", "measured_contact_separation_m": 0.01903648115694523, "numerical_gap_tolerance_m": 1e-09, "original_cad_intersection_confirmed": false, "pair": ["/Validation/Scene/carton_l07_c04", "/Validation/Scene/carton_l06_c03"], "pair_kind": "external", "policy_fingerprint": "91e8bebb851170e3620b5e2fc1bda49b5a72d1e62c8b3a3cd0dbed3c05d928e5", "query_method": "PHYSX_FINITE_CONTACT_POINT_SEPARATION", "required_pair_clearance_m": 0.005, "stage": "settling", "surface_distance_m": 0.01903648115694523, "time_s": 0.0}, {"accepted": true, "classification": "ALLOWED_STAGE_CONTACT", "contact_offset_is_not_clearance": true, "contact_permission_source": "APPROVED_TARGET_STACK_CONTACT_BEFORE_FREE_TRANSIT", "geometry_intersection_confirmed": true, "geometry_scope": "ACTUAL_PHYSX_COLLIDERS_NOT_ORIGINAL_CAD", "measured_contact_separation_m": -1.694737534307933e-06, "numerical_gap_tolerance_m": 1e-09, "original_cad_intersection_confirmed": false, "pair": ["/Validation/Scene/carton_l07_c04", "/Validation/Scene/carton_l06_c04"], "pair_kind": "external", "policy_fingerprint": "91e8bebb851170e3620b5e2fc1bda49b5a72d1e62c8b3a3cd0dbed3c05d928e5", "query_method": "PHYSX_FINITE_CONTACT_POINT_SEPARATION", "required_pair_clearance_m": 0.005, "stage": "settling", "surface_distance_m": null, "time_s": 0.0}, {"accepted": true, "classification": "ALLOWED_STAGE_CONTACT", "contact_offset_is_not_clearance": true, "contact_permission_source": "APPROVED_TARGET_STACK_CONTACT_BEFORE_FREE_TRANSIT", "geometry_intersection_confirmed": false, "geometry_scope": "ACTUAL_PHYSX_COLLIDERS_NOT_ORIGINAL_CAD", "measured_contact_separation_m": 0.019024506211280823, "numerical_gap_tolerance_m": 1e-09, "original_cad_intersection_confirmed": false, "pair": ["/Validation/Scene/carton_l07_c04", "/Validation/Scene/carton_l06_c03"], "pair_kind": "external", "policy_fingerprint": "91e8bebb851170e3620b5e2fc1bda49b5a72d1e62c8b3a3cd0dbed3c05d928e5", "query_method": "PHYSX_FINITE_CONTACT_POINT_SEPARATION", "required_pair_clearance_m": 0.005, "stage": "settling", "surface_distance_m": 0.019024506211280823, "time_s": 0.0}, {"accepted": true, "classification": "ALLOWED_STAGE_CONTACT", "contact_offset_is_not_clearance": true, "contact_permission_source": "APPROVED_TARGET_STACK_CONTACT_BEFORE_FREE_TRANSIT", "geometry_intersection_confirmed": false, "geometry_scope": "ACTUAL_PHYSX_COLLIDERS_NOT_ORIGINAL_CAD", "measured_contact_separation_m": 1.2665981330428622e-06, "numerical_gap_tolerance_m": 1e-09, "original_cad_intersection_confirmed": false, "pair": ["/Validation/Scene/carton_l07_c04", "/Validation/Scene/carton_l06_c04"], "pair_kind": "external", "policy_fingerprint": "91e8bebb851170e3620b5e2fc1bda49b5a72d1e62c8b3a3cd0dbed3c05d928e5", "query_method": "PHYSX_FINITE_CONTACT_POINT_SEPARATION", "required_pair_clearance_m": 0.005, "stage": "settling", "surface_distance_m": 1.2665981330428622e-06, "time_s": 0.0}, {"accepted": true, "classification": "ALLOWED_STAGE_CONTACT", "contact_offset_is_not_clearance": true, "contact_permission_source": "APPROVED_TARGET_STACK_CONTACT_BEFORE_FREE_TRANSIT", "geometry_intersection_confirmed": false, "geometry_scope": "ACTUAL_PHYSX_COLLIDERS_NOT_ORIGINAL_CAD", "measured_contact_separation_m": 0.019001826643943787, "numerical_gap_tolerance_m": 1e-09, "original_cad_intersection_confirmed": false, "pair": ["/Validation/Scene/carton_l07_c04", "/Validation/Scene/carton_l06_c03"], "pair_kind": "external", "policy_fingerprint": "91e8bebb851170e3620b5e2fc1bda49b5a72d1e62c8b3a3cd0dbed3c05d928e5", "query_method": "PHYSX_FINITE_CONTACT_POINT_SEPARATION", "required_pair_clearance_m": 0.005, "stage": "settling", "surface_distance_m": 0.019001826643943787, "time_s": 0.0}, {"accepted": true, "classification": "ALLOWED_STAGE_CONTACT", "contact_offset_is_not_clearance": true, "contact_permission_source": "APPROVED_TARGET_STACK_CONTACT_BEFORE_FREE_TRANSIT", "geometry_intersection_confirmed": true, "geometry_scope": "ACTUAL_PHYSX_COLLIDERS_NOT_ORIGINAL_CAD", "measured_contact_separation_m": -9.089713444154768e-07, "numerical_gap_tolerance_m": 1e-09, "original_cad_intersection_confirmed": false, "pair": ["/Validation/Scene/carton_l07_c04", "/Validation/Scene/carton_l06_c04"], "pair_kind": "external", "policy_fingerprint": "91e8bebb851170e3620b5e2fc1bda49b5a72d1e62c8b3a3cd0dbed3c05d928e5", "query_method": "PHYSX_FINITE_CONTACT_POINT_SEPARATION", "required_pair_clearance_m": 0.005, "stage": "settling", "surface_distance_m": null, "time_s": 0.0}, {"accepted": true, "classification": "ALLOWED_STAGE_CONTACT", "contact_offset_is_not_clearance": true, "contact_permission_source": "APPROVED_TARGET_STACK_CONTACT_BEFORE_FREE_TRANSIT", "geometry_intersection_confirmed": false, "geometry_scope": "ACTUAL_PHYSX_COLLIDERS_NOT_ORIGINAL_CAD", "measured_contact_separation_m": 0.018985256552696228, "numerical_gap_tolerance_m": 1e-09, "original_cad_intersection_confirmed": false, "pair": ["/Validation/Scene/carton_l07_c04", "/Validation/Scene/carton_l06_c03"], "pair_kind": "external", "policy_fingerprint": "91e8bebb851170e3620b5e2fc1bda49b5a72d1e62c8b3a3cd0dbed3c05d928e5", "query_method": "PHYSX_FINITE_CONTACT_POINT_SEPARATION", "required_pair_clearance_m": 0.005, "stage": "settling", "surface_distance_m": 0.018985256552696228, "time_s": 0.0}, {"accepted": true, "classification": "ALLOWED_STAGE_CONTACT", "contact_offset_is_not_clearance": true, "contact_permission_source": "APPROVED_TARGET_STACK_CONTACT_BEFORE_FREE_TRANSIT", "geometry_intersection_confirmed": true, "geometry_scope": "ACTUAL_PHYSX_COLLIDERS_NOT_ORIGINAL_CAD", "measured_contact_separation_m": -7.152562488954572e-07, "numerical_gap_tolerance_m": 1e-09, "original_cad_intersection_confirmed": false, "pair": ["/Validation/Scene/carton_l07_c04", "/Validation/Scene/carton_l06_c04"], "pair_kind": "external", "policy_fingerprint": "91e8bebb851170e3620b5e2fc1bda49b5a72d1e62c8b3a3cd0dbed3c05d928e5", "query_method": "PHYSX_FINITE_CONTACT_POINT_SEPARATION", "required_pair_clearance_m": 0.005, "stage": "settling", "surface_distance_m": null, "time_s": 0.0}, {"accepted": true, "classification": "ALLOWED_STAGE_CONTACT", "contact_offset_is_not_clearance": true, "contact_permission_source": "APPROVED_TARGET_STACK_CONTACT_BEFORE_FREE_TRANSIT", "geometry_intersection_confirmed": false, "geometry_scope": "ACTUAL_PHYSX_COLLIDERS_NOT_ORIGINAL_CAD", "measured_contact_separation_m": 0.01898762583732605, "numerical_gap_tolerance_m": 1e-09, "original_cad_intersection_confirmed": false, "pair": ["/Validation/Scene/carton_l07_c04", "/Validation/Scene/carton_l06_c03"], "pair_kind": "external", "policy_fingerprint": "91e8bebb851170e3620b5e2fc1bda49b5a72d1e62c8b3a3cd0dbed3c05d928e5", "query_method": "PHYSX_FINITE_CONTACT_POINT_SEPARATION", "required_pair_clearance_m": 0.005, "stage": "settling", "surface_distance_m": 0.01898762583732605, "time_s": 0.0}, {"accepted": true, "classification": "ALLOWED_STAGE_CONTACT", "contact_offset_is_not_clearance": true, "contact_permission_source": "APPROVED_TARGET_STACK_CONTACT_BEFORE_FREE_TRANSIT", "geometry_intersection_confirmed": true, "geometry_scope": "ACTUAL_PHYSX_COLLIDERS_NOT_ORIGINAL_CAD", "measured_contact_separation_m": -1.3709046697840677e-06, "numerical_gap_tolerance_m": 1e-09, "original_cad_intersection_confirmed": false, "pair": ["/Validation/Scene/carton_l07_c04", "/Validation/Scene/carton_l06_c04"], "pair_kind": "external", "policy_fingerprint": "91e8bebb851170e3620b5e2fc1bda49b5a72d1e62c8b3a3cd0dbed3c05d928e5", "query_method": "PHYSX_FINITE_CONTACT_POINT_SEPARATION", "required_pair_clearance_m": 0.005, "stage": "settling", "surface_distance_m": null, "time_s": 0.0}, {"accepted": true, "classification": "ALLOWED_STAGE_CONTACT", "contact_offset_is_not_clearance": true, "contact_permission_source": "APPROVED_TARGET_STACK_CONTACT_BEFORE_FREE_TRANSIT", "geometry_intersection_confirmed": false, "geometry_scope": "ACTUAL_PHYSX_COLLIDERS_NOT_ORIGINAL_CAD", "measured_contact_separation_m": 0.019000738859176636, "numerical_gap_tolerance_m": 1e-09, "original_cad_intersection_confirmed": false, "pair": ["/Validation/Scene/carton_l07_c04", "/Validation/Scene/carton_l06_c03"], "pair_kind": "external", "policy_fingerprint": "91e8bebb851170e3620b5e2fc1bda49b5a72d1e62c8b3a3cd0dbed3c05d928e5", "query_method": "PHYSX_FINITE_CONTACT_POINT_SEPARATION", "required_pair_clearance_m": 0.005, "stage": "settling", "surface_distance_m": 0.019000738859176636, "time_s": 0.0}, {"accepted": true, "classification": "ALLOWED_STAGE_CONTACT", "contact_offset_is_not_clearance": true, "contact_permission_source": "APPROVED_TARGET_STACK_CONTACT_BEFORE_FREE_TRANSIT", "geometry_intersection_confirmed": true, "geometry_scope": "ACTUAL_PHYSX_COLLIDERS_NOT_ORIGINAL_CAD", "measured_contact_separation_m": -7.599576861139212e-07, "numerical_gap_tolerance_m": 1e-09, "original_cad_intersection_confirmed": false, "pair": ["/Validation/Scene/carton_l07_c04", "/Validation/Scene/carton_l06_c04"], "pair_kind": "external", "policy_fingerprint": "91e8bebb851170e3620b5e2fc1bda49b5a72d1e62c8b3a3cd0dbed3c05d928e5", "query_method": "PHYSX_FINITE_CONTACT_POINT_SEPARATION", "required_pair_clearance_m": 0.005, "stage": "settling", "surface_distance_m": null, "time_s": 0.0}, {"accepted": true, "classification": "ALLOWED_STAGE_CONTACT", "contact_offset_is_not_clearance": true, "contact_permission_source": "APPROVED_TARGET_STACK_CONTACT_BEFORE_FREE_TRANSIT", "geometry_intersection_confirmed": false, "geometry_scope": "ACTUAL_PHYSX_COLLIDERS_NOT_ORIGINAL_CAD", "measured_contact_separation_m": 0.019024908542633057, "numerical_gap_tolerance_m": 1e-09, "original_cad_intersection_confirmed": false, "pair": ["/Validation/Scene/carton_l07_c04", "/Validation/Scene/carton_l06_c03"], "pair_kind": "external", "policy_fingerprint": "91e8bebb851170e3620b5e2fc1bda49b5a72d1e62c8b3a3cd0dbed3c05d928e5", "query_method": "PHYSX_FINITE_CONTACT_POINT_SEPARATION", "required_pair_clearance_m": 0.005, "stage": "settling", "surface_distance_m": 0.019024908542633057, "time_s": 0.0}, {"accepted": true, "classification": "ALLOWED_STAGE_CONTACT", "contact_offset_is_not_clearance": true, "contact_permission_source": "APPROVED_TARGET_STACK_CONTACT_BEFORE_FREE_TRANSIT", "geometry_intersection_confirmed": true, "geometry_scope": "ACTUAL_PHYSX_COLLIDERS_NOT_ORIGINAL_CAD", "measured_contact_separation_m": -1.0430815109430114e-06, "numerical_gap_tolerance_m": 1e-09, "original_cad_intersection_confirmed": false, "pair": ["/Validation/Scene/carton_l07_c04", "/Validation/Scene/carton_l06_c04"], "pair_kind": "external", "policy_fingerprint": "91e8bebb851170e3620b5e2fc1bda49b5a72d1e62c8b3a3cd0dbed3c05d928e5", "query_method": "PHYSX_FINITE_CONTACT_POINT_SEPARATION", "required_pair_clearance_m": 0.005, "stage": "settling", "surface_distance_m": null, "time_s": 0.0}, {"accepted": true, "classification": "ALLOWED_STAGE_CONTACT", "contact_offset_is_not_clearance": true, "contact_permission_source": "APPROVED_TARGET_STACK_CONTACT_BEFORE_FREE_TRANSIT", "geometry_intersection_confirmed": false, "geometry_scope": "ACTUAL_PHYSX_COLLIDERS_NOT_ORIGINAL_CAD", "measured_contact_separation_m": 0.01904049515724182, "numerical_gap_tolerance_m": 1e-09, "original_cad_intersection_confirmed": false, "pair": ["/Validation/Scene/carton_l07_c04", "/Validation/Scene/carton_l06_c03"], "pair_kind": "external", "policy_fingerprint": "91e8bebb851170e3620b5e2fc1bda49b5a72d1e62c8b3a3cd0dbed3c05d928e5", "query_method": "PHYSX_FINITE_CONTACT_POINT_SEPARATION", "required_pair_clearance_m": 0.005, "stage": "settling", "surface_distance_m": 0.01904049515724182, "time_s": 0.0}, {"accepted": true, "classification": "ALLOWED_STAGE_CONTACT", "contact_offset_is_not_clearance": true, "contact_permission_source": "APPROVED_TARGET_STACK_CONTACT_BEFORE_FREE_TRANSIT", "geometry_intersection_confirmed": true, "geometry_scope": "ACTUAL_PHYSX_COLLIDERS_NOT_ORIGINAL_CAD", "measured_contact_separation_m": -8.940705811255611e-07, "numerical_gap_tolerance_m": 1e-09, "original_cad_intersection_confirmed": false, "pair": ["/Validation/Scene/carton_l07_c04", "/Validation/Scene/carton_l06_c04"], "pair_kind": "external", "policy_fingerprint": "91e8bebb851170e3620b5e2fc1bda49b5a72d1e62c8b3a3cd0dbed3c05d928e5", "query_method": "PHYSX_FINITE_CONTACT_POINT_SEPARATION", "required_pair_clearance_m": 0.005, "stage": "settling", "surface_distance_m": null, "time_s": 0.0}, {"accepted": true, "classification": "ALLOWED_STAGE_CONTACT", "contact_offset_is_not_clearance": true, "contact_permission_source": "APPROVED_TARGET_STACK_CONTACT_BEFORE_FREE_TRANSIT", "geometry_intersection_confirmed": false, "geometry_scope": "ACTUAL_PHYSX_COLLIDERS_NOT_ORIGINAL_CAD", "measured_contact_separation_m": 0.01903332769870758, "numerical_gap_tolerance_m": 1e-09, "original_cad_intersection_confirmed": false, "pair": ["/Validation/Scene/carton_l07_c04", "/Validation/Scene/carton_l06_c03"], "pair_kind": "external", "policy_fingerprint": "91e8bebb851170e3620b5e2fc1bda49b5a72d1e62c8b3a3cd0dbed3c05d928e5", "query_method": "PHYSX_FINITE_CONTACT_POINT_SEPARATION", "required_pair_clearance_m": 0.005, "stage": "settling", "surface_distance_m": 0.01903332769870758, "time_s": 0.0}, {"accepted": true, "classification": "ALLOWED_STAGE_CONTACT", "contact_offset_is_not_clearance": true, "contact_permission_source": "APPROVED_TARGET_STACK_CONTACT_BEFORE_FREE_TRANSIT", "geometry_intersection_confirmed": true, "geometry_scope": "ACTUAL_PHYSX_COLLIDERS_NOT_ORIGINAL_CAD", "measured_contact_separation_m": -1.534818579784769e-06, "numerical_gap_tolerance_m": 1e-09, "original_cad_intersection_confirmed": false, "pair": ["/Validation/Scene/carton_l07_c04", "/Validation/Scene/carton_l06_c04"], "pair_kind": "external", "policy_fingerprint": "91e8bebb851170e3620b5e2fc1bda49b5a72d1e62c8b3a3cd0dbed3c05d928e5", "query_method": "PHYSX_FINITE_CONTACT_POINT_SEPARATION", "required_pair_clearance_m": 0.005, "stage": "settling", "surface_distance_m": null, "time_s": 0.0}, {"accepted": true, "classification": "ALLOWED_STAGE_CONTACT", "contact_offset_is_not_clearance": true, "contact_permission_source": "APPROVED_TARGET_STACK_CONTACT_BEFORE_FREE_TRANSIT", "geometry_intersection_confirmed": false, "geometry_scope": "ACTUAL_PHYSX_COLLIDERS_NOT_ORIGINAL_CAD", "measured_contact_separation_m": 0.019009873270988464, "numerical_gap_tolerance_m": 1e-09, "original_cad_intersection_confirmed": false, "pair": ["/Validation/Scene/carton_l07_c04", "/Validation/Scene/carton_l06_c03"], "pair_kind": "external", "policy_fingerprint": "91e8bebb851170e3620b5e2fc1bda49b5a72d1e62c8b3a3cd0dbed3c05d928e5", "query_method": "PHYSX_FINITE_CONTACT_POINT_SEPARATION", "required_pair_clearance_m": 0.005, "stage": "settling", "surface_distance_m": 0.019009873270988464, "time_s": 0.0}, {"accepted": true, "classification": "ALLOWED_STAGE_CONTACT", "contact_offset_is_not_clearance": true, "contact_permission_source": "APPROVED_TARGET_STACK_CONTACT_BEFORE_FREE_TRANSIT", "geometry_intersection_confirmed": true, "geometry_scope": "ACTUAL_PHYSX_COLLIDERS_NOT_ORIGINAL_CAD", "measured_contact_separation_m": -1.5497203094128054e-06, "numerical_gap_tolerance_m": 1e-09, "original_cad_intersection_confirmed": false, "pair": ["/Validation/Scene/carton_l07_c04", "/Validation/Scene/carton_l06_c04"], "pair_kind": "external", "policy_fingerprint": "91e8bebb851170e3620b5e2fc1bda49b5a72d1e62c8b3a3cd0dbed3c05d928e5", "query_method": "PHYSX_FINITE_CONTACT_POINT_SEPARATION", "required_pair_clearance_m": 0.005, "stage": "settling", "surface_distance_m": null, "time_s": 0.0}, {"accepted": true, "classification": "ALLOWED_STAGE_CONTACT", "contact_offset_is_not_clearance": true, "contact_permission_source": "APPROVED_TARGET_STACK_CONTACT_BEFORE_FREE_TRANSIT", "geometry_intersection_confirmed": false, "geometry_scope": "ACTUAL_PHYSX_COLLIDERS_NOT_ORIGINAL_CAD", "measured_contact_separation_m": 0.018998220562934875, "numerical_gap_tolerance_m": 1e-09, "original_cad_intersection_confirmed": false, "pair": ["/Validation/Scene/carton_l07_c04", "/Validation/Scene/carton_l06_c03"], "pair_kind": "external", "policy_fingerprint": "91e8bebb851170e3620b5e2fc1bda49b5a72d1e62c8b3a3cd0dbed3c05d928e5", "query_method": "PHYSX_FINITE_CONTACT_POINT_SEPARATION", "required_pair_clearance_m": 0.005, "stage": "settling", "surface_distance_m": 0.018998220562934875, "time_s": 0.0}, {"accepted": true, "classification": "ALLOWED_STAGE_CONTACT", "contact_offset_is_not_clearance": true, "contact_permission_source": "APPROVED_TARGET_STACK_CONTACT_BEFORE_FREE_TRANSIT", "geometry_intersection_confirmed": true, "geometry_scope": "ACTUAL_PHYSX_COLLIDERS_NOT_ORIGINAL_CAD", "measured_contact_separation_m": -1.698732262411795e-06, "numerical_gap_tolerance_m": 1e-09, "original_cad_intersection_confirmed": false, "pair": ["/Validation/Scene/carton_l07_c04", "/Validation/Scene/carton_l06_c04"], "pair_kind": "external", "policy_fingerprint": "91e8bebb851170e3620b5e2fc1bda49b5a72d1e62c8b3a3cd0dbed3c05d928e5", "query_method": "PHYSX_FINITE_CONTACT_POINT_SEPARATION", "required_pair_clearance_m": 0.005, "stage": "settling", "surface_distance_m": null, "time_s": 0.0}, {"accepted": true, "classification": "ALLOWED_STAGE_CONTACT", "contact_offset_is_not_clearance": true, "contact_permission_source": "APPROVED_TARGET_STACK_CONTACT_BEFORE_FREE_TRANSIT", "geometry_intersection_confirmed": false, "geometry_scope": "ACTUAL_PHYSX_COLLIDERS_NOT_ORIGINAL_CAD", "measured_contact_separation_m": 0.01899038255214691, "numerical_gap_tolerance_m": 1e-09, "original_cad_intersection_confirmed": false, "pair": ["/Validation/Scene/carton_l07_c04", "/Validation/Scene/carton_l06_c03"], "pair_kind": "external", "policy_fingerprint": "91e8bebb851170e3620b5e2fc1bda49b5a72d1e62c8b3a3cd0dbed3c05d928e5", "query_method": "PHYSX_FINITE_CONTACT_POINT_SEPARATION", "required_pair_clearance_m": 0.005, "stage": "settling", "surface_distance_m": 0.01899038255214691, "time_s": 0.0}, {"accepted": true, "classification": "ALLOWED_STAGE_CONTACT", "contact_offset_is_not_clearance": true, "contact_permission_source": "APPROVED_TARGET_STACK_CONTACT_BEFORE_FREE_TRANSIT", "geometry_intersection_confirmed": true, "geometry_scope": "ACTUAL_PHYSX_COLLIDERS_NOT_ORIGINAL_CAD", "measured_contact_separation_m": -1.5050167121444247e-06, "numerical_gap_tolerance_m": 1e-09, "original_cad_intersection_confirmed": false, "pair": ["/Validation/Scene/carton_l07_c04", "/Validation/Scene/carton_l06_c04"], "pair_kind": "external", "policy_fingerprint": "91e8bebb851170e3620b5e2fc1bda49b5a72d1e62c8b3a3cd0dbed3c05d928e5", "query_method": "PHYSX_FINITE_CONTACT_POINT_SEPARATION", "required_pair_clearance_m": 0.005, "stage": "settling", "surface_distance_m": null, "time_s": 0.0}, {"accepted": true, "classification": "ALLOWED_STAGE_CONTACT", "contact_offset_is_not_clearance": true, "contact_permission_source": "APPROVED_TARGET_STACK_CONTACT_BEFORE_FREE_TRANSIT", "geometry_intersection_confirmed": false, "geometry_scope": "ACTUAL_PHYSX_COLLIDERS_NOT_ORIGINAL_CAD", "measured_contact_separation_m": 0.01900044083595276, "numerical_gap_tolerance_m": 1e-09, "original_cad_intersection_confirmed": false, "pair": ["/Validation/Scene/carton_l07_c04", "/Validation/Scene/carton_l06_c03"], "pair_kind": "external", "policy_fingerprint": "91e8bebb851170e3620b5e2fc1bda49b5a72d1e62c8b3a3cd0dbed3c05d928e5", "query_method": "PHYSX_FINITE_CONTACT_POINT_SEPARATION", "required_pair_clearance_m": 0.005, "stage": "settling", "surface_distance_m": 0.01900044083595276, "time_s": 0.0}, {"accepted": true, "classification": "ALLOWED_STAGE_CONTACT", "contact_offset_is_not_clearance": true, "contact_permission_source": "APPROVED_TARGET_STACK_CONTACT_BEFORE_FREE_TRANSIT", "geometry_intersection_confirmed": true, "geometry_scope": "ACTUAL_PHYSX_COLLIDERS_NOT_ORIGINAL_CAD", "measured_contact_separation_m": -5.811454002468963e-07, "numerical_gap_tolerance_m": 1e-09, "original_cad_intersection_confirmed": false, "pair": ["/Validation/Scene/carton_l07_c04", "/Validation/Scene/carton_l06_c04"], "pair_kind": "external", "policy_fingerprint": "91e8bebb851170e3620b5e2fc1bda49b5a72d1e62c8b3a3cd0dbed3c05d928e5", "query_method": "PHYSX_FINITE_CONTACT_POINT_SEPARATION", "required_pair_clearance_m": 0.005, "stage": "settling", "surface_distance_m": null, "time_s": 0.0}, {"accepted": true, "classification": "ALLOWED_STAGE_CONTACT", "contact_offset_is_not_clearance": true, "contact_permission_source": "APPROVED_TARGET_STACK_CONTACT_BEFORE_FREE_TRANSIT", "geometry_intersection_confirmed": false, "geometry_scope": "ACTUAL_PHYSX_COLLIDERS_NOT_ORIGINAL_CAD", "measured_contact_separation_m": 0.019025638699531555, "numerical_gap_tolerance_m": 1e-09, "original_cad_intersection_confirmed": false, "pair": ["/Validation/Scene/carton_l07_c04", "/Validation/Scene/carton_l06_c03"], "pair_kind": "external", "policy_fingerprint": "91e8bebb851170e3620b5e2fc1bda49b5a72d1e62c8b3a3cd0dbed3c05d928e5", "query_method": "PHYSX_FINITE_CONTACT_POINT_SEPARATION", "required_pair_clearance_m": 0.005, "stage": "settling", "surface_distance_m": 0.019025638699531555, "time_s": 0.0}, {"accepted": true, "classification": "ALLOWED_STAGE_CONTACT", "contact_offset_is_not_clearance": true, "contact_permission_source": "APPROVED_TARGET_STACK_CONTACT_BEFORE_FREE_TRANSIT", "geometry_intersection_confirmed": true, "geometry_scope": "ACTUAL_PHYSX_COLLIDERS_NOT_ORIGINAL_CAD", "measured_contact_separation_m": -1.192093918689352e-06, "numerical_gap_tolerance_m": 1e-09, "original_cad_intersection_confirmed": false, "pair": ["/Validation/Scene/carton_l07_c04", "/Validation/Scene/carton_l06_c04"], "pair_kind": "external", "policy_fingerprint": "91e8bebb851170e3620b5e2fc1bda49b5a72d1e62c8b3a3cd0dbed3c05d928e5", "query_method": "PHYSX_FINITE_CONTACT_POINT_SEPARATION", "required_pair_clearance_m": 0.005, "stage": "settling", "surface_distance_m": null, "time_s": 0.0}, {"accepted": true, "classification": "ALLOWED_STAGE_CONTACT", "contact_offset_is_not_clearance": true, "contact_permission_source": "APPROVED_TARGET_STACK_CONTACT_BEFORE_FREE_TRANSIT", "geometry_intersection_confirmed": false, "geometry_scope": "ACTUAL_PHYSX_COLLIDERS_NOT_ORIGINAL_CAD", "measured_contact_separation_m": 0.019023150205612183, "numerical_gap_tolerance_m": 1e-09, "original_cad_intersection_confirmed": false, "pair": ["/Validation/Scene/carton_l07_c04", "/Validation/Scene/carton_l06_c03"], "pair_kind": "external", "policy_fingerprint": "91e8bebb851170e3620b5e2fc1bda49b5a72d1e62c8b3a3cd0dbed3c05d928e5", "query_method": "PHYSX_FINITE_CONTACT_POINT_SEPARATION", "required_pair_clearance_m": 0.005, "stage": "settling", "surface_distance_m": 0.019023150205612183, "time_s": 0.0}, {"accepted": true, "classification": "ALLOWED_STAGE_CONTACT", "contact_offset_is_not_clearance": true, "contact_permission_source": "APPROVED_TARGET_STACK_CONTACT_BEFORE_FREE_TRANSIT", "geometry_intersection_confirmed": true, "geometry_scope": "ACTUAL_PHYSX_COLLIDERS_NOT_ORIGINAL_CAD", "measured_contact_separation_m": -1.743434950185474e-06, "numerical_gap_tolerance_m": 1e-09, "original_cad_intersection_confirmed": false, "pair": ["/Validation/Scene/carton_l07_c04", "/Validation/Scene/carton_l06_c04"], "pair_kind": "external", "policy_fingerprint": "91e8bebb851170e3620b5e2fc1bda49b5a72d1e62c8b3a3cd0dbed3c05d928e5", "query_method": "PHYSX_FINITE_CONTACT_POINT_SEPARATION", "required_pair_clearance_m": 0.005, "stage": "settling", "surface_distance_m": null, "time_s": 0.0}, {"accepted": true, "classification": "ALLOWED_STAGE_CONTACT", "contact_offset_is_not_clearance": true, "contact_permission_source": "APPROVED_TARGET_STACK_CONTACT_BEFORE_FREE_TRANSIT", "geometry_intersection_confirmed": false, "geometry_scope": "ACTUAL_PHYSX_COLLIDERS_NOT_ORIGINAL_CAD", "measured_contact_separation_m": 0.019010350108146667, "numerical_gap_tolerance_m": 1e-09, "original_cad_intersection_confirmed": false, "pair": ["/Validation/Scene/carton_l07_c04", "/Validation/Scene/carton_l06_c03"], "pair_kind": "external", "policy_fingerprint": "91e8bebb851170e3620b5e2fc1bda49b5a72d1e62c8b3a3cd0dbed3c05d928e5", "query_method": "PHYSX_FINITE_CONTACT_POINT_SEPARATION", "required_pair_clearance_m": 0.005, "stage": "settling", "surface_distance_m": 0.019010350108146667, "time_s": 0.0}, {"accepted": true, "classification": "ALLOWED_STAGE_CONTACT", "contact_offset_is_not_clearance": true, "contact_permission_source": "APPROVED_TARGET_STACK_CONTACT_BEFORE_FREE_TRANSIT", "geometry_intersection_confirmed": true, "geometry_scope": "ACTUAL_PHYSX_COLLIDERS_NOT_ORIGINAL_CAD", "measured_contact_separation_m": -1.4305104514278355e-06, "numerical_gap_tolerance_m": 1e-09, "original_cad_intersection_confirmed": false, "pair": ["/Validation/Scene/carton_l07_c04", "/Validation/Scene/carton_l06_c04"], "pair_kind": "external", "policy_fingerprint": "91e8bebb851170e3620b5e2fc1bda49b5a72d1e62c8b3a3cd0dbed3c05d928e5", "query_method": "PHYSX_FINITE_CONTACT_POINT_SEPARATION", "required_pair_clearance_m": 0.005, "stage": "settling", "surface_distance_m": null, "time_s": 0.0}, {"accepted": true, "classification": "ALLOWED_STAGE_CONTACT", "contact_offset_is_not_clearance": true, "contact_permission_source": "APPROVED_TARGET_STACK_CONTACT_BEFORE_FREE_TRANSIT", "geometry_intersection_confirmed": false, "geometry_scope": "ACTUAL_PHYSX_COLLIDERS_NOT_ORIGINAL_CAD", "measured_contact_separation_m": 0.019006624817848206, "numerical_gap_tolerance_m": 1e-09, "original_cad_intersection_confirmed": false, "pair": ["/Validation/Scene/carton_l07_c04", "/Validation/Scene/carton_l06_c03"], "pair_kind": "external", "policy_fingerprint": "91e8bebb851170e3620b5e2fc1bda49b5a72d1e62c8b3a3cd0dbed3c05d928e5", "query_method": "PHYSX_FINITE_CONTACT_POINT_SEPARATION", "required_pair_clearance_m": 0.005, "stage": "settling", "surface_distance_m": 0.019006624817848206, "time_s": 0.0}, {"accepted": true, "classification": "ALLOWED_STAGE_CONTACT", "contact_offset_is_not_clearance": true, "contact_permission_source": "APPROVED_TARGET_STACK_CONTACT_BEFORE_FREE_TRANSIT", "geometry_intersection_confirmed": true, "geometry_scope": "ACTUAL_PHYSX_COLLIDERS_NOT_ORIGINAL_CAD", "measured_contact_separation_m": -1.4156087217997992e-06, "numerical_gap_tolerance_m": 1e-09, "original_cad_intersection_confirmed": false, "pair": ["/Validation/Scene/carton_l07_c04", "/Validation/Scene/carton_l06_c04"], "pair_kind": "external", "policy_fingerprint": "91e8bebb851170e3620b5e2fc1bda49b5a72d1e62c8b3a3cd0dbed3c05d928e5", "query_method": "PHYSX_FINITE_CONTACT_POINT_SEPARATION", "required_pair_clearance_m": 0.005, "stage": "settling", "surface_distance_m": null, "time_s": 0.0}, {"accepted": true, "classification": "ALLOWED_STAGE_CONTACT", "contact_offset_is_not_clearance": true, "contact_permission_source": "APPROVED_TARGET_STACK_CONTACT_BEFORE_FREE_TRANSIT", "geometry_intersection_confirmed": false, "geometry_scope": "ACTUAL_PHYSX_COLLIDERS_NOT_ORIGINAL_CAD", "measured_contact_separation_m": 0.01901194453239441, "numerical_gap_tolerance_m": 1e-09, "original_cad_intersection_confirmed": false, "pair": ["/Validation/Scene/carton_l07_c04", "/Validation/Scene/carton_l06_c03"], "pair_kind": "external", "policy_fingerprint": "91e8bebb851170e3620b5e2fc1bda49b5a72d1e62c8b3a3cd0dbed3c05d928e5", "query_method": "PHYSX_FINITE_CONTACT_POINT_SEPARATION", "required_pair_clearance_m": 0.005, "stage": "settling", "surface_distance_m": 0.01901194453239441, "time_s": 0.0}, {"accepted": true, "classification": "ALLOWED_STAGE_CONTACT", "contact_offset_is_not_clearance": true, "contact_permission_source": "APPROVED_TARGET_STACK_CONTACT_BEFORE_FREE_TRANSIT", "geometry_intersection_confirmed": true, "geometry_scope": "ACTUAL_PHYSX_COLLIDERS_NOT_ORIGINAL_CAD", "measured_contact_separation_m": -2.175568624807056e-06, "numerical_gap_tolerance_m": 1e-09, "original_cad_intersection_confirmed": false, "pair": ["/Validation/Scene/carton_l07_c04", "/Validation/Scene/carton_l06_c04"], "pair_kind": "external", "policy_fingerprint": "91e8bebb851170e3620b5e2fc1bda49b5a72d1e62c8b3a3cd0dbed3c05d928e5", "query_method": "PHYSX_FINITE_CONTACT_POINT_SEPARATION", "required_pair_clearance_m": 0.005, "stage": "settling", "surface_distance_m": null, "time_s": 0.0}, {"accepted": true, "classification": "ALLOWED_STAGE_CONTACT", "contact_offset_is_not_clearance": true, "contact_permission_source": "APPROVED_TARGET_STACK_CONTACT_BEFORE_FREE_TRANSIT", "geometry_intersection_confirmed": false, "geometry_scope": "ACTUAL_PHYSX_COLLIDERS_NOT_ORIGINAL_CAD", "measured_contact_separation_m": 0.019021809101104736, "numerical_gap_tolerance_m": 1e-09, "original_cad_intersection_confirmed": false, "pair": ["/Validation/Scene/carton_l07_c04", "/Validation/Scene/carton_l06_c03"], "pair_kind": "external", "policy_fingerprint": "91e8bebb851170e3620b5e2fc1bda49b5a72d1e62c8b3a3cd0dbed3c05d928e5", "query_method": "PHYSX_FINITE_CONTACT_POINT_SEPARATION", "required_pair_clearance_m": 0.005, "stage": "settling", "surface_distance_m": 0.019021809101104736, "time_s": 0.0}, {"accepted": true, "classification": "ALLOWED_STAGE_CONTACT", "contact_offset_is_not_clearance": true, "contact_permission_source": "APPROVED_TARGET_STACK_CONTACT_BEFORE_FREE_TRANSIT", "geometry_intersection_confirmed": true, "geometry_scope": "ACTUAL_PHYSX_COLLIDERS_NOT_ORIGINAL_CAD", "measured_contact_separation_m": -1.341104507446289e-06, "numerical_gap_tolerance_m": 1e-09, "original_cad_intersection_confirmed": false, "pair": ["/Validation/Scene/carton_l07_c04", "/Validation/Scene/carton_l06_c04"], "pair_kind": "external", "policy_fingerprint": "91e8bebb851170e3620b5e2fc1bda49b5a72d1e62c8b3a3cd0dbed3c05d928e5", "query_method": "PHYSX_FINITE_CONTACT_POINT_SEPARATION", "required_pair_clearance_m": 0.005, "stage": "settling", "surface_distance_m": null, "time_s": 0.0}, {"accepted": true, "classification": "ALLOWED_STAGE_CONTACT", "contact_offset_is_not_clearance": true, "contact_permission_source": "APPROVED_TARGET_STACK_CONTACT_BEFORE_FREE_TRANSIT", "geometry_intersection_confirmed": false, "geometry_scope": "ACTUAL_PHYSX_COLLIDERS_NOT_ORIGINAL_CAD", "measured_contact_separation_m": 0.019019991159439087, "numerical_gap_tolerance_m": 1e-09, "original_cad_intersection_confirmed": false, "pair": ["/Validation/Scene/carton_l07_c04", "/Validation/Scene/carton_l06_c03"], "pair_kind": "external", "policy_fingerprint": "91e8bebb851170e3620b5e2fc1bda49b5a72d1e62c8b3a3cd0dbed3c05d928e5", "query_method": "PHYSX_FINITE_CONTACT_POINT_SEPARATION", "required_pair_clearance_m": 0.005, "stage": "settling", "surface_distance_m": 0.019019991159439087, "time_s": 0.0}, {"accepted": true, "classification": "ALLOWED_STAGE_CONTACT", "contact_offset_is_not_clearance": true, "contact_permission_source": "APPROVED_TARGET_STACK_CONTACT_BEFORE_FREE_TRANSIT", "geometry_intersection_confirmed": true, "geometry_scope": "ACTUAL_PHYSX_COLLIDERS_NOT_ORIGINAL_CAD", "measured_contact_separation_m": -9.089707191378693e-07, "numerical_gap_tolerance_m": 1e-09, "original_cad_intersection_confirmed": false, "pair": ["/Validation/Scene/carton_l07_c04", "/Validation/Scene/carton_l06_c04"], "pair_kind": "external", "policy_fingerprint": "91e8bebb851170e3620b5e2fc1bda49b5a72d1e62c8b3a3cd0dbed3c05d928e5", "query_method": "PHYSX_FINITE_CONTACT_POINT_SEPARATION", "required_pair_clearance_m": 0.005, "stage": "settling", "surface_distance_m": null, "time_s": 0.0}, {"accepted": true, "classification": "ALLOWED_STAGE_CONTACT", "contact_offset_is_not_clearance": true, "contact_permission_source": "APPROVED_TARGET_STACK_CONTACT_BEFORE_FREE_TRANSIT", "geometry_intersection_confirmed": false, "geometry_scope": "ACTUAL_PHYSX_COLLIDERS_NOT_ORIGINAL_CAD", "measured_contact_separation_m": 0.019010141491889954, "numerical_gap_tolerance_m": 1e-09, "original_cad_intersection_confirmed": false, "pair": ["/Validation/Scene/carton_l07_c04", "/Validation/Scene/carton_l06_c03"], "pair_kind": "external", "policy_fingerprint": "91e8bebb851170e3620b5e2fc1bda49b5a72d1e62c8b3a3cd0dbed3c05d928e5", "query_method": "PHYSX_FINITE_CONTACT_POINT_SEPARATION", "required_pair_clearance_m": 0.005, "stage": "settling", "surface_distance_m": 0.019010141491889954, "time_s": 0.0}, {"accepted": true, "classification": "ALLOWED_STAGE_CONTACT", "contact_offset_is_not_clearance": true, "contact_permission_source": "APPROVED_TARGET_STACK_CONTACT_BEFORE_FREE_TRANSIT", "geometry_intersection_confirmed": true, "geometry_scope": "ACTUAL_PHYSX_COLLIDERS_NOT_ORIGINAL_CAD", "measured_contact_separation_m": -1.9073481780651491e-06, "numerical_gap_tolerance_m": 1e-09, "original_cad_intersection_confirmed": false, "pair": ["/Validation/Scene/carton_l07_c04", "/Validation/Scene/carton_l06_c04"], "pair_kind": "external", "policy_fingerprint": "91e8bebb851170e3620b5e2fc1bda49b5a72d1e62c8b3a3cd0dbed3c05d928e5", "query_method": "PHYSX_FINITE_CONTACT_POINT_SEPARATION", "required_pair_clearance_m": 0.005, "stage": "settling", "surface_distance_m": null, "time_s": 0.0}, {"accepted": true, "classification": "ALLOWED_STAGE_CONTACT", "contact_offset_is_not_clearance": true, "contact_permission_source": "APPROVED_TARGET_STACK_CONTACT_BEFORE_FREE_TRANSIT", "geometry_intersection_confirmed": false, "geometry_scope": "ACTUAL_PHYSX_COLLIDERS_NOT_ORIGINAL_CAD", "measured_contact_separation_m": 0.01899944245815277, "numerical_gap_tolerance_m": 1e-09, "original_cad_intersection_confirmed": false, "pair": ["/Validation/Scene/carton_l07_c04", "/Validation/Scene/carton_l06_c03"], "pair_kind": "external", "policy_fingerprint": "91e8bebb851170e3620b5e2fc1bda49b5a72d1e62c8b3a3cd0dbed3c05d928e5", "query_method": "PHYSX_FINITE_CONTACT_POINT_SEPARATION", "required_pair_clearance_m": 0.005, "stage": "settling", "surface_distance_m": 0.01899944245815277, "time_s": 0.0}, {"accepted": true, "classification": "ALLOWED_STAGE_CONTACT", "contact_offset_is_not_clearance": true, "contact_permission_source": "APPROVED_TARGET_STACK_CONTACT_BEFORE_FREE_TRANSIT", "geometry_intersection_confirmed": true, "geometry_scope": "ACTUAL_PHYSX_COLLIDERS_NOT_ORIGINAL_CAD", "measured_contact_separation_m": -9.983771178667666e-07, "numerical_gap_tolerance_m": 1e-09, "original_cad_intersection_confirmed": false, "pair": ["/Validation/Scene/carton_l07_c04", "/Validation/Scene/carton_l06_c04"], "pair_kind": "external", "policy_fingerprint": "91e8bebb851170e3620b5e2fc1bda49b5a72d1e62c8b3a3cd0dbed3c05d928e5", "query_method": "PHYSX_FINITE_CONTACT_POINT_SEPARATION", "required_pair_clearance_m": 0.005, "stage": "settling", "surface_distance_m": null, "time_s": 0.0}, {"accepted": true, "classification": "ALLOWED_STAGE_CONTACT", "contact_offset_is_not_clearance": true, "contact_permission_source": "APPROVED_TARGET_STACK_CONTACT_BEFORE_FREE_TRANSIT", "geometry_intersection_confirmed": false, "geometry_scope": "ACTUAL_PHYSX_COLLIDERS_NOT_ORIGINAL_CAD", "measured_contact_separation_m": 0.01898902654647827, "numerical_gap_tolerance_m": 1e-09, "original_cad_intersection_confirmed": false, "pair": ["/Validation/Scene/carton_l07_c04", "/Validation/Scene/carton_l06_c03"], "pair_kind": "external", "policy_fingerprint": "91e8bebb851170e3620b5e2fc1bda49b5a72d1e62c8b3a3cd0dbed3c05d928e5", "query_method": "PHYSX_FINITE_CONTACT_POINT_SEPARATION", "required_pair_clearance_m": 0.005, "stage": "settling", "surface_distance_m": 0.01898902654647827, "time_s": 0.0}, {"accepted": true, "classification": "ALLOWED_STAGE_CONTACT", "contact_offset_is_not_clearance": true, "contact_permission_source": "APPROVED_TARGET_STACK_CONTACT_BEFORE_FREE_TRANSIT", "geometry_intersection_confirmed": true, "geometry_scope": "ACTUAL_PHYSX_COLLIDERS_NOT_ORIGINAL_CAD", "measured_contact_separation_m": -2.458690914863837e-06, "numerical_gap_tolerance_m": 1e-09, "original_cad_intersection_confirmed": false, "pair": ["/Validation/Scene/carton_l07_c04", "/Validation/Scene/carton_l06_c04"], "pair_kind": "external", "policy_fingerprint": "91e8bebb851170e3620b5e2fc1bda49b5a72d1e62c8b3a3cd0dbed3c05d928e5", "query_method": "PHYSX_FINITE_CONTACT_POINT_SEPARATION", "required_pair_clearance_m": 0.005, "stage": "settling", "surface_distance_m": null, "time_s": 0.0}, {"accepted": true, "classification": "ALLOWED_STAGE_CONTACT", "contact_offset_is_not_clearance": true, "contact_permission_source": "APPROVED_TARGET_STACK_CONTACT_BEFORE_FREE_TRANSIT", "geometry_intersection_confirmed": false, "geometry_scope": "ACTUAL_PHYSX_COLLIDERS_NOT_ORIGINAL_CAD", "measured_contact_separation_m": 0.018996119499206543, "numerical_gap_tolerance_m": 1e-09, "original_cad_intersection_confirmed": false, "pair": ["/Validation/Scene/carton_l07_c04", "/Validation/Scene/carton_l06_c03"], "pair_kind": "external", "policy_fingerprint": "91e8bebb851170e3620b5e2fc1bda49b5a72d1e62c8b3a3cd0dbed3c05d928e5", "query_method": "PHYSX_FINITE_CONTACT_POINT_SEPARATION", "required_pair_clearance_m": 0.005, "stage": "settling", "surface_distance_m": 0.018996119499206543, "time_s": 0.0}, {"accepted": true, "classification": "ALLOWED_STAGE_CONTACT", "contact_offset_is_not_clearance": true, "contact_permission_source": "APPROVED_TARGET_STACK_CONTACT_BEFORE_FREE_TRANSIT", "geometry_intersection_confirmed": true, "geometry_scope": "ACTUAL_PHYSX_COLLIDERS_NOT_ORIGINAL_CAD", "measured_contact_separation_m": -1.2963997733095312e-06, "numerical_gap_tolerance_m": 1e-09, "original_cad_intersection_confirmed": false, "pair": ["/Validation/Scene/carton_l07_c04", "/Validation/Scene/carton_l06_c04"], "pair_kind": "external", "policy_fingerprint": "91e8bebb851170e3620b5e2fc1bda49b5a72d1e62c8b3a3cd0dbed3c05d928e5", "query_method": "PHYSX_FINITE_CONTACT_POINT_SEPARATION", "required_pair_clearance_m": 0.005, "stage": "settling", "surface_distance_m": null, "time_s": 0.0}, {"accepted": true, "classification": "ALLOWED_STAGE_CONTACT", "contact_offset_is_not_clearance": true, "contact_permission_source": "APPROVED_TARGET_STACK_CONTACT_BEFORE_FREE_TRANSIT", "geometry_intersection_confirmed": false, "geometry_scope": "ACTUAL_PHYSX_COLLIDERS_NOT_ORIGINAL_CAD", "measured_contact_separation_m": 0.019023865461349487, "numerical_gap_tolerance_m": 1e-09, "original_cad_intersection_confirmed": false, "pair": ["/Validation/Scene/carton_l07_c04", "/Validation/Scene/carton_l06_c03"], "pair_kind": "external", "policy_fingerprint": "91e8bebb851170e3620b5e2fc1bda49b5a72d1e62c8b3a3cd0dbed3c05d928e5", "query_method": "PHYSX_FINITE_CONTACT_POINT_SEPARATION", "required_pair_clearance_m": 0.005, "stage": "settling", "surface_distance_m": 0.019023865461349487, "time_s": 0.0}, {"accepted": true, "classification": "ALLOWED_STAGE_CONTACT", "contact_offset_is_not_clearance": true, "contact_permission_source": "APPROVED_TARGET_STACK_CONTACT_BEFORE_FREE_TRANSIT", "geometry_intersection_confirmed": true, "geometry_scope": "ACTUAL_PHYSX_COLLIDERS_NOT_ORIGINAL_CAD", "measured_contact_separation_m": -1.0132786201211275e-06, "numerical_gap_tolerance_m": 1e-09, "original_cad_intersection_confirmed": false, "pair": ["/Validation/Scene/carton_l07_c04", "/Validation/Scene/carton_l06_c04"], "pair_kind": "external", "policy_fingerprint": "91e8bebb851170e3620b5e2fc1bda49b5a72d1e62c8b3a3cd0dbed3c05d928e5", "query_method": "PHYSX_FINITE_CONTACT_POINT_SEPARATION", "required_pair_clearance_m": 0.005, "stage": "settling", "surface_distance_m": null, "time_s": 0.0}, {"accepted": true, "classification": "ALLOWED_STAGE_CONTACT", "contact_offset_is_not_clearance": true, "contact_permission_source": "APPROVED_TARGET_STACK_CONTACT_BEFORE_FREE_TRANSIT", "geometry_intersection_confirmed": false, "geometry_scope": "ACTUAL_PHYSX_COLLIDERS_NOT_ORIGINAL_CAD", "measured_contact_separation_m": 0.01903611421585083, "numerical_gap_tolerance_m": 1e-09, "original_cad_intersection_confirmed": false, "pair": ["/Validation/Scene/carton_l07_c04", "/Validation/Scene/carton_l06_c03"], "pair_kind": "external", "policy_fingerprint": "91e8bebb851170e3620b5e2fc1bda49b5a72d1e62c8b3a3cd0dbed3c05d928e5", "query_method": "PHYSX_FINITE_CONTACT_POINT_SEPARATION", "required_pair_clearance_m": 0.005, "stage": "settling", "surface_distance_m": 0.01903611421585083, "time_s": 0.0}, {"accepted": true, "classification": "ALLOWED_STAGE_CONTACT", "contact_offset_is_not_clearance": true, "contact_permission_source": "APPROVED_TARGET_STACK_CONTACT_BEFORE_FREE_TRANSIT", "geometry_intersection_confirmed": true, "geometry_scope": "ACTUAL_PHYSX_COLLIDERS_NOT_ORIGINAL_CAD", "measured_contact_separation_m": -5.066376616014168e-07, "numerical_gap_tolerance_m": 1e-09, "original_cad_intersection_confirmed": false, "pair": ["/Validation/Scene/carton_l07_c04", "/Validation/Scene/carton_l06_c04"], "pair_kind": "external", "policy_fingerprint": "91e8bebb851170e3620b5e2fc1bda49b5a72d1e62c8b3a3cd0dbed3c05d928e5", "query_method": "PHYSX_FINITE_CONTACT_POINT_SEPARATION", "required_pair_clearance_m": 0.005, "stage": "settling", "surface_distance_m": null, "time_s": 0.0}, {"accepted": true, "classification": "ALLOWED_STAGE_CONTACT", "contact_offset_is_not_clearance": true, "contact_permission_source": "APPROVED_TARGET_STACK_CONTACT_BEFORE_FREE_TRANSIT", "geometry_intersection_confirmed": false, "geometry_scope": "ACTUAL_PHYSX_COLLIDERS_NOT_ORIGINAL_CAD", "measured_contact_separation_m": 0.019031524658203125, "numerical_gap_tolerance_m": 1e-09, "original_cad_intersection_confirmed": false, "pair": ["/Validation/Scene/carton_l07_c04", "/Validation/Scene/carton_l06_c03"], "pair_kind": "external", "policy_fingerprint": "91e8bebb851170e3620b5e2fc1bda49b5a72d1e62c8b3a3cd0dbed3c05d928e5", "query_method": "PHYSX_FINITE_CONTACT_POINT_SEPARATION", "required_pair_clearance_m": 0.005, "stage": "settling", "surface_distance_m": 0.019031524658203125, "time_s": 0.0}, {"accepted": true, "classification": "ALLOWED_STAGE_CONTACT", "contact_offset_is_not_clearance": true, "contact_permission_source": "APPROVED_TARGET_STACK_CONTACT_BEFORE_FREE_TRANSIT", "geometry_intersection_confirmed": true, "geometry_scope": "ACTUAL_PHYSX_COLLIDERS_NOT_ORIGINAL_CAD", "measured_contact_separation_m": -1.0579819900158327e-06, "numerical_gap_tolerance_m": 1e-09, "original_cad_intersection_confirmed": false, "pair": ["/Validation/Scene/carton_l07_c04", "/Validation/Scene/carton_l06_c04"], "pair_kind": "external", "policy_fingerprint": "91e8bebb851170e3620b5e2fc1bda49b5a72d1e62c8b3a3cd0dbed3c05d928e5", "query_method": "PHYSX_FINITE_CONTACT_POINT_SEPARATION", "required_pair_clearance_m": 0.005, "stage": "settling", "surface_distance_m": null, "time_s": 0.0}, {"accepted": true, "classification": "ALLOWED_STAGE_CONTACT", "contact_offset_is_not_clearance": true, "contact_permission_source": "APPROVED_TARGET_STACK_CONTACT_BEFORE_FREE_TRANSIT", "geometry_intersection_confirmed": false, "geometry_scope": "ACTUAL_PHYSX_COLLIDERS_NOT_ORIGINAL_CAD", "measured_contact_separation_m": 0.019026994705200195, "numerical_gap_tolerance_m": 1e-09, "original_cad_intersection_confirmed": false, "pair": ["/Validation/Scene/carton_l07_c04", "/Validation/Scene/carton_l06_c03"], "pair_kind": "external", "policy_fingerprint": "91e8bebb851170e3620b5e2fc1bda49b5a72d1e62c8b3a3cd0dbed3c05d928e5", "query_method": "PHYSX_FINITE_CONTACT_POINT_SEPARATION", "required_pair_clearance_m": 0.005, "stage": "settling", "surface_distance_m": 0.019026994705200195, "time_s": 0.0}, {"accepted": true, "classification": "ALLOWED_STAGE_CONTACT", "contact_offset_is_not_clearance": true, "contact_permission_source": "APPROVED_TARGET_STACK_CONTACT_BEFORE_FREE_TRANSIT", "geometry_intersection_confirmed": true, "geometry_scope": "ACTUAL_PHYSX_COLLIDERS_NOT_ORIGINAL_CAD", "measured_contact_separation_m": -2.086162567138672e-06, "numerical_gap_tolerance_m": 1e-09, "original_cad_intersection_confirmed": false, "pair": ["/Validation/Scene/carton_l07_c04", "/Validation/Scene/carton_l06_c04"], "pair_kind": "external", "policy_fingerprint": "91e8bebb851170e3620b5e2fc1bda49b5a72d1e62c8b3a3cd0dbed3c05d928e5", "query_method": "PHYSX_FINITE_CONTACT_POINT_SEPARATION", "required_pair_clearance_m": 0.005, "stage": "settling", "surface_distance_m": null, "time_s": 0.0}, {"accepted": true, "classification": "ALLOWED_STAGE_CONTACT", "contact_offset_is_not_clearance": true, "contact_permission_source": "APPROVED_TARGET_STACK_CONTACT_BEFORE_FREE_TRANSIT", "geometry_intersection_confirmed": false, "geometry_scope": "ACTUAL_PHYSX_COLLIDERS_NOT_ORIGINAL_CAD", "measured_contact_separation_m": 0.01900981366634369, "numerical_gap_tolerance_m": 1e-09, "original_cad_intersection_confirmed": false, "pair": ["/Validation/Scene/carton_l07_c04", "/Validation/Scene/carton_l06_c03"], "pair_kind": "external", "policy_fingerprint": "91e8bebb851170e3620b5e2fc1bda49b5a72d1e62c8b3a3cd0dbed3c05d928e5", "query_method": "PHYSX_FINITE_CONTACT_POINT_SEPARATION", "required_pair_clearance_m": 0.005, "stage": "settling", "surface_distance_m": 0.01900981366634369, "time_s": 0.0}, {"accepted": true, "classification": "ALLOWED_STAGE_CONTACT", "contact_offset_is_not_clearance": true, "contact_permission_source": "APPROVED_TARGET_STACK_CONTACT_BEFORE_FREE_TRANSIT", "geometry_intersection_confirmed": false, "geometry_scope": "ACTUAL_PHYSX_COLLIDERS_NOT_ORIGINAL_CAD", "measured_contact_separation_m": 2.9801699952258787e-07, "numerical_gap_tolerance_m": 1e-09, "original_cad_intersection_confirmed": false, "pair": ["/Validation/Scene/carton_l07_c04", "/Validation/Scene/carton_l06_c04"], "pair_kind": "external", "policy_fingerprint": "91e8bebb851170e3620b5e2fc1bda49b5a72d1e62c8b3a3cd0dbed3c05d928e5", "query_method": "PHYSX_FINITE_CONTACT_POINT_SEPARATION", "required_pair_clearance_m": 0.005, "stage": "settling", "surface_distance_m": 2.9801699952258787e-07, "time_s": 0.0}, {"accepted": true, "classification": "ALLOWED_STAGE_CONTACT", "contact_offset_is_not_clearance": true, "contact_permission_source": "APPROVED_TARGET_STACK_CONTACT_BEFORE_FREE_TRANSIT", "geometry_intersection_confirmed": false, "geometry_scope": "ACTUAL_PHYSX_COLLIDERS_NOT_ORIGINAL_CAD", "measured_contact_separation_m": 0.019017815589904785, "numerical_gap_tolerance_m": 1e-09, "original_cad_intersection_confirmed": false, "pair": ["/Validation/Scene/carton_l07_c04", "/Validation/Scene/carton_l06_c03"], "pair_kind": "external", "policy_fingerprint": "91e8bebb851170e3620b5e2fc1bda49b5a72d1e62c8b3a3cd0dbed3c05d928e5", "query_method": "PHYSX_FINITE_CONTACT_POINT_SEPARATION", "required_pair_clearance_m": 0.005, "stage": "settling", "surface_distance_m": 0.019017815589904785, "time_s": 0.0}, {"accepted": true, "classification": "ALLOWED_STAGE_CONTACT", "contact_offset_is_not_clearance": true, "contact_permission_source": "APPROVED_TARGET_STACK_CONTACT_BEFORE_FREE_TRANSIT", "geometry_intersection_confirmed": false, "geometry_scope": "ACTUAL_PHYSX_COLLIDERS_NOT_ORIGINAL_CAD", "measured_contact_separation_m": 5.960447424513404e-08, "numerical_gap_tolerance_m": 1e-09, "original_cad_intersection_confirmed": false, "pair": ["/Validation/Scene/carton_l07_c04", "/Validation/Scene/carton_l06_c04"], "pair_kind": "external", "policy_fingerprint": "91e8bebb851170e3620b5e2fc1bda49b5a72d1e62c8b3a3cd0dbed3c05d928e5", "query_method": "PHYSX_FINITE_CONTACT_POINT_SEPARATION", "required_pair_clearance_m": 0.005, "stage": "settling", "surface_distance_m": 5.960447424513404e-08, "time_s": 0.0}, {"accepted": true, "classification": "ALLOWED_STAGE_CONTACT", "contact_offset_is_not_clearance": true, "contact_permission_source": "APPROVED_TARGET_STACK_CONTACT_BEFORE_FREE_TRANSIT", "geometry_intersection_confirmed": false, "geometry_scope": "ACTUAL_PHYSX_COLLIDERS_NOT_ORIGINAL_CAD", "measured_contact_separation_m": 0.01900365948677063, "numerical_gap_tolerance_m": 1e-09, "original_cad_intersection_confirmed": false, "pair": ["/Validation/Scene/carton_l07_c04", "/Validation/Scene/carton_l06_c03"], "pair_kind": "external", "policy_fingerprint": "91e8bebb851170e3620b5e2fc1bda49b5a72d1e62c8b3a3cd0dbed3c05d928e5", "query_method": "PHYSX_FINITE_CONTACT_POINT_SEPARATION", "required_pair_clearance_m": 0.005, "stage": "settling", "surface_distance_m": 0.01900365948677063, "time_s": 0.0}, {"accepted": true, "classification": "ALLOWED_STAGE_CONTACT", "contact_offset_is_not_clearance": true, "contact_permission_source": "APPROVED_TARGET_STACK_CONTACT_BEFORE_FREE_TRANSIT", "geometry_intersection_confirmed": true, "geometry_scope": "ACTUAL_PHYSX_COLLIDERS_NOT_ORIGINAL_CAD", "measured_contact_separation_m": -1.1920921849650767e-07, "numerical_gap_tolerance_m": 1e-09, "original_cad_intersection_confirmed": false, "pair": ["/Validation/Scene/carton_l07_c04", "/Validation/Scene/carton_l06_c04"], "pair_kind": "external", "policy_fingerprint": "91e8bebb851170e3620b5e2fc1bda49b5a72d1e62c8b3a3cd0dbed3c05d928e5", "query_method": "PHYSX_FINITE_CONTACT_POINT_SEPARATION", "required_pair_clearance_m": 0.005, "stage": "settling", "surface_distance_m": null, "time_s": 0.0}, {"accepted": true, "classification": "ALLOWED_STAGE_CONTACT", "contact_offset_is_not_clearance": true, "contact_permission_source": "APPROVED_TARGET_STACK_CONTACT_BEFORE_FREE_TRANSIT", "geometry_intersection_confirmed": false, "geometry_scope": "ACTUAL_PHYSX_COLLIDERS_NOT_ORIGINAL_CAD", "measured_contact_separation_m": 0.01900056004524231, "numerical_gap_tolerance_m": 1e-09, "original_cad_intersection_confirmed": false, "pair": ["/Validation/Scene/carton_l07_c04", "/Validation/Scene/carton_l06_c03"], "pair_kind": "external", "policy_fingerprint": "91e8bebb851170e3620b5e2fc1bda49b5a72d1e62c8b3a3cd0dbed3c05d928e5", "query_method": "PHYSX_FINITE_CONTACT_POINT_SEPARATION", "required_pair_clearance_m": 0.005, "stage": "settling", "surface_distance_m": 0.01900056004524231, "time_s": 0.0}, {"accepted": true, "classification": "ALLOWED_STAGE_CONTACT", "contact_offset_is_not_clearance": true, "contact_permission_source": "APPROVED_TARGET_STACK_CONTACT_BEFORE_FREE_TRANSIT", "geometry_intersection_confirmed": true, "geometry_scope": "ACTUAL_PHYSX_COLLIDERS_NOT_ORIGINAL_CAD", "measured_contact_separation_m": -1.4454114989348454e-06, "numerical_gap_tolerance_m": 1e-09, "original_cad_intersection_confirmed": false, "pair": ["/Validation/Scene/carton_l07_c04", "/Validation/Scene/carton_l06_c04"], "pair_kind": "external", "policy_fingerprint": "91e8bebb851170e3620b5e2fc1bda49b5a72d1e62c8b3a3cd0dbed3c05d928e5", "query_method": "PHYSX_FINITE_CONTACT_POINT_SEPARATION", "required_pair_clearance_m": 0.005, "stage": "settling", "surface_distance_m": null, "time_s": 0.0}, {"accepted": true, "classification": "ALLOWED_STAGE_CONTACT", "contact_offset_is_not_clearance": true, "contact_permission_source": "APPROVED_TARGET_STACK_CONTACT_BEFORE_FREE_TRANSIT", "geometry_intersection_confirmed": false, "geometry_scope": "ACTUAL_PHYSX_COLLIDERS_NOT_ORIGINAL_CAD", "measured_contact_separation_m": 0.019017547369003296, "numerical_gap_tolerance_m": 1e-09, "original_cad_intersection_confirmed": false, "pair": ["/Validation/Scene/carton_l07_c04", "/Validation/Scene/carton_l06_c03"], "pair_kind": "external", "policy_fingerprint": "91e8bebb851170e3620b5e2fc1bda49b5a72d1e62c8b3a3cd0dbed3c05d928e5", "query_method": "PHYSX_FINITE_CONTACT_POINT_SEPARATION", "required_pair_clearance_m": 0.005, "stage": "settling", "surface_distance_m": 0.019017547369003296, "time_s": 0.0}, {"accepted": true, "classification": "ALLOWED_STAGE_CONTACT", "contact_offset_is_not_clearance": true, "contact_permission_source": "APPROVED_TARGET_STACK_CONTACT_BEFORE_FREE_TRANSIT", "geometry_intersection_confirmed": true, "geometry_scope": "ACTUAL_PHYSX_COLLIDERS_NOT_ORIGINAL_CAD", "measured_contact_separation_m": -1.7583361113793217e-06, "numerical_gap_tolerance_m": 1e-09, "original_cad_intersection_confirmed": false, "pair": ["/Validation/Scene/carton_l07_c04", "/Validation/Scene/carton_l06_c04"], "pair_kind": "external", "policy_fingerprint": "91e8bebb851170e3620b5e2fc1bda49b5a72d1e62c8b3a3cd0dbed3c05d928e5", "query_method": "PHYSX_FINITE_CONTACT_POINT_SEPARATION", "required_pair_clearance_m": 0.005, "stage": "settling", "surface_distance_m": null, "time_s": 0.0}, {"accepted": true, "classification": "ALLOWED_STAGE_CONTACT", "contact_offset_is_not_clearance": true, "contact_permission_source": "APPROVED_TARGET_STACK_CONTACT_BEFORE_FREE_TRANSIT", "geometry_intersection_confirmed": false, "geometry_scope": "ACTUAL_PHYSX_COLLIDERS_NOT_ORIGINAL_CAD", "measured_contact_separation_m": 0.019023358821868896, "numerical_gap_tolerance_m": 1e-09, "original_cad_intersection_confirmed": false, "pair": ["/Validation/Scene/carton_l07_c04", "/Validation/Scene/carton_l06_c03"], "pair_kind": "external", "policy_fingerprint": "91e8bebb851170e3620b5e2fc1bda49b5a72d1e62c8b3a3cd0dbed3c05d928e5", "query_method": "PHYSX_FINITE_CONTACT_POINT_SEPARATION", "required_pair_clearance_m": 0.005, "stage": "settling", "surface_distance_m": 0.019023358821868896, "time_s": 0.0}, {"accepted": true, "classification": "ALLOWED_STAGE_CONTACT", "contact_offset_is_not_clearance": true, "contact_permission_source": "APPROVED_TARGET_STACK_CONTACT_BEFORE_FREE_TRANSIT", "geometry_intersection_confirmed": true, "geometry_scope": "ACTUAL_PHYSX_COLLIDERS_NOT_ORIGINAL_CAD", "measured_contact_separation_m": -2.056360017377301e-06, "numerical_gap_tolerance_m": 1e-09, "original_cad_intersection_confirmed": false, "pair": ["/Validation/Scene/carton_l07_c04", "/Validation/Scene/carton_l06_c04"], "pair_kind": "external", "policy_fingerprint": "91e8bebb851170e3620b5e2fc1bda49b5a72d1e62c8b3a3cd0dbed3c05d928e5", "query_method": "PHYSX_FINITE_CONTACT_POINT_SEPARATION", "required_pair_clearance_m": 0.005, "stage": "settling", "surface_distance_m": null, "time_s": 0.0}, {"accepted": true, "classification": "ALLOWED_STAGE_CONTACT", "contact_offset_is_not_clearance": true, "contact_permission_source": "APPROVED_TARGET_STACK_CONTACT_BEFORE_FREE_TRANSIT", "geometry_intersection_confirmed": false, "geometry_scope": "ACTUAL_PHYSX_COLLIDERS_NOT_ORIGINAL_CAD", "measured_contact_separation_m": 0.019028931856155396, "numerical_gap_tolerance_m": 1e-09, "original_cad_intersection_confirmed": false, "pair": ["/Validation/Scene/carton_l07_c04", "/Validation/Scene/carton_l06_c03"], "pair_kind": "external", "policy_fingerprint": "91e8bebb851170e3620b5e2fc1bda49b5a72d1e62c8b3a3cd0dbed3c05d928e5", "query_method": "PHYSX_FINITE_CONTACT_POINT_SEPARATION", "required_pair_clearance_m": 0.005, "stage": "settling", "surface_distance_m": 0.019028931856155396, "time_s": 0.0}, {"accepted": true, "classification": "ALLOWED_STAGE_CONTACT", "contact_offset_is_not_clearance": true, "contact_permission_source": "APPROVED_TARGET_STACK_CONTACT_BEFORE_FREE_TRANSIT", "geometry_intersection_confirmed": true, "geometry_scope": "ACTUAL_PHYSX_COLLIDERS_NOT_ORIGINAL_CAD", "measured_contact_separation_m": -1.0132779380001011e-06, "numerical_gap_tolerance_m": 1e-09, "original_cad_intersection_confirmed": false, "pair": ["/Validation/Scene/carton_l07_c04", "/Validation/Scene/carton_l06_c04"], "pair_kind": "external", "policy_fingerprint": "91e8bebb851170e3620b5e2fc1bda49b5a72d1e62c8b3a3cd0dbed3c05d928e5", "query_method": "PHYSX_FINITE_CONTACT_POINT_SEPARATION", "required_pair_clearance_m": 0.005, "stage": "settling", "surface_distance_m": null, "time_s": 0.0}, {"accepted": true, "classification": "ALLOWED_STAGE_CONTACT", "contact_offset_is_not_clearance": true, "contact_permission_source": "APPROVED_TARGET_STACK_CONTACT_BEFORE_FREE_TRANSIT", "geometry_intersection_confirmed": false, "geometry_scope": "ACTUAL_PHYSX_COLLIDERS_NOT_ORIGINAL_CAD", "measured_contact_separation_m": 0.01903092861175537, "numerical_gap_tolerance_m": 1e-09, "original_cad_intersection_confirmed": false, "pair": ["/Validation/Scene/carton_l07_c04", "/Validation/Scene/carton_l06_c03"], "pair_kind": "external", "policy_fingerprint": "91e8bebb851170e3620b5e2fc1bda49b5a72d1e62c8b3a3cd0dbed3c05d928e5", "query_method": "PHYSX_FINITE_CONTACT_POINT_SEPARATION", "required_pair_clearance_m": 0.005, "stage": "settling", "surface_distance_m": 0.01903092861175537, "time_s": 0.0}, {"accepted": true, "classification": "ALLOWED_STAGE_CONTACT", "contact_offset_is_not_clearance": true, "contact_permission_source": "APPROVED_TARGET_STACK_CONTACT_BEFORE_FREE_TRANSIT", "geometry_intersection_confirmed": true, "geometry_scope": "ACTUAL_PHYSX_COLLIDERS_NOT_ORIGINAL_CAD", "measured_contact_separation_m": -5.215407554715057e-07, "numerical_gap_tolerance_m": 1e-09, "original_cad_intersection_confirmed": false, "pair": ["/Validation/Scene/carton_l07_c04", "/Validation/Scene/carton_l06_c04"], "pair_kind": "external", "policy_fingerprint": "91e8bebb851170e3620b5e2fc1bda49b5a72d1e62c8b3a3cd0dbed3c05d928e5", "query_method": "PHYSX_FINITE_CONTACT_POINT_SEPARATION", "required_pair_clearance_m": 0.005, "stage": "settling", "surface_distance_m": null, "time_s": 0.0}, {"accepted": true, "classification": "ALLOWED_STAGE_CONTACT", "contact_offset_is_not_clearance": true, "contact_permission_source": "APPROVED_TARGET_STACK_CONTACT_BEFORE_FREE_TRANSIT", "geometry_intersection_confirmed": false, "geometry_scope": "ACTUAL_PHYSX_COLLIDERS_NOT_ORIGINAL_CAD", "measured_contact_separation_m": 0.01902131736278534, "numerical_gap_tolerance_m": 1e-09, "original_cad_intersection_confirmed": false, "pair": ["/Validation/Scene/carton_l07_c04", "/Validation/Scene/carton_l06_c03"], "pair_kind": "external", "policy_fingerprint": "91e8bebb851170e3620b5e2fc1bda49b5a72d1e62c8b3a3cd0dbed3c05d928e5", "query_method": "PHYSX_FINITE_CONTACT_POINT_SEPARATION", "required_pair_clearance_m": 0.005, "stage": "settling", "surface_distance_m": 0.01902131736278534, "time_s": 0.0}, {"accepted": true, "classification": "ALLOWED_STAGE_CONTACT", "contact_offset_is_not_clearance": true, "contact_permission_source": "APPROVED_TARGET_STACK_CONTACT_BEFORE_FREE_TRANSIT", "geometry_intersection_confirmed": true, "geometry_scope": "ACTUAL_PHYSX_COLLIDERS_NOT_ORIGINAL_CAD", "measured_contact_separation_m": -4.0233121012533957e-07, "numerical_gap_tolerance_m": 1e-09, "original_cad_intersection_confirmed": false, "pair": ["/Validation/Scene/carton_l07_c04", "/Validation/Scene/carton_l06_c04"], "pair_kind": "external", "policy_fingerprint": "91e8bebb851170e3620b5e2fc1bda49b5a72d1e62c8b3a3cd0dbed3c05d928e5", "query_method": "PHYSX_FINITE_CONTACT_POINT_SEPARATION", "required_pair_clearance_m": 0.005, "stage": "settling", "surface_distance_m": null, "time_s": 0.0}, {"accepted": true, "classification": "ALLOWED_STAGE_CONTACT", "contact_offset_is_not_clearance": true, "contact_permission_source": "APPROVED_TARGET_STACK_CONTACT_BEFORE_FREE_TRANSIT", "geometry_intersection_confirmed": false, "geometry_scope": "ACTUAL_PHYSX_COLLIDERS_NOT_ORIGINAL_CAD", "measured_contact_separation_m": 0.019004106521606445, "numerical_gap_tolerance_m": 1e-09, "original_cad_intersection_confirmed": false, "pair": ["/Validation/Scene/carton_l07_c04", "/Validation/Scene/carton_l06_c03"], "pair_kind": "external", "policy_fingerprint": "91e8bebb851170e3620b5e2fc1bda49b5a72d1e62c8b3a3cd0dbed3c05d928e5", "query_method": "PHYSX_FINITE_CONTACT_POINT_SEPARATION", "required_pair_clearance_m": 0.005, "stage": "settling", "surface_distance_m": 0.019004106521606445, "time_s": 0.0}, {"accepted": true, "classification": "ALLOWED_STAGE_CONTACT", "contact_offset_is_not_clearance": true, "contact_permission_source": "APPROVED_TARGET_STACK_CONTACT_BEFORE_FREE_TRANSIT", "geometry_intersection_confirmed": true, "geometry_scope": "ACTUAL_PHYSX_COLLIDERS_NOT_ORIGINAL_CAD", "measured_contact_separation_m": -1.9818526197923347e-06, "numerical_gap_tolerance_m": 1e-09, "original_cad_intersection_confirmed": false, "pair": ["/Validation/Scene/carton_l07_c04", "/Validation/Scene/carton_l06_c04"], "pair_kind": "external", "policy_fingerprint": "91e8bebb851170e3620b5e2fc1bda49b5a72d1e62c8b3a3cd0dbed3c05d928e5", "query_method": "PHYSX_FINITE_CONTACT_POINT_SEPARATION", "required_pair_clearance_m": 0.005, "stage": "settling", "surface_distance_m": null, "time_s": 0.0}, {"accepted": true, "classification": "ALLOWED_STAGE_CONTACT", "contact_offset_is_not_clearance": true, "contact_permission_source": "APPROVED_TARGET_STACK_CONTACT_BEFORE_FREE_TRANSIT", "geometry_intersection_confirmed": false, "geometry_scope": "ACTUAL_PHYSX_COLLIDERS_NOT_ORIGINAL_CAD", "measured_contact_separation_m": 0.0189933180809021, "numerical_gap_tolerance_m": 1e-09, "original_cad_intersection_confirmed": false, "pair": ["/Validation/Scene/carton_l07_c04", "/Validation/Scene/carton_l06_c03"], "pair_kind": "external", "policy_fingerprint": "91e8bebb851170e3620b5e2fc1bda49b5a72d1e62c8b3a3cd0dbed3c05d928e5", "query_method": "PHYSX_FINITE_CONTACT_POINT_SEPARATION", "required_pair_clearance_m": 0.005, "stage": "settling", "surface_distance_m": 0.0189933180809021, "time_s": 0.0}, {"accepted": true, "classification": "ALLOWED_STAGE_CONTACT", "contact_offset_is_not_clearance": true, "contact_permission_source": "APPROVED_TARGET_STACK_CONTACT_BEFORE_FREE_TRANSIT", "geometry_intersection_confirmed": true, "geometry_scope": "ACTUAL_PHYSX_COLLIDERS_NOT_ORIGINAL_CAD", "measured_contact_separation_m": -1.460313910683908e-06, "numerical_gap_tolerance_m": 1e-09, "original_cad_intersection_confirmed": false, "pair": ["/Validation/Scene/carton_l07_c04", "/Validation/Scene/carton_l06_c04"], "pair_kind": "external", "policy_fingerprint": "91e8bebb851170e3620b5e2fc1bda49b5a72d1e62c8b3a3cd0dbed3c05d928e5", "query_method": "PHYSX_FINITE_CONTACT_POINT_SEPARATION", "required_pair_clearance_m": 0.005, "stage": "settling", "surface_distance_m": null, "time_s": 0.0}, {"accepted": true, "classification": "ALLOWED_STAGE_CONTACT", "contact_offset_is_not_clearance": true, "contact_permission_source": "APPROVED_TARGET_STACK_CONTACT_BEFORE_FREE_TRANSIT", "geometry_intersection_confirmed": false, "geometry_scope": "ACTUAL_PHYSX_COLLIDERS_NOT_ORIGINAL_CAD", "measured_contact_separation_m": 0.01900017261505127, "numerical_gap_tolerance_m": 1e-09, "original_cad_intersection_confirmed": false, "pair": ["/Validation/Scene/carton_l07_c04", "/Validation/Scene/carton_l06_c03"], "pair_kind": "external", "policy_fingerprint": "91e8bebb851170e3620b5e2fc1bda49b5a72d1e62c8b3a3cd0dbed3c05d928e5", "query_method": "PHYSX_FINITE_CONTACT_POINT_SEPARATION", "required_pair_clearance_m": 0.005, "stage": "settling", "surface_distance_m": 0.01900017261505127, "time_s": 0.0}, {"accepted": true, "classification": "ALLOWED_STAGE_CONTACT", "contact_offset_is_not_clearance": true, "contact_permission_source": "APPROVED_TARGET_STACK_CONTACT_BEFORE_FREE_TRANSIT", "geometry_intersection_confirmed": true, "geometry_scope": "ACTUAL_PHYSX_COLLIDERS_NOT_ORIGINAL_CAD", "measured_contact_separation_m": -1.6391280723837554e-06, "numerical_gap_tolerance_m": 1e-09, "original_cad_intersection_confirmed": false, "pair": ["/Validation/Scene/carton_l07_c04", "/Validation/Scene/carton_l06_c04"], "pair_kind": "external", "policy_fingerprint": "91e8bebb851170e3620b5e2fc1bda49b5a72d1e62c8b3a3cd0dbed3c05d928e5", "query_method": "PHYSX_FINITE_CONTACT_POINT_SEPARATION", "required_pair_clearance_m": 0.005, "stage": "settling", "surface_distance_m": null, "time_s": 0.0}, {"accepted": true, "classification": "ALLOWED_STAGE_CONTACT", "contact_offset_is_not_clearance": true, "contact_permission_source": "APPROVED_TARGET_STACK_CONTACT_BEFORE_FREE_TRANSIT", "geometry_intersection_confirmed": false, "geometry_scope": "ACTUAL_PHYSX_COLLIDERS_NOT_ORIGINAL_CAD", "measured_contact_separation_m": 0.01901911199092865, "numerical_gap_tolerance_m": 1e-09, "original_cad_intersection_confirmed": false, "pair": ["/Validation/Scene/carton_l07_c04", "/Validation/Scene/carton_l06_c03"], "pair_kind": "external", "policy_fingerprint": "91e8bebb851170e3620b5e2fc1bda49b5a72d1e62c8b3a3cd0dbed3c05d928e5", "query_method": "PHYSX_FINITE_CONTACT_POINT_SEPARATION", "required_pair_clearance_m": 0.005, "stage": "settling", "surface_distance_m": 0.01901911199092865, "time_s": 0.0}, {"accepted": true, "classification": "ALLOWED_STAGE_CONTACT", "contact_offset_is_not_clearance": true, "contact_permission_source": "APPROVED_TARGET_STACK_CONTACT_BEFORE_FREE_TRANSIT", "geometry_intersection_confirmed": true, "geometry_scope": "ACTUAL_PHYSX_COLLIDERS_NOT_ORIGINAL_CAD", "measured_contact_separation_m": -5.81145116029802e-07, "numerical_gap_tolerance_m": 1e-09, "original_cad_intersection_confirmed": false, "pair": ["/Validation/Scene/carton_l07_c04", "/Validation/Scene/carton_l06_c04"], "pair_kind": "external", "policy_fingerprint": "91e8bebb851170e3620b5e2fc1bda49b5a72d1e62c8b3a3cd0dbed3c05d928e5", "query_method": "PHYSX_FINITE_CONTACT_POINT_SEPARATION", "required_pair_clearance_m": 0.005, "stage": "settling", "surface_distance_m": null, "time_s": 0.0}, {"accepted": true, "classification": "ALLOWED_STAGE_CONTACT", "contact_offset_is_not_clearance": true, "contact_permission_source": "APPROVED_TARGET_STACK_CONTACT_BEFORE_FREE_TRANSIT", "geometry_intersection_confirmed": false, "geometry_scope": "ACTUAL_PHYSX_COLLIDERS_NOT_ORIGINAL_CAD", "measured_contact_separation_m": 0.01902526617050171, "numerical_gap_tolerance_m": 1e-09, "original_cad_intersection_confirmed": false, "pair": ["/Validation/Scene/carton_l07_c04", "/Validation/Scene/carton_l06_c03"], "pair_kind": "external", "policy_fingerprint": "91e8bebb851170e3620b5e2fc1bda49b5a72d1e62c8b3a3cd0dbed3c05d928e5", "query_method": "PHYSX_FINITE_CONTACT_POINT_SEPARATION", "required_pair_clearance_m": 0.005, "stage": "settling", "surface_distance_m": 0.01902526617050171, "time_s": 0.0}, {"accepted": true, "classification": "ALLOWED_STAGE_CONTACT", "contact_offset_is_not_clearance": true, "contact_permission_source": "APPROVED_TARGET_STACK_CONTACT_BEFORE_FREE_TRANSIT", "geometry_intersection_confirmed": true, "geometry_scope": "ACTUAL_PHYSX_COLLIDERS_NOT_ORIGINAL_CAD", "measured_contact_separation_m": -1.6391284134442685e-06, "numerical_gap_tolerance_m": 1e-09, "original_cad_intersection_confirmed": false, "pair": ["/Validation/Scene/carton_l07_c04", "/Validation/Scene/carton_l06_c04"], "pair_kind": "external", "policy_fingerprint": "91e8bebb851170e3620b5e2fc1bda49b5a72d1e62c8b3a3cd0dbed3c05d928e5", "query_method": "PHYSX_FINITE_CONTACT_POINT_SEPARATION", "required_pair_clearance_m": 0.005, "stage": "settling", "surface_distance_m": null, "time_s": 0.0}, {"accepted": true, "classification": "ALLOWED_STAGE_CONTACT", "contact_offset_is_not_clearance": true, "contact_permission_source": "APPROVED_TARGET_STACK_CONTACT_BEFORE_FREE_TRANSIT", "geometry_intersection_confirmed": false, "geometry_scope": "ACTUAL_PHYSX_COLLIDERS_NOT_ORIGINAL_CAD", "measured_contact_separation_m": 0.019024744629859924, "numerical_gap_tolerance_m": 1e-09, "original_cad_intersection_confirmed": false, "pair": ["/Validation/Scene/carton_l07_c04", "/Validation/Scene/carton_l06_c03"], "pair_kind": "external", "policy_fingerprint": "91e8bebb851170e3620b5e2fc1bda49b5a72d1e62c8b3a3cd0dbed3c05d928e5", "query_method": "PHYSX_FINITE_CONTACT_POINT_SEPARATION", "required_pair_clearance_m": 0.005, "stage": "settling", "surface_distance_m": 0.019024744629859924, "time_s": 0.0}, {"accepted": true, "classification": "ALLOWED_STAGE_CONTACT", "contact_offset_is_not_clearance": true, "contact_permission_source": "APPROVED_TARGET_STACK_CONTACT_BEFORE_FREE_TRANSIT", "geometry_intersection_confirmed": true, "geometry_scope": "ACTUAL_PHYSX_COLLIDERS_NOT_ORIGINAL_CAD", "measured_contact_separation_m": -2.086150487912164e-07, "numerical_gap_tolerance_m": 1e-09, "original_cad_intersection_confirmed": false, "pair": ["/Validation/Scene/carton_l07_c04", "/Validation/Scene/carton_l06_c04"], "pair_kind": "external", "policy_fingerprint": "91e8bebb851170e3620b5e2fc1bda49b5a72d1e62c8b3a3cd0dbed3c05d928e5", "query_method": "PHYSX_FINITE_CONTACT_POINT_SEPARATION", "required_pair_clearance_m": 0.005, "stage": "settling", "surface_distance_m": null, "time_s": 0.0}, {"accepted": true, "classification": "ALLOWED_STAGE_CONTACT", "contact_offset_is_not_clearance": true, "contact_permission_source": "APPROVED_TARGET_STACK_CONTACT_BEFORE_FREE_TRANSIT", "geometry_intersection_confirmed": false, "geometry_scope": "ACTUAL_PHYSX_COLLIDERS_NOT_ORIGINAL_CAD", "measured_contact_separation_m": 0.01901337504386902, "numerical_gap_tolerance_m": 1e-09, "original_cad_intersection_confirmed": false, "pair": ["/Validation/Scene/carton_l07_c04", "/Validation/Scene/carton_l06_c03"], "pair_kind": "external", "policy_fingerprint": "91e8bebb851170e3620b5e2fc1bda49b5a72d1e62c8b3a3cd0dbed3c05d928e5", "query_method": "PHYSX_FINITE_CONTACT_POINT_SEPARATION", "required_pair_clearance_m": 0.005, "stage": "settling", "surface_distance_m": 0.01901337504386902, "time_s": 0.0}, {"accepted": true, "classification": "ALLOWED_STAGE_CONTACT", "contact_offset_is_not_clearance": true, "contact_permission_source": "APPROVED_TARGET_STACK_CONTACT_BEFORE_FREE_TRANSIT", "geometry_intersection_confirmed": true, "geometry_scope": "ACTUAL_PHYSX_COLLIDERS_NOT_ORIGINAL_CAD", "measured_contact_separation_m": -7.301558184735768e-07, "numerical_gap_tolerance_m": 1e-09, "original_cad_intersection_confirmed": false, "pair": ["/Validation/Scene/carton_l07_c04", "/Validation/Scene/carton_l06_c04"], "pair_kind": "external", "policy_fingerprint": "91e8bebb851170e3620b5e2fc1bda49b5a72d1e62c8b3a3cd0dbed3c05d928e5", "query_method": "PHYSX_FINITE_CONTACT_POINT_SEPARATION", "required_pair_clearance_m": 0.005, "stage": "settling", "surface_distance_m": null, "time_s": 0.0}, {"accepted": true, "classification": "ALLOWED_STAGE_CONTACT", "contact_offset_is_not_clearance": true, "contact_permission_source": "APPROVED_TARGET_STACK_CONTACT_BEFORE_FREE_TRANSIT", "geometry_intersection_confirmed": false, "geometry_scope": "ACTUAL_PHYSX_COLLIDERS_NOT_ORIGINAL_CAD", "measured_contact_separation_m": 0.019004464149475098, "numerical_gap_tolerance_m": 1e-09, "original_cad_intersection_confirmed": false, "pair": ["/Validation/Scene/carton_l07_c04", "/Validation/Scene/carton_l06_c03"], "pair_kind": "external", "policy_fingerprint": "91e8bebb851170e3620b5e2fc1bda49b5a72d1e62c8b3a3cd0dbed3c05d928e5", "query_method": "PHYSX_FINITE_CONTACT_POINT_SEPARATION", "required_pair_clearance_m": 0.005, "stage": "settling", "surface_distance_m": 0.019004464149475098, "time_s": 0.0}, {"accepted": true, "classification": "ALLOWED_STAGE_CONTACT", "contact_offset_is_not_clearance": true, "contact_permission_source": "APPROVED_TARGET_STACK_CONTACT_BEFORE_FREE_TRANSIT", "geometry_intersection_confirmed": true, "geometry_scope": "ACTUAL_PHYSX_COLLIDERS_NOT_ORIGINAL_CAD", "measured_contact_separation_m": -1.609324499440845e-06, "numerical_gap_tolerance_m": 1e-09, "original_cad_intersection_confirmed": false, "pair": ["/Validation/Scene/carton_l07_c04", "/Validation/Scene/carton_l06_c04"], "pair_kind": "external", "policy_fingerprint": "91e8bebb851170e3620b5e2fc1bda49b5a72d1e62c8b3a3cd0dbed3c05d928e5", "query_method": "PHYSX_FINITE_CONTACT_POINT_SEPARATION", "required_pair_clearance_m": 0.005, "stage": "settling", "surface_distance_m": null, "time_s": 0.0}, {"accepted": true, "classification": "ALLOWED_STAGE_CONTACT", "contact_offset_is_not_clearance": true, "contact_permission_source": "APPROVED_TARGET_STACK_CONTACT_BEFORE_FREE_TRANSIT", "geometry_intersection_confirmed": false, "geometry_scope": "ACTUAL_PHYSX_COLLIDERS_NOT_ORIGINAL_CAD", "measured_contact_separation_m": 0.01899607479572296, "numerical_gap_tolerance_m": 1e-09, "original_cad_intersection_confirmed": false, "pair": ["/Validation/Scene/carton_l07_c04", "/Validation/Scene/carton_l06_c03"], "pair_kind": "external", "policy_fingerprint": "91e8bebb851170e3620b5e2fc1bda49b5a72d1e62c8b3a3cd0dbed3c05d928e5", "query_method": "PHYSX_FINITE_CONTACT_POINT_SEPARATION", "required_pair_clearance_m": 0.005, "stage": "settling", "surface_distance_m": 0.01899607479572296, "time_s": 0.0}, {"accepted": true, "classification": "ALLOWED_STAGE_CONTACT", "contact_offset_is_not_clearance": true, "contact_permission_source": "APPROVED_TARGET_STACK_CONTACT_BEFORE_FREE_TRANSIT", "geometry_intersection_confirmed": true, "geometry_scope": "ACTUAL_PHYSX_COLLIDERS_NOT_ORIGINAL_CAD", "measured_contact_separation_m": -1.2964004554305575e-06, "numerical_gap_tolerance_m": 1e-09, "original_cad_intersection_confirmed": false, "pair": ["/Validation/Scene/carton_l07_c04", "/Validation/Scene/carton_l06_c04"], "pair_kind": "external", "policy_fingerprint": "91e8bebb851170e3620b5e2fc1bda49b5a72d1e62c8b3a3cd0dbed3c05d928e5", "query_method": "PHYSX_FINITE_CONTACT_POINT_SEPARATION", "required_pair_clearance_m": 0.005, "stage": "settling", "surface_distance_m": null, "time_s": 0.0}, {"accepted": true, "classification": "ALLOWED_STAGE_CONTACT", "contact_offset_is_not_clearance": true, "contact_permission_source": "APPROVED_TARGET_STACK_CONTACT_BEFORE_FREE_TRANSIT", "geometry_intersection_confirmed": false, "geometry_scope": "ACTUAL_PHYSX_COLLIDERS_NOT_ORIGINAL_CAD", "measured_contact_separation_m": 0.019001871347427368, "numerical_gap_tolerance_m": 1e-09, "original_cad_intersection_confirmed": false, "pair": ["/Validation/Scene/carton_l07_c04", "/Validation/Scene/carton_l06_c03"], "pair_kind": "external", "policy_fingerprint": "91e8bebb851170e3620b5e2fc1bda49b5a72d1e62c8b3a3cd0dbed3c05d928e5", "query_method": "PHYSX_FINITE_CONTACT_POINT_SEPARATION", "required_pair_clearance_m": 0.005, "stage": "settling", "surface_distance_m": 0.019001871347427368, "time_s": 0.0}, {"accepted": true, "classification": "ALLOWED_STAGE_CONTACT", "contact_offset_is_not_clearance": true, "contact_permission_source": "APPROVED_TARGET_STACK_CONTACT_BEFORE_FREE_TRANSIT", "geometry_intersection_confirmed": true, "geometry_scope": "ACTUAL_PHYSX_COLLIDERS_NOT_ORIGINAL_CAD", "measured_contact_separation_m": -8.046624202506791e-07, "numerical_gap_tolerance_m": 1e-09, "original_cad_intersection_confirmed": false, "pair": ["/Validation/Scene/carton_l07_c04", "/Validation/Scene/carton_l06_c04"], "pair_kind": "external", "policy_fingerprint": "91e8bebb851170e3620b5e2fc1bda49b5a72d1e62c8b3a3cd0dbed3c05d928e5", "query_method": "PHYSX_FINITE_CONTACT_POINT_SEPARATION", "required_pair_clearance_m": 0.005, "stage": "settling", "surface_distance_m": null, "time_s": 0.0}, {"accepted": true, "classification": "ALLOWED_STAGE_CONTACT", "contact_offset_is_not_clearance": true, "contact_permission_source": "APPROVED_TARGET_STACK_CONTACT_BEFORE_FREE_TRANSIT", "geometry_intersection_confirmed": false, "geometry_scope": "ACTUAL_PHYSX_COLLIDERS_NOT_ORIGINAL_CAD", "measured_contact_separation_m": 0.019006863236427307, "numerical_gap_tolerance_m": 1e-09, "original_cad_intersection_confirmed": false, "pair": ["/Validation/Scene/carton_l07_c04", "/Validation/Scene/carton_l06_c03"], "pair_kind": "external", "policy_fingerprint": "91e8bebb851170e3620b5e2fc1bda49b5a72d1e62c8b3a3cd0dbed3c05d928e5", "query_method": "PHYSX_FINITE_CONTACT_POINT_SEPARATION", "required_pair_clearance_m": 0.005, "stage": "settling", "surface_distance_m": 0.019006863236427307, "time_s": 0.0}, {"accepted": true, "classification": "ALLOWED_STAGE_CONTACT", "contact_offset_is_not_clearance": true, "contact_permission_source": "APPROVED_TARGET_STACK_CONTACT_BEFORE_FREE_TRANSIT", "geometry_intersection_confirmed": true, "geometry_scope": "ACTUAL_PHYSX_COLLIDERS_NOT_ORIGINAL_CAD", "measured_contact_separation_m": -1.2516970855358522e-06, "numerical_gap_tolerance_m": 1e-09, "original_cad_intersection_confirmed": false, "pair": ["/Validation/Scene/carton_l07_c04", "/Validation/Scene/carton_l06_c04"], "pair_kind": "external", "policy_fingerprint": "91e8bebb851170e3620b5e2fc1bda49b5a72d1e62c8b3a3cd0dbed3c05d928e5", "query_method": "PHYSX_FINITE_CONTACT_POINT_SEPARATION", "required_pair_clearance_m": 0.005, "stage": "settling", "surface_distance_m": null, "time_s": 0.0}, {"accepted": true, "classification": "ALLOWED_STAGE_CONTACT", "contact_offset_is_not_clearance": true, "contact_permission_source": "APPROVED_TARGET_STACK_CONTACT_BEFORE_FREE_TRANSIT", "geometry_intersection_confirmed": false, "geometry_scope": "ACTUAL_PHYSX_COLLIDERS_NOT_ORIGINAL_CAD", "measured_contact_separation_m": 0.01901458203792572, "numerical_gap_tolerance_m": 1e-09, "original_cad_intersection_confirmed": false, "pair": ["/Validation/Scene/carton_l07_c04", "/Validation/Scene/carton_l06_c03"], "pair_kind": "external", "policy_fingerprint": "91e8bebb851170e3620b5e2fc1bda49b5a72d1e62c8b3a3cd0dbed3c05d928e5", "query_method": "PHYSX_FINITE_CONTACT_POINT_SEPARATION", "required_pair_clearance_m": 0.005, "stage": "settling", "surface_distance_m": 0.01901458203792572, "time_s": 0.0}, {"accepted": true, "classification": "ALLOWED_STAGE_CONTACT", "contact_offset_is_not_clearance": true, "contact_permission_source": "APPROVED_TARGET_STACK_CONTACT_BEFORE_FREE_TRANSIT", "geometry_intersection_confirmed": true, "geometry_scope": "ACTUAL_PHYSX_COLLIDERS_NOT_ORIGINAL_CAD", "measured_contact_separation_m": -2.3841851088945987e-06, "numerical_gap_tolerance_m": 1e-09, "original_cad_intersection_confirmed": false, "pair": ["/Validation/Scene/carton_l07_c04", "/Validation/Scene/carton_l06_c04"], "pair_kind": "external", "policy_fingerprint": "91e8bebb851170e3620b5e2fc1bda49b5a72d1e62c8b3a3cd0dbed3c05d928e5", "query_method": "PHYSX_FINITE_CONTACT_POINT_SEPARATION", "required_pair_clearance_m": 0.005, "stage": "settling", "surface_distance_m": null, "time_s": 0.0}, {"accepted": true, "classification": "ALLOWED_STAGE_CONTACT", "contact_offset_is_not_clearance": true, "contact_permission_source": "APPROVED_TARGET_STACK_CONTACT_BEFORE_FREE_TRANSIT", "geometry_intersection_confirmed": false, "geometry_scope": "ACTUAL_PHYSX_COLLIDERS_NOT_ORIGINAL_CAD", "measured_contact_separation_m": 0.019014358520507812, "numerical_gap_tolerance_m": 1e-09, "original_cad_intersection_confirmed": false, "pair": ["/Validation/Scene/carton_l07_c04", "/Validation/Scene/carton_l06_c03"], "pair_kind": "external", "policy_fingerprint": "91e8bebb851170e3620b5e2fc1bda49b5a72d1e62c8b3a3cd0dbed3c05d928e5", "query_method": "PHYSX_FINITE_CONTACT_POINT_SEPARATION", "required_pair_clearance_m": 0.005, "stage": "settling", "surface_distance_m": 0.019014358520507812, "time_s": 0.0}, {"accepted": true, "classification": "ALLOWED_STAGE_CONTACT", "contact_offset_is_not_clearance": true, "contact_permission_source": "APPROVED_TARGET_STACK_CONTACT_BEFORE_FREE_TRANSIT", "geometry_intersection_confirmed": true, "geometry_scope": "ACTUAL_PHYSX_COLLIDERS_NOT_ORIGINAL_CAD", "measured_contact_separation_m": -6.258480311771564e-07, "numerical_gap_tolerance_m": 1e-09, "original_cad_intersection_confirmed": false, "pair": ["/Validation/Scene/carton_l07_c04", "/Validation/Scene/carton_l06_c04"], "pair_kind": "external", "policy_fingerprint": "91e8bebb851170e3620b5e2fc1bda49b5a72d1e62c8b3a3cd0dbed3c05d928e5", "query_method": "PHYSX_FINITE_CONTACT_POINT_SEPARATION", "required_pair_clearance_m": 0.005, "stage": "settling", "surface_distance_m": null, "time_s": 0.0}, {"accepted": true, "classification": "ALLOWED_STAGE_CONTACT", "contact_offset_is_not_clearance": true, "contact_permission_source": "APPROVED_TARGET_STACK_CONTACT_BEFORE_FREE_TRANSIT", "geometry_intersection_confirmed": false, "geometry_scope": "ACTUAL_PHYSX_COLLIDERS_NOT_ORIGINAL_CAD", "measured_contact_separation_m": 0.019017592072486877, "numerical_gap_tolerance_m": 1e-09, "original_cad_intersection_confirmed": false, "pair": ["/Validation/Scene/carton_l07_c04", "/Validation/Scene/carton_l06_c03"], "pair_kind": "external", "policy_fingerprint": "91e8bebb851170e3620b5e2fc1bda49b5a72d1e62c8b3a3cd0dbed3c05d928e5", "query_method": "PHYSX_FINITE_CONTACT_POINT_SEPARATION", "required_pair_clearance_m": 0.005, "stage": "settling", "surface_distance_m": 0.019017592072486877, "time_s": 0.0}, {"accepted": true, "classification": "ALLOWED_STAGE_CONTACT", "contact_offset_is_not_clearance": true, "contact_permission_source": "APPROVED_TARGET_STACK_CONTACT_BEFORE_FREE_TRANSIT", "geometry_intersection_confirmed": true, "geometry_scope": "ACTUAL_PHYSX_COLLIDERS_NOT_ORIGINAL_CAD", "measured_contact_separation_m": -1.4156105407892028e-06, "numerical_gap_tolerance_m": 1e-09, "original_cad_intersection_confirmed": false, "pair": ["/Validation/Scene/carton_l07_c04", "/Validation/Scene/carton_l06_c04"], "pair_kind": "external", "policy_fingerprint": "91e8bebb851170e3620b5e2fc1bda49b5a72d1e62c8b3a3cd0dbed3c05d928e5", "query_method": "PHYSX_FINITE_CONTACT_POINT_SEPARATION", "required_pair_clearance_m": 0.005, "stage": "settling", "surface_distance_m": null, "time_s": 0.0}, {"accepted": true, "classification": "ALLOWED_STAGE_CONTACT", "contact_offset_is_not_clearance": true, "contact_permission_source": "APPROVED_TARGET_STACK_CONTACT_BEFORE_FREE_TRANSIT", "geometry_intersection_confirmed": false, "geometry_scope": "ACTUAL_PHYSX_COLLIDERS_NOT_ORIGINAL_CAD", "measured_contact_separation_m": 0.019016772508621216, "numerical_gap_tolerance_m": 1e-09, "original_cad_intersection_confirmed": false, "pair": ["/Validation/Scene/carton_l07_c04", "/Validation/Scene/carton_l06_c03"], "pair_kind": "external", "policy_fingerprint": "91e8bebb851170e3620b5e2fc1bda49b5a72d1e62c8b3a3cd0dbed3c05d928e5", "query_method": "PHYSX_FINITE_CONTACT_POINT_SEPARATION", "required_pair_clearance_m": 0.005, "stage": "settling", "surface_distance_m": 0.019016772508621216, "time_s": 0.0}, {"accepted": true, "classification": "ALLOWED_STAGE_CONTACT", "contact_offset_is_not_clearance": true, "contact_permission_source": "APPROVED_TARGET_STACK_CONTACT_BEFORE_FREE_TRANSIT", "geometry_intersection_confirmed": true, "geometry_scope": "ACTUAL_PHYSX_COLLIDERS_NOT_ORIGINAL_CAD", "measured_contact_separation_m": -2.2202723357622745e-06, "numerical_gap_tolerance_m": 1e-09, "original_cad_intersection_confirmed": false, "pair": ["/Validation/Scene/carton_l07_c04", "/Validation/Scene/carton_l06_c04"], "pair_kind": "external", "policy_fingerprint": "91e8bebb851170e3620b5e2fc1bda49b5a72d1e62c8b3a3cd0dbed3c05d928e5", "query_method": "PHYSX_FINITE_CONTACT_POINT_SEPARATION", "required_pair_clearance_m": 0.005, "stage": "settling", "surface_distance_m": null, "time_s": 0.0}, {"accepted": true, "classification": "ALLOWED_STAGE_CONTACT", "contact_offset_is_not_clearance": true, "contact_permission_source": "APPROVED_TARGET_STACK_CONTACT_BEFORE_FREE_TRANSIT", "geometry_intersection_confirmed": false, "geometry_scope": "ACTUAL_PHYSX_COLLIDERS_NOT_ORIGINAL_CAD", "measured_contact_separation_m": 0.0190122127532959, "numerical_gap_tolerance_m": 1e-09, "original_cad_intersection_confirmed": false, "pair": ["/Validation/Scene/carton_l07_c04", "/Validation/Scene/carton_l06_c03"], "pair_kind": "external", "policy_fingerprint": "91e8bebb851170e3620b5e2fc1bda49b5a72d1e62c8b3a3cd0dbed3c05d928e5", "query_method": "PHYSX_FINITE_CONTACT_POINT_SEPARATION", "required_pair_clearance_m": 0.005, "stage": "settling", "surface_distance_m": 0.0190122127532959, "time_s": 0.0}, {"accepted": true, "classification": "ALLOWED_STAGE_CONTACT", "contact_offset_is_not_clearance": true, "contact_permission_source": "APPROVED_TARGET_STACK_CONTACT_BEFORE_FREE_TRANSIT", "geometry_intersection_confirmed": true, "geometry_scope": "ACTUAL_PHYSX_COLLIDERS_NOT_ORIGINAL_CAD", "measured_contact_separation_m": -1.0579823310763459e-06, "numerical_gap_tolerance_m": 1e-09, "original_cad_intersection_confirmed": false, "pair": ["/Validation/Scene/carton_l07_c04", "/Validation/Scene/carton_l06_c04"], "pair_kind": "external", "policy_fingerprint": "91e8bebb851170e3620b5e2fc1bda49b5a72d1e62c8b3a3cd0dbed3c05d928e5", "query_method": "PHYSX_FINITE_CONTACT_POINT_SEPARATION", "required_pair_clearance_m": 0.005, "stage": "settling", "surface_distance_m": null, "time_s": 0.0}, {"accepted": true, "classification": "ALLOWED_STAGE_CONTACT", "contact_offset_is_not_clearance": true, "contact_permission_source": "APPROVED_TARGET_STACK_CONTACT_BEFORE_FREE_TRANSIT", "geometry_intersection_confirmed": false, "geometry_scope": "ACTUAL_PHYSX_COLLIDERS_NOT_ORIGINAL_CAD", "measured_contact_separation_m": 0.019007086753845215, "numerical_gap_tolerance_m": 1e-09, "original_cad_intersection_confirmed": false, "pair": ["/Validation/Scene/carton_l07_c04", "/Validation/Scene/carton_l06_c03"], "pair_kind": "external", "policy_fingerprint": "91e8bebb851170e3620b5e2fc1bda49b5a72d1e62c8b3a3cd0dbed3c05d928e5", "query_method": "PHYSX_FINITE_CONTACT_POINT_SEPARATION", "required_pair_clearance_m": 0.005, "stage": "settling", "surface_distance_m": 0.019007086753845215, "time_s": 0.0}, {"accepted": true, "classification": "ALLOWED_STAGE_CONTACT", "contact_offset_is_not_clearance": true, "contact_permission_source": "APPROVED_TARGET_STACK_CONTACT_BEFORE_FREE_TRANSIT", "geometry_intersection_confirmed": true, "geometry_scope": "ACTUAL_PHYSX_COLLIDERS_NOT_ORIGINAL_CAD", "measured_contact_separation_m": -1.087784767150879e-06, "numerical_gap_tolerance_m": 1e-09, "original_cad_intersection_confirmed": false, "pair": ["/Validation/Scene/carton_l07_c04", "/Validation/Scene/carton_l06_c04"], "pair_kind": "external", "policy_fingerprint": "91e8bebb851170e3620b5e2fc1bda49b5a72d1e62c8b3a3cd0dbed3c05d928e5", "query_method": "PHYSX_FINITE_CONTACT_POINT_SEPARATION", "required_pair_clearance_m": 0.005, "stage": "settling", "surface_distance_m": null, "time_s": 0.0}, {"accepted": true, "classification": "ALLOWED_STAGE_CONTACT", "contact_offset_is_not_clearance": true, "contact_permission_source": "APPROVED_TARGET_STACK_CONTACT_BEFORE_FREE_TRANSIT", "geometry_intersection_confirmed": false, "geometry_scope": "ACTUAL_PHYSX_COLLIDERS_NOT_ORIGINAL_CAD", "measured_contact_separation_m": 0.019005894660949707, "numerical_gap_tolerance_m": 1e-09, "original_cad_intersection_confirmed": false, "pair": ["/Validation/Scene/carton_l07_c04", "/Validation/Scene/carton_l06_c03"], "pair_kind": "external", "policy_fingerprint": "91e8bebb851170e3620b5e2fc1bda49b5a72d1e62c8b3a3cd0dbed3c05d928e5", "query_method": "PHYSX_FINITE_CONTACT_POINT_SEPARATION", "required_pair_clearance_m": 0.005, "stage": "settling", "surface_distance_m": 0.019005894660949707, "time_s": 0.0}, {"accepted": true, "classification": "ALLOWED_STAGE_CONTACT", "contact_offset_is_not_clearance": true, "contact_permission_source": "APPROVED_TARGET_STACK_CONTACT_BEFORE_FREE_TRANSIT", "geometry_intersection_confirmed": true, "geometry_scope": "ACTUAL_PHYSX_COLLIDERS_NOT_ORIGINAL_CAD", "measured_contact_separation_m": -1.5795227454873384e-06, "numerical_gap_tolerance_m": 1e-09, "original_cad_intersection_confirmed": false, "pair": ["/Validation/Scene/carton_l07_c04", "/Validation/Scene/carton_l06_c04"], "pair_kind": "external", "policy_fingerprint": "91e8bebb851170e3620b5e2fc1bda49b5a72d1e62c8b3a3cd0dbed3c05d928e5", "query_method": "PHYSX_FINITE_CONTACT_POINT_SEPARATION", "required_pair_clearance_m": 0.005, "stage": "settling", "surface_distance_m": null, "time_s": 0.0}, {"accepted": true, "classification": "ALLOWED_STAGE_CONTACT", "contact_offset_is_not_clearance": true, "contact_permission_source": "APPROVED_TARGET_STACK_CONTACT_BEFORE_FREE_TRANSIT", "geometry_intersection_confirmed": false, "geometry_scope": "ACTUAL_PHYSX_COLLIDERS_NOT_ORIGINAL_CAD", "measured_contact_separation_m": 0.01900811493396759, "numerical_gap_tolerance_m": 1e-09, "original_cad_intersection_confirmed": false, "pair": ["/Validation/Scene/carton_l07_c04", "/Validation/Scene/carton_l06_c03"], "pair_kind": "external", "policy_fingerprint": "91e8bebb851170e3620b5e2fc1bda49b5a72d1e62c8b3a3cd0dbed3c05d928e5", "query_method": "PHYSX_FINITE_CONTACT_POINT_SEPARATION", "required_pair_clearance_m": 0.005, "stage": "settling", "surface_distance_m": 0.01900811493396759, "time_s": 0.0}, {"accepted": true, "classification": "ALLOWED_STAGE_CONTACT", "contact_offset_is_not_clearance": true, "contact_permission_source": "APPROVED_TARGET_STACK_CONTACT_BEFORE_FREE_TRANSIT", "geometry_intersection_confirmed": true, "geometry_scope": "ACTUAL_PHYSX_COLLIDERS_NOT_ORIGINAL_CAD", "measured_contact_separation_m": -9.983772315536044e-07, "numerical_gap_tolerance_m": 1e-09, "original_cad_intersection_confirmed": false, "pair": ["/Validation/Scene/carton_l07_c04", "/Validation/Scene/carton_l06_c04"], "pair_kind": "external", "policy_fingerprint": "91e8bebb851170e3620b5e2fc1bda49b5a72d1e62c8b3a3cd0dbed3c05d928e5", "query_method": "PHYSX_FINITE_CONTACT_POINT_SEPARATION", "required_pair_clearance_m": 0.005, "stage": "settling", "surface_distance_m": null, "time_s": 0.0}, {"accepted": true, "classification": "ALLOWED_STAGE_CONTACT", "contact_offset_is_not_clearance": true, "contact_permission_source": "APPROVED_TARGET_STACK_CONTACT_BEFORE_FREE_TRANSIT", "geometry_intersection_confirmed": false, "geometry_scope": "ACTUAL_PHYSX_COLLIDERS_NOT_ORIGINAL_CAD", "measured_contact_separation_m": 0.01901683211326599, "numerical_gap_tolerance_m": 1e-09, "original_cad_intersection_confirmed": false, "pair": ["/Validation/Scene/carton_l07_c04", "/Validation/Scene/carton_l06_c03"], "pair_kind": "external", "policy_fingerprint": "91e8bebb851170e3620b5e2fc1bda49b5a72d1e62c8b3a3cd0dbed3c05d928e5", "query_method": "PHYSX_FINITE_CONTACT_POINT_SEPARATION", "required_pair_clearance_m": 0.005, "stage": "settling", "surface_distance_m": 0.01901683211326599, "time_s": 0.0}, {"accepted": true, "classification": "ALLOWED_STAGE_CONTACT", "contact_offset_is_not_clearance": true, "contact_permission_source": "APPROVED_TARGET_STACK_CONTACT_BEFORE_FREE_TRANSIT", "geometry_intersection_confirmed": true, "geometry_scope": "ACTUAL_PHYSX_COLLIDERS_NOT_ORIGINAL_CAD", "measured_contact_separation_m": -1.7583372482476989e-06, "numerical_gap_tolerance_m": 1e-09, "original_cad_intersection_confirmed": false, "pair": ["/Validation/Scene/carton_l07_c04", "/Validation/Scene/carton_l06_c04"], "pair_kind": "external", "policy_fingerprint": "91e8bebb851170e3620b5e2fc1bda49b5a72d1e62c8b3a3cd0dbed3c05d928e5", "query_method": "PHYSX_FINITE_CONTACT_POINT_SEPARATION", "required_pair_clearance_m": 0.005, "stage": "settling", "surface_distance_m": null, "time_s": 0.0}, {"accepted": true, "classification": "ALLOWED_STAGE_CONTACT", "contact_offset_is_not_clearance": true, "contact_permission_source": "APPROVED_TARGET_STACK_CONTACT_BEFORE_FREE_TRANSIT", "geometry_intersection_confirmed": false, "geometry_scope": "ACTUAL_PHYSX_COLLIDERS_NOT_ORIGINAL_CAD", "measured_contact_separation_m": 0.019021689891815186, "numerical_gap_tolerance_m": 1e-09, "original_cad_intersection_confirmed": false, "pair": ["/Validation/Scene/carton_l07_c04", "/Validation/Scene/carton_l06_c03"], "pair_kind": "external", "policy_fingerprint": "91e8bebb851170e3620b5e2fc1bda49b5a72d1e62c8b3a3cd0dbed3c05d928e5", "query_method": "PHYSX_FINITE_CONTACT_POINT_SEPARATION", "required_pair_clearance_m": 0.005, "stage": "settling", "surface_distance_m": 0.019021689891815186, "time_s": 0.0}, {"accepted": true, "classification": "ALLOWED_STAGE_CONTACT", "contact_offset_is_not_clearance": true, "contact_permission_source": "APPROVED_TARGET_STACK_CONTACT_BEFORE_FREE_TRANSIT", "geometry_intersection_confirmed": true, "geometry_scope": "ACTUAL_PHYSX_COLLIDERS_NOT_ORIGINAL_CAD", "measured_contact_separation_m": -1.3560045317717595e-06, "numerical_gap_tolerance_m": 1e-09, "original_cad_intersection_confirmed": false, "pair": ["/Validation/Scene/carton_l07_c04", "/Validation/Scene/carton_l06_c04"], "pair_kind": "external", "policy_fingerprint": "91e8bebb851170e3620b5e2fc1bda49b5a72d1e62c8b3a3cd0dbed3c05d928e5", "query_method": "PHYSX_FINITE_CONTACT_POINT_SEPARATION", "required_pair_clearance_m": 0.005, "stage": "settling", "surface_distance_m": null, "time_s": 0.0}, {"accepted": true, "classification": "ALLOWED_STAGE_CONTACT", "contact_offset_is_not_clearance": true, "contact_permission_source": "APPROVED_TARGET_STACK_CONTACT_BEFORE_FREE_TRANSIT", "geometry_intersection_confirmed": false, "geometry_scope": "ACTUAL_PHYSX_COLLIDERS_NOT_ORIGINAL_CAD", "measured_contact_separation_m": 0.01902271807193756, "numerical_gap_tolerance_m": 1e-09, "original_cad_intersection_confirmed": false, "pair": ["/Validation/Scene/carton_l07_c04", "/Validation/Scene/carton_l06_c03"], "pair_kind": "external", "policy_fingerprint": "91e8bebb851170e3620b5e2fc1bda49b5a72d1e62c8b3a3cd0dbed3c05d928e5", "query_method": "PHYSX_FINITE_CONTACT_POINT_SEPARATION", "required_pair_clearance_m": 0.005, "stage": "settling", "surface_distance_m": 0.01902271807193756, "time_s": 0.0}, {"accepted": true, "classification": "ALLOWED_STAGE_CONTACT", "contact_offset_is_not_clearance": true, "contact_permission_source": "APPROVED_TARGET_STACK_CONTACT_BEFORE_FREE_TRANSIT", "geometry_intersection_confirmed": true, "geometry_scope": "ACTUAL_PHYSX_COLLIDERS_NOT_ORIGINAL_CAD", "measured_contact_separation_m": -1.147389184552594e-06, "numerical_gap_tolerance_m": 1e-09, "original_cad_intersection_confirmed": false, "pair": ["/Validation/Scene/carton_l07_c04", "/Validation/Scene/carton_l06_c04"], "pair_kind": "external", "policy_fingerprint": "91e8bebb851170e3620b5e2fc1bda49b5a72d1e62c8b3a3cd0dbed3c05d928e5", "query_method": "PHYSX_FINITE_CONTACT_POINT_SEPARATION", "required_pair_clearance_m": 0.005, "stage": "settling", "surface_distance_m": null, "time_s": 0.0}, {"accepted": true, "classification": "ALLOWED_STAGE_CONTACT", "contact_offset_is_not_clearance": true, "contact_permission_source": "APPROVED_TARGET_STACK_CONTACT_BEFORE_FREE_TRANSIT", "geometry_intersection_confirmed": false, "geometry_scope": "ACTUAL_PHYSX_COLLIDERS_NOT_ORIGINAL_CAD", "measured_contact_separation_m": 0.0190131813287735, "numerical_gap_tolerance_m": 1e-09, "original_cad_intersection_confirmed": false, "pair": ["/Validation/Scene/carton_l07_c04", "/Validation/Scene/carton_l06_c03"], "pair_kind": "external", "policy_fingerprint": "91e8bebb851170e3620b5e2fc1bda49b5a72d1e62c8b3a3cd0dbed3c05d928e5", "query_method": "PHYSX_FINITE_CONTACT_POINT_SEPARATION", "required_pair_clearance_m": 0.005, "stage": "settling", "surface_distance_m": 0.0190131813287735, "time_s": 0.0}, {"accepted": true, "classification": "ALLOWED_STAGE_CONTACT", "contact_offset_is_not_clearance": true, "contact_permission_source": "APPROVED_TARGET_STACK_CONTACT_BEFORE_FREE_TRANSIT", "geometry_intersection_confirmed": true, "geometry_scope": "ACTUAL_PHYSX_COLLIDERS_NOT_ORIGINAL_CAD", "measured_contact_separation_m": -6.705511168547673e-07, "numerical_gap_tolerance_m": 1e-09, "original_cad_intersection_confirmed": false, "pair": ["/Validation/Scene/carton_l07_c04", "/Validation/Scene/carton_l06_c04"], "pair_kind": "external", "policy_fingerprint": "91e8bebb851170e3620b5e2fc1bda49b5a72d1e62c8b3a3cd0dbed3c05d928e5", "query_method": "PHYSX_FINITE_CONTACT_POINT_SEPARATION", "required_pair_clearance_m": 0.005, "stage": "settling", "surface_distance_m": null, "time_s": 0.0}, {"accepted": true, "classification": "ALLOWED_STAGE_CONTACT", "contact_offset_is_not_clearance": true, "contact_permission_source": "APPROVED_TARGET_STACK_CONTACT_BEFORE_FREE_TRANSIT", "geometry_intersection_confirmed": false, "geometry_scope": "ACTUAL_PHYSX_COLLIDERS_NOT_ORIGINAL_CAD", "measured_contact_separation_m": 0.019006431102752686, "numerical_gap_tolerance_m": 1e-09, "original_cad_intersection_confirmed": false, "pair": ["/Validation/Scene/carton_l07_c04", "/Validation/Scene/carton_l06_c03"], "pair_kind": "external", "policy_fingerprint": "91e8bebb851170e3620b5e2fc1bda49b5a72d1e62c8b3a3cd0dbed3c05d928e5", "query_method": "PHYSX_FINITE_CONTACT_POINT_SEPARATION", "required_pair_clearance_m": 0.005, "stage": "settling", "surface_distance_m": 0.019006431102752686, "time_s": 0.0}, {"accepted": true, "classification": "ALLOWED_STAGE_CONTACT", "contact_offset_is_not_clearance": true, "contact_permission_source": "APPROVED_TARGET_STACK_CONTACT_BEFORE_FREE_TRANSIT", "geometry_intersection_confirmed": true, "geometry_scope": "ACTUAL_PHYSX_COLLIDERS_NOT_ORIGINAL_CAD", "measured_contact_separation_m": -1.8030400497082155e-06, "numerical_gap_tolerance_m": 1e-09, "original_cad_intersection_confirmed": false, "pair": ["/Validation/Scene/carton_l07_c04", "/Validation/Scene/carton_l06_c04"], "pair_kind": "external", "policy_fingerprint": "91e8bebb851170e3620b5e2fc1bda49b5a72d1e62c8b3a3cd0dbed3c05d928e5", "query_method": "PHYSX_FINITE_CONTACT_POINT_SEPARATION", "required_pair_clearance_m": 0.005, "stage": "settling", "surface_distance_m": null, "time_s": 0.0}, {"accepted": true, "classification": "ALLOWED_STAGE_CONTACT", "contact_offset_is_not_clearance": true, "contact_permission_source": "APPROVED_TARGET_STACK_CONTACT_BEFORE_FREE_TRANSIT", "geometry_intersection_confirmed": false, "geometry_scope": "ACTUAL_PHYSX_COLLIDERS_NOT_ORIGINAL_CAD", "measured_contact_separation_m": 0.019000336527824402, "numerical_gap_tolerance_m": 1e-09, "original_cad_intersection_confirmed": false, "pair": ["/Validation/Scene/carton_l07_c04", "/Validation/Scene/carton_l06_c03"], "pair_kind": "external", "policy_fingerprint": "91e8bebb851170e3620b5e2fc1bda49b5a72d1e62c8b3a3cd0dbed3c05d928e5", "query_method": "PHYSX_FINITE_CONTACT_POINT_SEPARATION", "required_pair_clearance_m": 0.005, "stage": "settling", "surface_distance_m": 0.019000336527824402, "time_s": 0.0}, {"accepted": true, "classification": "ALLOWED_STAGE_CONTACT", "contact_offset_is_not_clearance": true, "contact_permission_source": "APPROVED_TARGET_STACK_CONTACT_BEFORE_FREE_TRANSIT", "geometry_intersection_confirmed": true, "geometry_scope": "ACTUAL_PHYSX_COLLIDERS_NOT_ORIGINAL_CAD", "measured_contact_separation_m": -1.3262028915050905e-06, "numerical_gap_tolerance_m": 1e-09, "original_cad_intersection_confirmed": false, "pair": ["/Validation/Scene/carton_l07_c04", "/Validation/Scene/carton_l06_c04"], "pair_kind": "external", "policy_fingerprint": "91e8bebb851170e3620b5e2fc1bda49b5a72d1e62c8b3a3cd0dbed3c05d928e5", "query_method": "PHYSX_FINITE_CONTACT_POINT_SEPARATION", "required_pair_clearance_m": 0.005, "stage": "settling", "surface_distance_m": null, "time_s": 0.0}, {"accepted": true, "classification": "ALLOWED_STAGE_CONTACT", "contact_offset_is_not_clearance": true, "contact_permission_source": "APPROVED_TARGET_STACK_CONTACT_BEFORE_FREE_TRANSIT", "geometry_intersection_confirmed": false, "geometry_scope": "ACTUAL_PHYSX_COLLIDERS_NOT_ORIGINAL_CAD", "measured_contact_separation_m": 0.01900838315486908, "numerical_gap_tolerance_m": 1e-09, "original_cad_intersection_confirmed": false, "pair": ["/Validation/Scene/carton_l07_c04", "/Validation/Scene/carton_l06_c03"], "pair_kind": "external", "policy_fingerprint": "91e8bebb851170e3620b5e2fc1bda49b5a72d1e62c8b3a3cd0dbed3c05d928e5", "query_method": "PHYSX_FINITE_CONTACT_POINT_SEPARATION", "required_pair_clearance_m": 0.005, "stage": "settling", "surface_distance_m": 0.01900838315486908, "time_s": 0.0}, {"accepted": true, "classification": "ALLOWED_STAGE_CONTACT", "contact_offset_is_not_clearance": true, "contact_permission_source": "APPROVED_TARGET_STACK_CONTACT_BEFORE_FREE_TRANSIT", "geometry_intersection_confirmed": true, "geometry_scope": "ACTUAL_PHYSX_COLLIDERS_NOT_ORIGINAL_CAD", "measured_contact_separation_m": -2.6822019094652205e-07, "numerical_gap_tolerance_m": 1e-09, "original_cad_intersection_confirmed": false, "pair": ["/Validation/Scene/carton_l07_c04", "/Validation/Scene/carton_l06_c04"], "pair_kind": "external", "policy_fingerprint": "91e8bebb851170e3620b5e2fc1bda49b5a72d1e62c8b3a3cd0dbed3c05d928e5", "query_method": "PHYSX_FINITE_CONTACT_POINT_SEPARATION", "required_pair_clearance_m": 0.005, "stage": "settling", "surface_distance_m": null, "time_s": 0.0}, {"accepted": true, "classification": "ALLOWED_STAGE_CONTACT", "contact_offset_is_not_clearance": true, "contact_permission_source": "APPROVED_TARGET_STACK_CONTACT_BEFORE_FREE_TRANSIT", "geometry_intersection_confirmed": false, "geometry_scope": "ACTUAL_PHYSX_COLLIDERS_NOT_ORIGINAL_CAD", "measured_contact_separation_m": 0.019016146659851074, "numerical_gap_tolerance_m": 1e-09, "original_cad_intersection_confirmed": false, "pair": ["/Validation/Scene/carton_l07_c04", "/Validation/Scene/carton_l06_c03"], "pair_kind": "external", "policy_fingerprint": "91e8bebb851170e3620b5e2fc1bda49b5a72d1e62c8b3a3cd0dbed3c05d928e5", "query_method": "PHYSX_FINITE_CONTACT_POINT_SEPARATION", "required_pair_clearance_m": 0.005, "stage": "settling", "surface_distance_m": 0.019016146659851074, "time_s": 0.0}, {"accepted": true, "classification": "ALLOWED_STAGE_CONTACT", "contact_offset_is_not_clearance": true, "contact_permission_source": "APPROVED_TARGET_STACK_CONTACT_BEFORE_FREE_TRANSIT", "geometry_intersection_confirmed": true, "geometry_scope": "ACTUAL_PHYSX_COLLIDERS_NOT_ORIGINAL_CAD", "measured_contact_separation_m": -1.3560051002059481e-06, "numerical_gap_tolerance_m": 1e-09, "original_cad_intersection_confirmed": false, "pair": ["/Validation/Scene/carton_l07_c04", "/Validation/Scene/carton_l06_c04"], "pair_kind": "external", "policy_fingerprint": "91e8bebb851170e3620b5e2fc1bda49b5a72d1e62c8b3a3cd0dbed3c05d928e5", "query_method": "PHYSX_FINITE_CONTACT_POINT_SEPARATION", "required_pair_clearance_m": 0.005, "stage": "settling", "surface_distance_m": null, "time_s": 0.0}, {"accepted": true, "classification": "ALLOWED_STAGE_CONTACT", "contact_offset_is_not_clearance": true, "contact_permission_source": "APPROVED_TARGET_STACK_CONTACT_BEFORE_FREE_TRANSIT", "geometry_intersection_confirmed": false, "geometry_scope": "ACTUAL_PHYSX_COLLIDERS_NOT_ORIGINAL_CAD", "measured_contact_separation_m": 0.019025802612304688, "numerical_gap_tolerance_m": 1e-09, "original_cad_intersection_confirmed": false, "pair": ["/Validation/Scene/carton_l07_c04", "/Validation/Scene/carton_l06_c03"], "pair_kind": "external", "policy_fingerprint": "91e8bebb851170e3620b5e2fc1bda49b5a72d1e62c8b3a3cd0dbed3c05d928e5", "query_method": "PHYSX_FINITE_CONTACT_POINT_SEPARATION", "required_pair_clearance_m": 0.005, "stage": "settling", "surface_distance_m": 0.019025802612304688, "time_s": 0.0}, {"accepted": true, "classification": "ALLOWED_STAGE_CONTACT", "contact_offset_is_not_clearance": true, "contact_permission_source": "APPROVED_TARGET_STACK_CONTACT_BEFORE_FREE_TRANSIT", "geometry_intersection_confirmed": true, "geometry_scope": "ACTUAL_PHYSX_COLLIDERS_NOT_ORIGINAL_CAD", "measured_contact_separation_m": -1.4603140243707458e-06, "numerical_gap_tolerance_m": 1e-09, "original_cad_intersection_confirmed": false, "pair": ["/Validation/Scene/carton_l07_c04", "/Validation/Scene/carton_l06_c04"], "pair_kind": "external", "policy_fingerprint": "91e8bebb851170e3620b5e2fc1bda49b5a72d1e62c8b3a3cd0dbed3c05d928e5", "query_method": "PHYSX_FINITE_CONTACT_POINT_SEPARATION", "required_pair_clearance_m": 0.005, "stage": "settling", "surface_distance_m": null, "time_s": 0.0}, {"accepted": true, "classification": "ALLOWED_STAGE_CONTACT", "contact_offset_is_not_clearance": true, "contact_permission_source": "APPROVED_TARGET_STACK_CONTACT_BEFORE_FREE_TRANSIT", "geometry_intersection_confirmed": false, "geometry_scope": "ACTUAL_PHYSX_COLLIDERS_NOT_ORIGINAL_CAD", "measured_contact_separation_m": 0.01902027428150177, "numerical_gap_tolerance_m": 1e-09, "original_cad_intersection_confirmed": false, "pair": ["/Validation/Scene/carton_l07_c04", "/Validation/Scene/carton_l06_c03"], "pair_kind": "external", "policy_fingerprint": "91e8bebb851170e3620b5e2fc1bda49b5a72d1e62c8b3a3cd0dbed3c05d928e5", "query_method": "PHYSX_FINITE_CONTACT_POINT_SEPARATION", "required_pair_clearance_m": 0.005, "stage": "settling", "surface_distance_m": 0.01902027428150177, "time_s": 0.0}, {"accepted": true, "classification": "ALLOWED_STAGE_CONTACT", "contact_offset_is_not_clearance": true, "contact_permission_source": "APPROVED_TARGET_STACK_CONTACT_BEFORE_FREE_TRANSIT", "geometry_intersection_confirmed": true, "geometry_scope": "ACTUAL_PHYSX_COLLIDERS_NOT_ORIGINAL_CAD", "measured_contact_separation_m": -8.79167998846242e-07, "numerical_gap_tolerance_m": 1e-09, "original_cad_intersection_confirmed": false, "pair": ["/Validation/Scene/carton_l07_c04", "/Validation/Scene/carton_l06_c04"], "pair_kind": "external", "policy_fingerprint": "91e8bebb851170e3620b5e2fc1bda49b5a72d1e62c8b3a3cd0dbed3c05d928e5", "query_method": "PHYSX_FINITE_CONTACT_POINT_SEPARATION", "required_pair_clearance_m": 0.005, "stage": "settling", "surface_distance_m": null, "time_s": 0.0}, {"accepted": true, "classification": "ALLOWED_STAGE_CONTACT", "contact_offset_is_not_clearance": true, "contact_permission_source": "APPROVED_TARGET_STACK_CONTACT_BEFORE_FREE_TRANSIT", "geometry_intersection_confirmed": false, "geometry_scope": "ACTUAL_PHYSX_COLLIDERS_NOT_ORIGINAL_CAD", "measured_contact_separation_m": 0.019013404846191406, "numerical_gap_tolerance_m": 1e-09, "original_cad_intersection_confirmed": false, "pair": ["/Validation/Scene/carton_l07_c04", "/Validation/Scene/carton_l06_c03"], "pair_kind": "external", "policy_fingerprint": "91e8bebb851170e3620b5e2fc1bda49b5a72d1e62c8b3a3cd0dbed3c05d928e5", "query_method": "PHYSX_FINITE_CONTACT_POINT_SEPARATION", "required_pair_clearance_m": 0.005, "stage": "settling", "surface_distance_m": 0.019013404846191406, "time_s": 0.0}, {"accepted": true, "classification": "ALLOWED_STAGE_CONTACT", "contact_offset_is_not_clearance": true, "contact_permission_source": "APPROVED_TARGET_STACK_CONTACT_BEFORE_FREE_TRANSIT", "geometry_intersection_confirmed": true, "geometry_scope": "ACTUAL_PHYSX_COLLIDERS_NOT_ORIGINAL_CAD", "measured_contact_separation_m": -6.109472678872407e-07, "numerical_gap_tolerance_m": 1e-09, "original_cad_intersection_confirmed": false, "pair": ["/Validation/Scene/carton_l07_c04", "/Validation/Scene/carton_l06_c04"], "pair_kind": "external", "policy_fingerprint": "91e8bebb851170e3620b5e2fc1bda49b5a72d1e62c8b3a3cd0dbed3c05d928e5", "query_method": "PHYSX_FINITE_CONTACT_POINT_SEPARATION", "required_pair_clearance_m": 0.005, "stage": "settling", "surface_distance_m": null, "time_s": 0.0}, {"accepted": true, "classification": "ALLOWED_STAGE_CONTACT", "contact_offset_is_not_clearance": true, "contact_permission_source": "APPROVED_TARGET_STACK_CONTACT_BEFORE_FREE_TRANSIT", "geometry_intersection_confirmed": false, "geometry_scope": "ACTUAL_PHYSX_COLLIDERS_NOT_ORIGINAL_CAD", "measured_contact_separation_m": 0.019003599882125854, "numerical_gap_tolerance_m": 1e-09, "original_cad_intersection_confirmed": false, "pair": ["/Validation/Scene/carton_l07_c04", "/Validation/Scene/carton_l06_c03"], "pair_kind": "external", "policy_fingerprint": "91e8bebb851170e3620b5e2fc1bda49b5a72d1e62c8b3a3cd0dbed3c05d928e5", "query_method": "PHYSX_FINITE_CONTACT_POINT_SEPARATION", "required_pair_clearance_m": 0.005, "stage": "settling", "surface_distance_m": 0.019003599882125854, "time_s": 0.0}, {"accepted": true, "classification": "ALLOWED_STAGE_CONTACT", "contact_offset_is_not_clearance": true, "contact_permission_source": "APPROVED_TARGET_STACK_CONTACT_BEFORE_FREE_TRANSIT", "geometry_intersection_confirmed": true, "geometry_scope": "ACTUAL_PHYSX_COLLIDERS_NOT_ORIGINAL_CAD", "measured_contact_separation_m": -1.4752152992514311e-06, "numerical_gap_tolerance_m": 1e-09, "original_cad_intersection_confirmed": false, "pair": ["/Validation/Scene/carton_l07_c04", "/Validation/Scene/carton_l06_c04"], "pair_kind": "external", "policy_fingerprint": "91e8bebb851170e3620b5e2fc1bda49b5a72d1e62c8b3a3cd0dbed3c05d928e5", "query_method": "PHYSX_FINITE_CONTACT_POINT_SEPARATION", "required_pair_clearance_m": 0.005, "stage": "settling", "surface_distance_m": null, "time_s": 0.0}, {"accepted": true, "classification": "ALLOWED_STAGE_CONTACT", "contact_offset_is_not_clearance": true, "contact_permission_source": "APPROVED_TARGET_STACK_CONTACT_BEFORE_FREE_TRANSIT", "geometry_intersection_confirmed": false, "geometry_scope": "ACTUAL_PHYSX_COLLIDERS_NOT_ORIGINAL_CAD", "measured_contact_separation_m": 0.019006162881851196, "numerical_gap_tolerance_m": 1e-09, "original_cad_intersection_confirmed": false, "pair": ["/Validation/Scene/carton_l07_c04", "/Validation/Scene/carton_l06_c03"], "pair_kind": "external", "policy_fingerprint": "91e8bebb851170e3620b5e2fc1bda49b5a72d1e62c8b3a3cd0dbed3c05d928e5", "query_method": "PHYSX_FINITE_CONTACT_POINT_SEPARATION", "required_pair_clearance_m": 0.005, "stage": "settling", "surface_distance_m": 0.019006162881851196, "time_s": 0.0}, {"accepted": true, "classification": "ALLOWED_STAGE_CONTACT", "contact_offset_is_not_clearance": true, "contact_permission_source": "APPROVED_TARGET_STACK_CONTACT_BEFORE_FREE_TRANSIT", "geometry_intersection_confirmed": true, "geometry_scope": "ACTUAL_PHYSX_COLLIDERS_NOT_ORIGINAL_CAD", "measured_contact_separation_m": -1.9371495909581427e-06, "numerical_gap_tolerance_m": 1e-09, "original_cad_intersection_confirmed": false, "pair": ["/Validation/Scene/carton_l07_c04", "/Validation/Scene/carton_l06_c04"], "pair_kind": "external", "policy_fingerprint": "91e8bebb851170e3620b5e2fc1bda49b5a72d1e62c8b3a3cd0dbed3c05d928e5", "query_method": "PHYSX_FINITE_CONTACT_POINT_SEPARATION", "required_pair_clearance_m": 0.005, "stage": "settling", "surface_distance_m": null, "time_s": 0.0}, {"accepted": true, "classification": "ALLOWED_STAGE_CONTACT", "contact_offset_is_not_clearance": true, "contact_permission_source": "APPROVED_TARGET_STACK_CONTACT_BEFORE_FREE_TRANSIT", "geometry_intersection_confirmed": false, "geometry_scope": "ACTUAL_PHYSX_COLLIDERS_NOT_ORIGINAL_CAD", "measured_contact_separation_m": 0.019009292125701904, "numerical_gap_tolerance_m": 1e-09, "original_cad_intersection_confirmed": false, "pair": ["/Validation/Scene/carton_l07_c04", "/Validation/Scene/carton_l06_c03"], "pair_kind": "external", "policy_fingerprint": "91e8bebb851170e3620b5e2fc1bda49b5a72d1e62c8b3a3cd0dbed3c05d928e5", "query_method": "PHYSX_FINITE_CONTACT_POINT_SEPARATION", "required_pair_clearance_m": 0.005, "stage": "settling", "surface_distance_m": 0.019009292125701904, "time_s": 0.0}, {"accepted": true, "classification": "ALLOWED_STAGE_CONTACT", "contact_offset_is_not_clearance": true, "contact_permission_source": "APPROVED_TARGET_STACK_CONTACT_BEFORE_FREE_TRANSIT", "geometry_intersection_confirmed": true, "geometry_scope": "ACTUAL_PHYSX_COLLIDERS_NOT_ORIGINAL_CAD", "measured_contact_separation_m": -7.748600978629838e-07, "numerical_gap_tolerance_m": 1e-09, "original_cad_intersection_confirmed": false, "pair": ["/Validation/Scene/carton_l07_c04", "/Validation/Scene/carton_l06_c04"], "pair_kind": "external", "policy_fingerprint": "91e8bebb851170e3620b5e2fc1bda49b5a72d1e62c8b3a3cd0dbed3c05d928e5", "query_method": "PHYSX_FINITE_CONTACT_POINT_SEPARATION", "required_pair_clearance_m": 0.005, "stage": "settling", "surface_distance_m": null, "time_s": 0.0}, {"accepted": true, "classification": "ALLOWED_STAGE_CONTACT", "contact_offset_is_not_clearance": true, "contact_permission_source": "APPROVED_TARGET_STACK_CONTACT_BEFORE_FREE_TRANSIT", "geometry_intersection_confirmed": false, "geometry_scope": "ACTUAL_PHYSX_COLLIDERS_NOT_ORIGINAL_CAD", "measured_contact_separation_m": 0.019017860293388367, "numerical_gap_tolerance_m": 1e-09, "original_cad_intersection_confirmed": false, "pair": ["/Validation/Scene/carton_l07_c04", "/Validation/Scene/carton_l06_c03"], "pair_kind": "external", "policy_fingerprint": "91e8bebb851170e3620b5e2fc1bda49b5a72d1e62c8b3a3cd0dbed3c05d928e5", "query_method": "PHYSX_FINITE_CONTACT_POINT_SEPARATION", "required_pair_clearance_m": 0.005, "stage": "settling", "surface_distance_m": 0.019017860293388367, "time_s": 0.0}, {"accepted": true, "classification": "ALLOWED_STAGE_CONTACT", "contact_offset_is_not_clearance": true, "contact_permission_source": "APPROVED_TARGET_STACK_CONTACT_BEFORE_FREE_TRANSIT", "geometry_intersection_confirmed": true, "geometry_scope": "ACTUAL_PHYSX_COLLIDERS_NOT_ORIGINAL_CAD", "measured_contact_separation_m": -7.748596431156329e-07, "numerical_gap_tolerance_m": 1e-09, "original_cad_intersection_confirmed": false, "pair": ["/Validation/Scene/carton_l07_c04", "/Validation/Scene/carton_l06_c04"], "pair_kind": "external", "policy_fingerprint": "91e8bebb851170e3620b5e2fc1bda49b5a72d1e62c8b3a3cd0dbed3c05d928e5", "query_method": "PHYSX_FINITE_CONTACT_POINT_SEPARATION", "required_pair_clearance_m": 0.005, "stage": "settling", "surface_distance_m": null, "time_s": 0.0}, {"accepted": true, "classification": "ALLOWED_STAGE_CONTACT", "contact_offset_is_not_clearance": true, "contact_permission_source": "APPROVED_TARGET_STACK_CONTACT_BEFORE_FREE_TRANSIT", "geometry_intersection_confirmed": false, "geometry_scope": "ACTUAL_PHYSX_COLLIDERS_NOT_ORIGINAL_CAD", "measured_contact_separation_m": 0.019017815589904785, "numerical_gap_tolerance_m": 1e-09, "original_cad_intersection_confirmed": false, "pair": ["/Validation/Scene/carton_l07_c04", "/Validation/Scene/carton_l06_c03"], "pair_kind": "external", "policy_fingerprint": "91e8bebb851170e3620b5e2fc1bda49b5a72d1e62c8b3a3cd0dbed3c05d928e5", "query_method": "PHYSX_FINITE_CONTACT_POINT_SEPARATION", "required_pair_clearance_m": 0.005, "stage": "settling", "surface_distance_m": 0.019017815589904785, "time_s": 0.0}, {"accepted": true, "classification": "ALLOWED_STAGE_CONTACT", "contact_offset_is_not_clearance": true, "contact_permission_source": "APPROVED_TARGET_STACK_CONTACT_BEFORE_FREE_TRANSIT", "geometry_intersection_confirmed": true, "geometry_scope": "ACTUAL_PHYSX_COLLIDERS_NOT_ORIGINAL_CAD", "measured_contact_separation_m": -1.2367956969683291e-06, "numerical_gap_tolerance_m": 1e-09, "original_cad_intersection_confirmed": false, "pair": ["/Validation/Scene/carton_l07_c04", "/Validation/Scene/carton_l06_c04"], "pair_kind": "external", "policy_fingerprint": "91e8bebb851170e3620b5e2fc1bda49b5a72d1e62c8b3a3cd0dbed3c05d928e5", "query_method": "PHYSX_FINITE_CONTACT_POINT_SEPARATION", "required_pair_clearance_m": 0.005, "stage": "settling", "surface_distance_m": null, "time_s": 0.0}, {"accepted": true, "classification": "ALLOWED_STAGE_CONTACT", "contact_offset_is_not_clearance": true, "contact_permission_source": "APPROVED_TARGET_STACK_CONTACT_BEFORE_FREE_TRANSIT", "geometry_intersection_confirmed": false, "geometry_scope": "ACTUAL_PHYSX_COLLIDERS_NOT_ORIGINAL_CAD", "measured_contact_separation_m": 0.019017696380615234, "numerical_gap_tolerance_m": 1e-09, "original_cad_intersection_confirmed": false, "pair": ["/Validation/Scene/carton_l07_c04", "/Validation/Scene/carton_l06_c03"], "pair_kind": "external", "policy_fingerprint": "91e8bebb851170e3620b5e2fc1bda49b5a72d1e62c8b3a3cd0dbed3c05d928e5", "query_method": "PHYSX_FINITE_CONTACT_POINT_SEPARATION", "required_pair_clearance_m": 0.005, "stage": "settling", "surface_distance_m": 0.019017696380615234, "time_s": 0.0}, {"accepted": true, "classification": "ALLOWED_STAGE_CONTACT", "contact_offset_is_not_clearance": true, "contact_permission_source": "APPROVED_TARGET_STACK_CONTACT_BEFORE_FREE_TRANSIT", "geometry_intersection_confirmed": true, "geometry_scope": "ACTUAL_PHYSX_COLLIDERS_NOT_ORIGINAL_CAD", "measured_contact_separation_m": -1.6391221890899033e-07, "numerical_gap_tolerance_m": 1e-09, "original_cad_intersection_confirmed": false, "pair": ["/Validation/Scene/carton_l07_c04", "/Validation/Scene/carton_l06_c04"], "pair_kind": "external", "policy_fingerprint": "91e8bebb851170e3620b5e2fc1bda49b5a72d1e62c8b3a3cd0dbed3c05d928e5", "query_method": "PHYSX_FINITE_CONTACT_POINT_SEPARATION", "required_pair_clearance_m": 0.005, "stage": "settling", "surface_distance_m": null, "time_s": 0.0}, {"accepted": true, "classification": "ALLOWED_STAGE_CONTACT", "contact_offset_is_not_clearance": true, "contact_permission_source": "APPROVED_TARGET_STACK_CONTACT_BEFORE_FREE_TRANSIT", "geometry_intersection_confirmed": false, "geometry_scope": "ACTUAL_PHYSX_COLLIDERS_NOT_ORIGINAL_CAD", "measured_contact_separation_m": 0.019013911485671997, "numerical_gap_tolerance_m": 1e-09, "original_cad_intersection_confirmed": false, "pair": ["/Validation/Scene/carton_l07_c04", "/Validation/Scene/carton_l06_c03"], "pair_kind": "external", "policy_fingerprint": "91e8bebb851170e3620b5e2fc1bda49b5a72d1e62c8b3a3cd0dbed3c05d928e5", "query_method": "PHYSX_FINITE_CONTACT_POINT_SEPARATION", "required_pair_clearance_m": 0.005, "stage": "settling", "surface_distance_m": 0.019013911485671997, "time_s": 0.0}, {"accepted": true, "classification": "ALLOWED_STAGE_CONTACT", "contact_offset_is_not_clearance": true, "contact_permission_source": "APPROVED_TARGET_STACK_CONTACT_BEFORE_FREE_TRANSIT", "geometry_intersection_confirmed": true, "geometry_scope": "ACTUAL_PHYSX_COLLIDERS_NOT_ORIGINAL_CAD", "measured_contact_separation_m": -1.7732371588863316e-06, "numerical_gap_tolerance_m": 1e-09, "original_cad_intersection_confirmed": false, "pair": ["/Validation/Scene/carton_l07_c04", "/Validation/Scene/carton_l06_c04"], "pair_kind": "external", "policy_fingerprint": "91e8bebb851170e3620b5e2fc1bda49b5a72d1e62c8b3a3cd0dbed3c05d928e5", "query_method": "PHYSX_FINITE_CONTACT_POINT_SEPARATION", "required_pair_clearance_m": 0.005, "stage": "settling", "surface_distance_m": null, "time_s": 0.0}, {"accepted": true, "classification": "ALLOWED_STAGE_CONTACT", "contact_offset_is_not_clearance": true, "contact_permission_source": "APPROVED_TARGET_STACK_CONTACT_BEFORE_FREE_TRANSIT", "geometry_intersection_confirmed": false, "geometry_scope": "ACTUAL_PHYSX_COLLIDERS_NOT_ORIGINAL_CAD", "measured_contact_separation_m": 0.01901094615459442, "numerical_gap_tolerance_m": 1e-09, "original_cad_intersection_confirmed": false, "pair": ["/Validation/Scene/carton_l07_c04", "/Validation/Scene/carton_l06_c03"], "pair_kind": "external", "policy_fingerprint": "91e8bebb851170e3620b5e2fc1bda49b5a72d1e62c8b3a3cd0dbed3c05d928e5", "query_method": "PHYSX_FINITE_CONTACT_POINT_SEPARATION", "required_pair_clearance_m": 0.005, "stage": "settling", "surface_distance_m": 0.01901094615459442, "time_s": 0.0}, {"accepted": true, "classification": "ALLOWED_STAGE_CONTACT", "contact_offset_is_not_clearance": true, "contact_permission_source": "APPROVED_TARGET_STACK_CONTACT_BEFORE_FREE_TRANSIT", "geometry_intersection_confirmed": true, "geometry_scope": "ACTUAL_PHYSX_COLLIDERS_NOT_ORIGINAL_CAD", "measured_contact_separation_m": -1.117587999033276e-06, "numerical_gap_tolerance_m": 1e-09, "original_cad_intersection_confirmed": false, "pair": ["/Validation/Scene/carton_l07_c04", "/Validation/Scene/carton_l06_c04"], "pair_kind": "external", "policy_fingerprint": "91e8bebb851170e3620b5e2fc1bda49b5a72d1e62c8b3a3cd0dbed3c05d928e5", "query_method": "PHYSX_FINITE_CONTACT_POINT_SEPARATION", "required_pair_clearance_m": 0.005, "stage": "settling", "surface_distance_m": null, "time_s": 0.0}, {"accepted": true, "classification": "ALLOWED_STAGE_CONTACT", "contact_offset_is_not_clearance": true, "contact_permission_source": "APPROVED_TARGET_STACK_CONTACT_BEFORE_FREE_TRANSIT", "geometry_intersection_confirmed": false, "geometry_scope": "ACTUAL_PHYSX_COLLIDERS_NOT_ORIGINAL_CAD", "measured_contact_separation_m": 0.019009754061698914, "numerical_gap_tolerance_m": 1e-09, "original_cad_intersection_confirmed": false, "pair": ["/Validation/Scene/carton_l07_c04", "/Validation/Scene/carton_l06_c03"], "pair_kind": "external", "policy_fingerprint": "91e8bebb851170e3620b5e2fc1bda49b5a72d1e62c8b3a3cd0dbed3c05d928e5", "query_method": "PHYSX_FINITE_CONTACT_POINT_SEPARATION", "required_pair_clearance_m": 0.005, "stage": "settling", "surface_distance_m": 0.019009754061698914, "time_s": 0.0}, {"accepted": true, "classification": "ALLOWED_STAGE_CONTACT", "contact_offset_is_not_clearance": true, "contact_permission_source": "APPROVED_TARGET_STACK_CONTACT_BEFORE_FREE_TRANSIT", "geometry_intersection_confirmed": true, "geometry_scope": "ACTUAL_PHYSX_COLLIDERS_NOT_ORIGINAL_CAD", "measured_contact_separation_m": -1.5199175322777592e-06, "numerical_gap_tolerance_m": 1e-09, "original_cad_intersection_confirmed": false, "pair": ["/Validation/Scene/carton_l07_c04", "/Validation/Scene/carton_l06_c04"], "pair_kind": "external", "policy_fingerprint": "91e8bebb851170e3620b5e2fc1bda49b5a72d1e62c8b3a3cd0dbed3c05d928e5", "query_method": "PHYSX_FINITE_CONTACT_POINT_SEPARATION", "required_pair_clearance_m": 0.005, "stage": "settling", "surface_distance_m": null, "time_s": 0.0}, {"accepted": true, "classification": "ALLOWED_STAGE_CONTACT", "contact_offset_is_not_clearance": true, "contact_permission_source": "APPROVED_TARGET_STACK_CONTACT_BEFORE_FREE_TRANSIT", "geometry_intersection_confirmed": false, "geometry_scope": "ACTUAL_PHYSX_COLLIDERS_NOT_ORIGINAL_CAD", "measured_contact_separation_m": 0.01901017129421234, "numerical_gap_tolerance_m": 1e-09, "original_cad_intersection_confirmed": false, "pair": ["/Validation/Scene/carton_l07_c04", "/Validation/Scene/carton_l06_c03"], "pair_kind": "external", "policy_fingerprint": "91e8bebb851170e3620b5e2fc1bda49b5a72d1e62c8b3a3cd0dbed3c05d928e5", "query_method": "PHYSX_FINITE_CONTACT_POINT_SEPARATION", "required_pair_clearance_m": 0.005, "stage": "settling", "surface_distance_m": 0.01901017129421234, "time_s": 0.0}, {"accepted": true, "classification": "ALLOWED_STAGE_CONTACT", "contact_offset_is_not_clearance": true, "contact_permission_source": "APPROVED_TARGET_STACK_CONTACT_BEFORE_FREE_TRANSIT", "geometry_intersection_confirmed": true, "geometry_scope": "ACTUAL_PHYSX_COLLIDERS_NOT_ORIGINAL_CAD", "measured_contact_separation_m": -1.5795221770531498e-06, "numerical_gap_tolerance_m": 1e-09, "original_cad_intersection_confirmed": false, "pair": ["/Validation/Scene/carton_l07_c04", "/Validation/Scene/carton_l06_c04"], "pair_kind": "external", "policy_fingerprint": "91e8bebb851170e3620b5e2fc1bda49b5a72d1e62c8b3a3cd0dbed3c05d928e5", "query_method": "PHYSX_FINITE_CONTACT_POINT_SEPARATION", "required_pair_clearance_m": 0.005, "stage": "settling", "surface_distance_m": null, "time_s": 0.0}, {"accepted": true, "classification": "ALLOWED_STAGE_CONTACT", "contact_offset_is_not_clearance": true, "contact_permission_source": "APPROVED_TARGET_STACK_CONTACT_BEFORE_FREE_TRANSIT", "geometry_intersection_confirmed": false, "geometry_scope": "ACTUAL_PHYSX_COLLIDERS_NOT_ORIGINAL_CAD", "measured_contact_separation_m": 0.01900981366634369, "numerical_gap_tolerance_m": 1e-09, "original_cad_intersection_confirmed": false, "pair": ["/Validation/Scene/carton_l07_c04", "/Validation/Scene/carton_l06_c03"], "pair_kind": "external", "policy_fingerprint": "91e8bebb851170e3620b5e2fc1bda49b5a72d1e62c8b3a3cd0dbed3c05d928e5", "query_method": "PHYSX_FINITE_CONTACT_POINT_SEPARATION", "required_pair_clearance_m": 0.005, "stage": "settling", "surface_distance_m": 0.01900981366634369, "time_s": 0.0}, {"accepted": true, "classification": "ALLOWED_STAGE_CONTACT", "contact_offset_is_not_clearance": true, "contact_permission_source": "APPROVED_TARGET_STACK_CONTACT_BEFORE_FREE_TRANSIT", "geometry_intersection_confirmed": true, "geometry_scope": "ACTUAL_PHYSX_COLLIDERS_NOT_ORIGINAL_CAD", "measured_contact_separation_m": -6.407495334315172e-07, "numerical_gap_tolerance_m": 1e-09, "original_cad_intersection_confirmed": false, "pair": ["/Validation/Scene/carton_l07_c04", "/Validation/Scene/carton_l06_c04"], "pair_kind": "external", "policy_fingerprint": "91e8bebb851170e3620b5e2fc1bda49b5a72d1e62c8b3a3cd0dbed3c05d928e5", "query_method": "PHYSX_FINITE_CONTACT_POINT_SEPARATION", "required_pair_clearance_m": 0.005, "stage": "settling", "surface_distance_m": null, "time_s": 0.0}, {"accepted": true, "classification": "ALLOWED_STAGE_CONTACT", "contact_offset_is_not_clearance": true, "contact_permission_source": "APPROVED_TARGET_STACK_CONTACT_BEFORE_FREE_TRANSIT", "geometry_intersection_confirmed": false, "geometry_scope": "ACTUAL_PHYSX_COLLIDERS_NOT_ORIGINAL_CAD", "measured_contact_separation_m": 0.019014433026313782, "numerical_gap_tolerance_m": 1e-09, "original_cad_intersection_confirmed": false, "pair": ["/Validation/Scene/carton_l07_c04", "/Validation/Scene/carton_l06_c03"], "pair_kind": "external", "policy_fingerprint": "91e8bebb851170e3620b5e2fc1bda49b5a72d1e62c8b3a3cd0dbed3c05d928e5", "query_method": "PHYSX_FINITE_CONTACT_POINT_SEPARATION", "required_pair_clearance_m": 0.005, "stage": "settling", "surface_distance_m": 0.019014433026313782, "time_s": 0.0}, {"accepted": true, "classification": "ALLOWED_STAGE_CONTACT", "contact_offset_is_not_clearance": true, "contact_permission_source": "APPROVED_TARGET_STACK_CONTACT_BEFORE_FREE_TRANSIT", "geometry_intersection_confirmed": true, "geometry_scope": "ACTUAL_PHYSX_COLLIDERS_NOT_ORIGINAL_CAD", "measured_contact_separation_m": -2.2351737243297976e-06, "numerical_gap_tolerance_m": 1e-09, "original_cad_intersection_confirmed": false, "pair": ["/Validation/Scene/carton_l07_c04", "/Validation/Scene/carton_l06_c04"], "pair_kind": "external", "policy_fingerprint": "91e8bebb851170e3620b5e2fc1bda49b5a72d1e62c8b3a3cd0dbed3c05d928e5", "query_method": "PHYSX_FINITE_CONTACT_POINT_SEPARATION", "required_pair_clearance_m": 0.005, "stage": "settling", "surface_distance_m": null, "time_s": 0.0}, {"accepted": true, "classification": "ALLOWED_STAGE_CONTACT", "contact_offset_is_not_clearance": true, "contact_permission_source": "APPROVED_TARGET_STACK_CONTACT_BEFORE_FREE_TRANSIT", "geometry_intersection_confirmed": false, "geometry_scope": "ACTUAL_PHYSX_COLLIDERS_NOT_ORIGINAL_CAD", "measured_contact_separation_m": 0.019015535712242126, "numerical_gap_tolerance_m": 1e-09, "original_cad_intersection_confirmed": false, "pair": ["/Validation/Scene/carton_l07_c04", "/Validation/Scene/carton_l06_c03"], "pair_kind": "external", "policy_fingerprint": "91e8bebb851170e3620b5e2fc1bda49b5a72d1e62c8b3a3cd0dbed3c05d928e5", "query_method": "PHYSX_FINITE_CONTACT_POINT_SEPARATION", "required_pair_clearance_m": 0.005, "stage": "settling", "surface_distance_m": 0.019015535712242126, "time_s": 0.0}, {"accepted": true, "classification": "ALLOWED_STAGE_CONTACT", "contact_offset_is_not_clearance": true, "contact_permission_source": "APPROVED_TARGET_STACK_CONTACT_BEFORE_FREE_TRANSIT", "geometry_intersection_confirmed": true, "geometry_scope": "ACTUAL_PHYSX_COLLIDERS_NOT_ORIGINAL_CAD", "measured_contact_separation_m": -1.654028437769739e-06, "numerical_gap_tolerance_m": 1e-09, "original_cad_intersection_confirmed": false, "pair": ["/Validation/Scene/carton_l07_c04", "/Validation/Scene/carton_l06_c04"], "pair_kind": "external", "policy_fingerprint": "91e8bebb851170e3620b5e2fc1bda49b5a72d1e62c8b3a3cd0dbed3c05d928e5", "query_method": "PHYSX_FINITE_CONTACT_POINT_SEPARATION", "required_pair_clearance_m": 0.005, "stage": "settling", "surface_distance_m": null, "time_s": 0.0}, {"accepted": true, "classification": "ALLOWED_STAGE_CONTACT", "contact_offset_is_not_clearance": true, "contact_permission_source": "APPROVED_TARGET_STACK_CONTACT_BEFORE_FREE_TRANSIT", "geometry_intersection_confirmed": false, "geometry_scope": "ACTUAL_PHYSX_COLLIDERS_NOT_ORIGINAL_CAD", "measured_contact_separation_m": 0.019018515944480896, "numerical_gap_tolerance_m": 1e-09, "original_cad_intersection_confirmed": false, "pair": ["/Validation/Scene/carton_l07_c04", "/Validation/Scene/carton_l06_c03"], "pair_kind": "external", "policy_fingerprint": "91e8bebb851170e3620b5e2fc1bda49b5a72d1e62c8b3a3cd0dbed3c05d928e5", "query_method": "PHYSX_FINITE_CONTACT_POINT_SEPARATION", "required_pair_clearance_m": 0.005, "stage": "settling", "surface_distance_m": 0.019018515944480896, "time_s": 0.0}, {"accepted": true, "classification": "ALLOWED_STAGE_CONTACT", "contact_offset_is_not_clearance": true, "contact_permission_source": "APPROVED_TARGET_STACK_CONTACT_BEFORE_FREE_TRANSIT", "geometry_intersection_confirmed": true, "geometry_scope": "ACTUAL_PHYSX_COLLIDERS_NOT_ORIGINAL_CAD", "measured_contact_separation_m": -3.576274423267023e-07, "numerical_gap_tolerance_m": 1e-09, "original_cad_intersection_confirmed": false, "pair": ["/Validation/Scene/carton_l07_c04", "/Validation/Scene/carton_l06_c04"], "pair_kind": "external", "policy_fingerprint": "91e8bebb851170e3620b5e2fc1bda49b5a72d1e62c8b3a3cd0dbed3c05d928e5", "query_method": "PHYSX_FINITE_CONTACT_POINT_SEPARATION", "required_pair_clearance_m": 0.005, "stage": "settling", "surface_distance_m": null, "time_s": 0.0}, {"accepted": true, "classification": "ALLOWED_STAGE_CONTACT", "contact_offset_is_not_clearance": true, "contact_permission_source": "APPROVED_TARGET_STACK_CONTACT_BEFORE_FREE_TRANSIT", "geometry_intersection_confirmed": false, "geometry_scope": "ACTUAL_PHYSX_COLLIDERS_NOT_ORIGINAL_CAD", "measured_contact_separation_m": 0.01901508867740631, "numerical_gap_tolerance_m": 1e-09, "original_cad_intersection_confirmed": false, "pair": ["/Validation/Scene/carton_l07_c04", "/Validation/Scene/carton_l06_c03"], "pair_kind": "external", "policy_fingerprint": "91e8bebb851170e3620b5e2fc1bda49b5a72d1e62c8b3a3cd0dbed3c05d928e5", "query_method": "PHYSX_FINITE_CONTACT_POINT_SEPARATION", "required_pair_clearance_m": 0.005, "stage": "settling", "surface_distance_m": 0.01901508867740631, "time_s": 0.0}, {"accepted": true, "classification": "ALLOWED_STAGE_CONTACT", "contact_offset_is_not_clearance": true, "contact_permission_source": "APPROVED_TARGET_STACK_CONTACT_BEFORE_FREE_TRANSIT", "geometry_intersection_confirmed": true, "geometry_scope": "ACTUAL_PHYSX_COLLIDERS_NOT_ORIGINAL_CAD", "measured_contact_separation_m": -1.7583364524398348e-06, "numerical_gap_tolerance_m": 1e-09, "original_cad_intersection_confirmed": false, "pair": ["/Validation/Scene/carton_l07_c04", "/Validation/Scene/carton_l06_c04"], "pair_kind": "external", "policy_fingerprint": "91e8bebb851170e3620b5e2fc1bda49b5a72d1e62c8b3a3cd0dbed3c05d928e5", "query_method": "PHYSX_FINITE_CONTACT_POINT_SEPARATION", "required_pair_clearance_m": 0.005, "stage": "settling", "surface_distance_m": null, "time_s": 0.0}, {"accepted": true, "classification": "ALLOWED_STAGE_CONTACT", "contact_offset_is_not_clearance": true, "contact_permission_source": "APPROVED_TARGET_STACK_CONTACT_BEFORE_FREE_TRANSIT", "geometry_intersection_confirmed": false, "geometry_scope": "ACTUAL_PHYSX_COLLIDERS_NOT_ORIGINAL_CAD", "measured_contact_separation_m": 0.019012197852134705, "numerical_gap_tolerance_m": 1e-09, "original_cad_intersection_confirmed": false, "pair": ["/Validation/Scene/carton_l07_c04", "/Validation/Scene/carton_l06_c03"], "pair_kind": "external", "policy_fingerprint": "91e8bebb851170e3620b5e2fc1bda49b5a72d1e62c8b3a3cd0dbed3c05d928e5", "query_method": "PHYSX_FINITE_CONTACT_POINT_SEPARATION", "required_pair_clearance_m": 0.005, "stage": "settling", "surface_distance_m": 0.019012197852134705, "time_s": 0.0}, {"accepted": true, "classification": "ALLOWED_STAGE_CONTACT", "contact_offset_is_not_clearance": true, "contact_permission_source": "APPROVED_TARGET_STACK_CONTACT_BEFORE_FREE_TRANSIT", "geometry_intersection_confirmed": true, "geometry_scope": "ACTUAL_PHYSX_COLLIDERS_NOT_ORIGINAL_CAD", "measured_contact_separation_m": -6.258487132981827e-07, "numerical_gap_tolerance_m": 1e-09, "original_cad_intersection_confirmed": false, "pair": ["/Validation/Scene/carton_l07_c04", "/Validation/Scene/carton_l06_c04"], "pair_kind": "external", "policy_fingerprint": "91e8bebb851170e3620b5e2fc1bda49b5a72d1e62c8b3a3cd0dbed3c05d928e5", "query_method": "PHYSX_FINITE_CONTACT_POINT_SEPARATION", "required_pair_clearance_m": 0.005, "stage": "settling", "surface_distance_m": null, "time_s": 0.0}, {"accepted": true, "classification": "ALLOWED_STAGE_CONTACT", "contact_offset_is_not_clearance": true, "contact_permission_source": "APPROVED_TARGET_STACK_CONTACT_BEFORE_FREE_TRANSIT", "geometry_intersection_confirmed": false, "geometry_scope": "ACTUAL_PHYSX_COLLIDERS_NOT_ORIGINAL_CAD", "measured_contact_separation_m": 0.019007012248039246, "numerical_gap_tolerance_m": 1e-09, "original_cad_intersection_confirmed": false, "pair": ["/Validation/Scene/carton_l07_c04", "/Validation/Scene/carton_l06_c03"], "pair_kind": "external", "policy_fingerprint": "91e8bebb851170e3620b5e2fc1bda49b5a72d1e62c8b3a3cd0dbed3c05d928e5", "query_method": "PHYSX_FINITE_CONTACT_POINT_SEPARATION", "required_pair_clearance_m": 0.005, "stage": "settling", "surface_distance_m": 0.019007012248039246, "time_s": 0.0}, {"accepted": true, "classification": "ALLOWED_STAGE_CONTACT", "contact_offset_is_not_clearance": true, "contact_permission_source": "APPROVED_TARGET_STACK_CONTACT_BEFORE_FREE_TRANSIT", "geometry_intersection_confirmed": true, "geometry_scope": "ACTUAL_PHYSX_COLLIDERS_NOT_ORIGINAL_CAD", "measured_contact_separation_m": -2.0861618850176455e-06, "numerical_gap_tolerance_m": 1e-09, "original_cad_intersection_confirmed": false, "pair": ["/Validation/Scene/carton_l07_c04", "/Validation/Scene/carton_l06_c04"], "pair_kind": "external", "policy_fingerprint": "91e8bebb851170e3620b5e2fc1bda49b5a72d1e62c8b3a3cd0dbed3c05d928e5", "query_method": "PHYSX_FINITE_CONTACT_POINT_SEPARATION", "required_pair_clearance_m": 0.005, "stage": "settling", "surface_distance_m": null, "time_s": 0.0}, {"accepted": true, "classification": "ALLOWED_STAGE_CONTACT", "contact_offset_is_not_clearance": true, "contact_permission_source": "APPROVED_TARGET_STACK_CONTACT_BEFORE_FREE_TRANSIT", "geometry_intersection_confirmed": false, "geometry_scope": "ACTUAL_PHYSX_COLLIDERS_NOT_ORIGINAL_CAD", "measured_contact_separation_m": 0.019007012248039246, "numerical_gap_tolerance_m": 1e-09, "original_cad_intersection_confirmed": false, "pair": ["/Validation/Scene/carton_l07_c04", "/Validation/Scene/carton_l06_c03"], "pair_kind": "external", "policy_fingerprint": "91e8bebb851170e3620b5e2fc1bda49b5a72d1e62c8b3a3cd0dbed3c05d928e5", "query_method": "PHYSX_FINITE_CONTACT_POINT_SEPARATION", "required_pair_clearance_m": 0.005, "stage": "settling", "surface_distance_m": 0.019007012248039246, "time_s": 0.0}, {"accepted": true, "classification": "ALLOWED_STAGE_CONTACT", "contact_offset_is_not_clearance": true, "contact_permission_source": "APPROVED_TARGET_STACK_CONTACT_BEFORE_FREE_TRANSIT", "geometry_intersection_confirmed": true, "geometry_scope": "ACTUAL_PHYSX_COLLIDERS_NOT_ORIGINAL_CAD", "measured_contact_separation_m": -1.1026855872842134e-06, "numerical_gap_tolerance_m": 1e-09, "original_cad_intersection_confirmed": false, "pair": ["/Validation/Scene/carton_l07_c04", "/Validation/Scene/carton_l06_c04"], "pair_kind": "external", "policy_fingerprint": "91e8bebb851170e3620b5e2fc1bda49b5a72d1e62c8b3a3cd0dbed3c05d928e5", "query_method": "PHYSX_FINITE_CONTACT_POINT_SEPARATION", "required_pair_clearance_m": 0.005, "stage": "settling", "surface_distance_m": null, "time_s": 0.0}, {"accepted": true, "classification": "ALLOWED_STAGE_CONTACT", "contact_offset_is_not_clearance": true, "contact_permission_source": "APPROVED_TARGET_STACK_CONTACT_BEFORE_FREE_TRANSIT", "geometry_intersection_confirmed": false, "geometry_scope": "ACTUAL_PHYSX_COLLIDERS_NOT_ORIGINAL_CAD", "measured_contact_separation_m": 0.019010916352272034, "numerical_gap_tolerance_m": 1e-09, "original_cad_intersection_confirmed": false, "pair": ["/Validation/Scene/carton_l07_c04", "/Validation/Scene/carton_l06_c03"], "pair_kind": "external", "policy_fingerprint": "91e8bebb851170e3620b5e2fc1bda49b5a72d1e62c8b3a3cd0dbed3c05d928e5", "query_method": "PHYSX_FINITE_CONTACT_POINT_SEPARATION", "required_pair_clearance_m": 0.005, "stage": "settling", "surface_distance_m": 0.019010916352272034, "time_s": 0.0}, {"accepted": true, "classification": "ALLOWED_STAGE_CONTACT", "contact_offset_is_not_clearance": true, "contact_permission_source": "APPROVED_TARGET_STACK_CONTACT_BEFORE_FREE_TRANSIT", "geometry_intersection_confirmed": true, "geometry_scope": "ACTUAL_PHYSX_COLLIDERS_NOT_ORIGINAL_CAD", "measured_contact_separation_m": -9.983775726141175e-07, "numerical_gap_tolerance_m": 1e-09, "original_cad_intersection_confirmed": false, "pair": ["/Validation/Scene/carton_l07_c04", "/Validation/Scene/carton_l06_c04"], "pair_kind": "external", "policy_fingerprint": "91e8bebb851170e3620b5e2fc1bda49b5a72d1e62c8b3a3cd0dbed3c05d928e5", "query_method": "PHYSX_FINITE_CONTACT_POINT_SEPARATION", "required_pair_clearance_m": 0.005, "stage": "settling", "surface_distance_m": null, "time_s": 0.0}, {"accepted": true, "classification": "ALLOWED_STAGE_CONTACT", "contact_offset_is_not_clearance": true, "contact_permission_source": "APPROVED_TARGET_STACK_CONTACT_BEFORE_FREE_TRANSIT", "geometry_intersection_confirmed": false, "geometry_scope": "ACTUAL_PHYSX_COLLIDERS_NOT_ORIGINAL_CAD", "measured_contact_separation_m": 0.01901787519454956, "numerical_gap_tolerance_m": 1e-09, "original_cad_intersection_confirmed": false, "pair": ["/Validation/Scene/carton_l07_c04", "/Validation/Scene/carton_l06_c03"], "pair_kind": "external", "policy_fingerprint": "91e8bebb851170e3620b5e2fc1bda49b5a72d1e62c8b3a3cd0dbed3c05d928e5", "query_method": "PHYSX_FINITE_CONTACT_POINT_SEPARATION", "required_pair_clearance_m": 0.005, "stage": "settling", "surface_distance_m": 0.01901787519454956, "time_s": 0.0}, {"accepted": true, "classification": "ALLOWED_STAGE_CONTACT", "contact_offset_is_not_clearance": true, "contact_permission_source": "APPROVED_TARGET_STACK_CONTACT_BEFORE_FREE_TRANSIT", "geometry_intersection_confirmed": true, "geometry_scope": "ACTUAL_PHYSX_COLLIDERS_NOT_ORIGINAL_CAD", "measured_contact_separation_m": -1.7434352912459872e-06, "numerical_gap_tolerance_m": 1e-09, "original_cad_intersection_confirmed": false, "pair": ["/Validation/Scene/carton_l07_c04", "/Validation/Scene/carton_l06_c04"], "pair_kind": "external", "policy_fingerprint": "91e8bebb851170e3620b5e2fc1bda49b5a72d1e62c8b3a3cd0dbed3c05d928e5", "query_method": "PHYSX_FINITE_CONTACT_POINT_SEPARATION", "required_pair_clearance_m": 0.005, "stage": "settling", "surface_distance_m": null, "time_s": 0.0}, {"accepted": true, "classification": "ALLOWED_STAGE_CONTACT", "contact_offset_is_not_clearance": true, "contact_permission_source": "APPROVED_TARGET_STACK_CONTACT_BEFORE_FREE_TRANSIT", "geometry_intersection_confirmed": false, "geometry_scope": "ACTUAL_PHYSX_COLLIDERS_NOT_ORIGINAL_CAD", "measured_contact_separation_m": 0.019020020961761475, "numerical_gap_tolerance_m": 1e-09, "original_cad_intersection_confirmed": false, "pair": ["/Validation/Scene/carton_l07_c04", "/Validation/Scene/carton_l06_c03"], "pair_kind": "external", "policy_fingerprint": "91e8bebb851170e3620b5e2fc1bda49b5a72d1e62c8b3a3cd0dbed3c05d928e5", "query_method": "PHYSX_FINITE_CONTACT_POINT_SEPARATION", "required_pair_clearance_m": 0.005, "stage": "settling", "surface_distance_m": 0.019020020961761475, "time_s": 0.0}, {"accepted": true, "classification": "ALLOWED_STAGE_CONTACT", "contact_offset_is_not_clearance": true, "contact_permission_source": "APPROVED_TARGET_STACK_CONTACT_BEFORE_FREE_TRANSIT", "geometry_intersection_confirmed": true, "geometry_scope": "ACTUAL_PHYSX_COLLIDERS_NOT_ORIGINAL_CAD", "measured_contact_separation_m": -1.3411031432042364e-06, "numerical_gap_tolerance_m": 1e-09, "original_cad_intersection_confirmed": false, "pair": ["/Validation/Scene/carton_l07_c04", "/Validation/Scene/carton_l06_c04"], "pair_kind": "external", "policy_fingerprint": "91e8bebb851170e3620b5e2fc1bda49b5a72d1e62c8b3a3cd0dbed3c05d928e5", "query_method": "PHYSX_FINITE_CONTACT_POINT_SEPARATION", "required_pair_clearance_m": 0.005, "stage": "settling", "surface_distance_m": null, "time_s": 0.0}, {"accepted": true, "classification": "ALLOWED_STAGE_CONTACT", "contact_offset_is_not_clearance": true, "contact_permission_source": "APPROVED_TARGET_STACK_CONTACT_BEFORE_FREE_TRANSIT", "geometry_intersection_confirmed": false, "geometry_scope": "ACTUAL_PHYSX_COLLIDERS_NOT_ORIGINAL_CAD", "measured_contact_separation_m": 0.019017428159713745, "numerical_gap_tolerance_m": 1e-09, "original_cad_intersection_confirmed": false, "pair": ["/Validation/Scene/carton_l07_c04", "/Validation/Scene/carton_l06_c03"], "pair_kind": "external", "policy_fingerprint": "91e8bebb851170e3620b5e2fc1bda49b5a72d1e62c8b3a3cd0dbed3c05d928e5", "query_method": "PHYSX_FINITE_CONTACT_POINT_SEPARATION", "required_pair_clearance_m": 0.005, "stage": "settling", "surface_distance_m": 0.019017428159713745, "time_s": 0.0}, {"accepted": true, "classification": "ALLOWED_STAGE_CONTACT", "contact_offset_is_not_clearance": true, "contact_permission_source": "APPROVED_TARGET_STACK_CONTACT_BEFORE_FREE_TRANSIT", "geometry_intersection_confirmed": true, "geometry_scope": "ACTUAL_PHYSX_COLLIDERS_NOT_ORIGINAL_CAD", "measured_contact_separation_m": -1.236796606463031e-06, "numerical_gap_tolerance_m": 1e-09, "original_cad_intersection_confirmed": false, "pair": ["/Validation/Scene/carton_l07_c04", "/Validation/Scene/carton_l06_c04"], "pair_kind": "external", "policy_fingerprint": "91e8bebb851170e3620b5e2fc1bda49b5a72d1e62c8b3a3cd0dbed3c05d928e5", "query_method": "PHYSX_FINITE_CONTACT_POINT_SEPARATION", "required_pair_clearance_m": 0.005, "stage": "settling", "surface_distance_m": null, "time_s": 0.0}, {"accepted": true, "classification": "ALLOWED_STAGE_CONTACT", "contact_offset_is_not_clearance": true, "contact_permission_source": "APPROVED_TARGET_STACK_CONTACT_BEFORE_FREE_TRANSIT", "geometry_intersection_confirmed": false, "geometry_scope": "ACTUAL_PHYSX_COLLIDERS_NOT_ORIGINAL_CAD", "measured_contact_separation_m": 0.019010335206985474, "numerical_gap_tolerance_m": 1e-09, "original_cad_intersection_confirmed": false, "pair": ["/Validation/Scene/carton_l07_c04", "/Validation/Scene/carton_l06_c03"], "pair_kind": "external", "policy_fingerprint": "91e8bebb851170e3620b5e2fc1bda49b5a72d1e62c8b3a3cd0dbed3c05d928e5", "query_method": "PHYSX_FINITE_CONTACT_POINT_SEPARATION", "required_pair_clearance_m": 0.005, "stage": "settling", "surface_distance_m": 0.019010335206985474, "time_s": 0.0}, {"accepted": true, "classification": "ALLOWED_STAGE_CONTACT", "contact_offset_is_not_clearance": true, "contact_permission_source": "APPROVED_TARGET_STACK_CONTACT_BEFORE_FREE_TRANSIT", "geometry_intersection_confirmed": true, "geometry_scope": "ACTUAL_PHYSX_COLLIDERS_NOT_ORIGINAL_CAD", "measured_contact_separation_m": -1.1473881613710546e-06, "numerical_gap_tolerance_m": 1e-09, "original_cad_intersection_confirmed": false, "pair": ["/Validation/Scene/carton_l07_c04", "/Validation/Scene/carton_l06_c04"], "pair_kind": "external", "policy_fingerprint": "91e8bebb851170e3620b5e2fc1bda49b5a72d1e62c8b3a3cd0dbed3c05d928e5", "query_method": "PHYSX_FINITE_CONTACT_POINT_SEPARATION", "required_pair_clearance_m": 0.005, "stage": "settling", "surface_distance_m": null, "time_s": 0.0}, {"accepted": true, "classification": "ALLOWED_STAGE_CONTACT", "contact_offset_is_not_clearance": true, "contact_permission_source": "APPROVED_TARGET_STACK_CONTACT_BEFORE_FREE_TRANSIT", "geometry_intersection_confirmed": false, "geometry_scope": "ACTUAL_PHYSX_COLLIDERS_NOT_ORIGINAL_CAD", "measured_contact_separation_m": 0.019007518887519836, "numerical_gap_tolerance_m": 1e-09, "original_cad_intersection_confirmed": false, "pair": ["/Validation/Scene/carton_l07_c04", "/Validation/Scene/carton_l06_c03"], "pair_kind": "external", "policy_fingerprint": "91e8bebb851170e3620b5e2fc1bda49b5a72d1e62c8b3a3cd0dbed3c05d928e5", "query_method": "PHYSX_FINITE_CONTACT_POINT_SEPARATION", "required_pair_clearance_m": 0.005, "stage": "settling", "surface_distance_m": 0.019007518887519836, "time_s": 0.0}, {"accepted": true, "classification": "ALLOWED_STAGE_CONTACT", "contact_offset_is_not_clearance": true, "contact_permission_source": "APPROVED_TARGET_STACK_CONTACT_BEFORE_FREE_TRANSIT", "geometry_intersection_confirmed": true, "geometry_scope": "ACTUAL_PHYSX_COLLIDERS_NOT_ORIGINAL_CAD", "measured_contact_separation_m": -1.6689288031557226e-06, "numerical_gap_tolerance_m": 1e-09, "original_cad_intersection_confirmed": false, "pair": ["/Validation/Scene/carton_l07_c04", "/Validation/Scene/carton_l06_c04"], "pair_kind": "external", "policy_fingerprint": "91e8bebb851170e3620b5e2fc1bda49b5a72d1e62c8b3a3cd0dbed3c05d928e5", "query_method": "PHYSX_FINITE_CONTACT_POINT_SEPARATION", "required_pair_clearance_m": 0.005, "stage": "settling", "surface_distance_m": null, "time_s": 0.0}, {"accepted": true, "classification": "ALLOWED_STAGE_CONTACT", "contact_offset_is_not_clearance": true, "contact_permission_source": "APPROVED_TARGET_STACK_CONTACT_BEFORE_FREE_TRANSIT", "geometry_intersection_confirmed": false, "geometry_scope": "ACTUAL_PHYSX_COLLIDERS_NOT_ORIGINAL_CAD", "measured_contact_separation_m": 0.01900625228881836, "numerical_gap_tolerance_m": 1e-09, "original_cad_intersection_confirmed": false, "pair": ["/Validation/Scene/carton_l07_c04", "/Validation/Scene/carton_l06_c03"], "pair_kind": "external", "policy_fingerprint": "91e8bebb851170e3620b5e2fc1bda49b5a72d1e62c8b3a3cd0dbed3c05d928e5", "query_method": "PHYSX_FINITE_CONTACT_POINT_SEPARATION", "required_pair_clearance_m": 0.005, "stage": "settling", "surface_distance_m": 0.01900625228881836, "time_s": 0.0}, {"accepted": true, "classification": "ALLOWED_STAGE_CONTACT", "contact_offset_is_not_clearance": true, "contact_permission_source": "APPROVED_TARGET_STACK_CONTACT_BEFORE_FREE_TRANSIT", "geometry_intersection_confirmed": true, "geometry_scope": "ACTUAL_PHYSX_COLLIDERS_NOT_ORIGINAL_CAD", "measured_contact_separation_m": -1.0132789611816406e-06, "numerical_gap_tolerance_m": 1e-09, "original_cad_intersection_confirmed": false, "pair": ["/Validation/Scene/carton_l07_c04", "/Validation/Scene/carton_l06_c04"], "pair_kind": "external", "policy_fingerprint": "91e8bebb851170e3620b5e2fc1bda49b5a72d1e62c8b3a3cd0dbed3c05d928e5", "query_method": "PHYSX_FINITE_CONTACT_POINT_SEPARATION", "required_pair_clearance_m": 0.005, "stage": "settling", "surface_distance_m": null, "time_s": 0.0}, {"accepted": true, "classification": "ALLOWED_STAGE_CONTACT", "contact_offset_is_not_clearance": true, "contact_permission_source": "APPROVED_TARGET_STACK_CONTACT_BEFORE_FREE_TRANSIT", "geometry_intersection_confirmed": false, "geometry_scope": "ACTUAL_PHYSX_COLLIDERS_NOT_ORIGINAL_CAD", "measured_contact_separation_m": 0.019012734293937683, "numerical_gap_tolerance_m": 1e-09, "original_cad_intersection_confirmed": false, "pair": ["/Validation/Scene/carton_l07_c04", "/Validation/Scene/carton_l06_c03"], "pair_kind": "external", "policy_fingerprint": "91e8bebb851170e3620b5e2fc1bda49b5a72d1e62c8b3a3cd0dbed3c05d928e5", "query_method": "PHYSX_FINITE_CONTACT_POINT_SEPARATION", "required_pair_clearance_m": 0.005, "stage": "settling", "surface_distance_m": 0.019012734293937683, "time_s": 0.0}, {"accepted": true, "classification": "ALLOWED_STAGE_CONTACT", "contact_offset_is_not_clearance": true, "contact_permission_source": "APPROVED_TARGET_STACK_CONTACT_BEFORE_FREE_TRANSIT", "geometry_intersection_confirmed": true, "geometry_scope": "ACTUAL_PHYSX_COLLIDERS_NOT_ORIGINAL_CAD", "measured_contact_separation_m": -1.1920927818209748e-06, "numerical_gap_tolerance_m": 1e-09, "original_cad_intersection_confirmed": false, "pair": ["/Validation/Scene/carton_l07_c04", "/Validation/Scene/carton_l06_c04"], "pair_kind": "external", "policy_fingerprint": "91e8bebb851170e3620b5e2fc1bda49b5a72d1e62c8b3a3cd0dbed3c05d928e5", "query_method": "PHYSX_FINITE_CONTACT_POINT_SEPARATION", "required_pair_clearance_m": 0.005, "stage": "settling", "surface_distance_m": null, "time_s": 0.0}, {"accepted": true, "classification": "ALLOWED_STAGE_CONTACT", "contact_offset_is_not_clearance": true, "contact_permission_source": "APPROVED_TARGET_STACK_CONTACT_BEFORE_FREE_TRANSIT", "geometry_intersection_confirmed": false, "geometry_scope": "ACTUAL_PHYSX_COLLIDERS_NOT_ORIGINAL_CAD", "measured_contact_separation_m": 0.01901647448539734, "numerical_gap_tolerance_m": 1e-09, "original_cad_intersection_confirmed": false, "pair": ["/Validation/Scene/carton_l07_c04", "/Validation/Scene/carton_l06_c03"], "pair_kind": "external", "policy_fingerprint": "91e8bebb851170e3620b5e2fc1bda49b5a72d1e62c8b3a3cd0dbed3c05d928e5", "query_method": "PHYSX_FINITE_CONTACT_POINT_SEPARATION", "required_pair_clearance_m": 0.005, "stage": "settling", "surface_distance_m": 0.01901647448539734, "time_s": 0.0}, {"accepted": true, "classification": "ALLOWED_STAGE_CONTACT", "contact_offset_is_not_clearance": true, "contact_permission_source": "APPROVED_TARGET_STACK_CONTACT_BEFORE_FREE_TRANSIT", "geometry_intersection_confirmed": true, "geometry_scope": "ACTUAL_PHYSX_COLLIDERS_NOT_ORIGINAL_CAD", "measured_contact_separation_m": -6.40748794467072e-07, "numerical_gap_tolerance_m": 1e-09, "original_cad_intersection_confirmed": false, "pair": ["/Validation/Scene/carton_l07_c04", "/Validation/Scene/carton_l06_c04"], "pair_kind": "external", "policy_fingerprint": "91e8bebb851170e3620b5e2fc1bda49b5a72d1e62c8b3a3cd0dbed3c05d928e5", "query_method": "PHYSX_FINITE_CONTACT_POINT_SEPARATION", "required_pair_clearance_m": 0.005, "stage": "settling", "surface_distance_m": null, "time_s": 0.0}, {"accepted": true, "classification": "ALLOWED_STAGE_CONTACT", "contact_offset_is_not_clearance": true, "contact_permission_source": "APPROVED_TARGET_STACK_CONTACT_BEFORE_FREE_TRANSIT", "geometry_intersection_confirmed": false, "geometry_scope": "ACTUAL_PHYSX_COLLIDERS_NOT_ORIGINAL_CAD", "measured_contact_separation_m": 0.01901911199092865, "numerical_gap_tolerance_m": 1e-09, "original_cad_intersection_confirmed": false, "pair": ["/Validation/Scene/carton_l07_c04", "/Validation/Scene/carton_l06_c03"], "pair_kind": "external", "policy_fingerprint": "91e8bebb851170e3620b5e2fc1bda49b5a72d1e62c8b3a3cd0dbed3c05d928e5", "query_method": "PHYSX_FINITE_CONTACT_POINT_SEPARATION", "required_pair_clearance_m": 0.005, "stage": "settling", "surface_distance_m": 0.01901911199092865, "time_s": 0.0}, {"accepted": true, "classification": "ALLOWED_STAGE_CONTACT", "contact_offset_is_not_clearance": true, "contact_permission_source": "APPROVED_TARGET_STACK_CONTACT_BEFORE_FREE_TRANSIT", "geometry_intersection_confirmed": true, "geometry_scope": "ACTUAL_PHYSX_COLLIDERS_NOT_ORIGINAL_CAD", "measured_contact_separation_m": -7.59958595608623e-07, "numerical_gap_tolerance_m": 1e-09, "original_cad_intersection_confirmed": false, "pair": ["/Validation/Scene/carton_l07_c04", "/Validation/Scene/carton_l06_c04"], "pair_kind": "external", "policy_fingerprint": "91e8bebb851170e3620b5e2fc1bda49b5a72d1e62c8b3a3cd0dbed3c05d928e5", "query_method": "PHYSX_FINITE_CONTACT_POINT_SEPARATION", "required_pair_clearance_m": 0.005, "stage": "settling", "surface_distance_m": null, "time_s": 0.0}, {"accepted": true, "classification": "ALLOWED_STAGE_CONTACT", "contact_offset_is_not_clearance": true, "contact_permission_source": "APPROVED_TARGET_STACK_CONTACT_BEFORE_FREE_TRANSIT", "geometry_intersection_confirmed": false, "geometry_scope": "ACTUAL_PHYSX_COLLIDERS_NOT_ORIGINAL_CAD", "measured_contact_separation_m": 0.01901470124721527, "numerical_gap_tolerance_m": 1e-09, "original_cad_intersection_confirmed": false, "pair": ["/Validation/Scene/carton_l07_c04", "/Validation/Scene/carton_l06_c03"], "pair_kind": "external", "policy_fingerprint": "91e8bebb851170e3620b5e2fc1bda49b5a72d1e62c8b3a3cd0dbed3c05d928e5", "query_method": "PHYSX_FINITE_CONTACT_POINT_SEPARATION", "required_pair_clearance_m": 0.005, "stage": "settling", "surface_distance_m": 0.01901470124721527, "time_s": 0.0}, {"accepted": true, "classification": "ALLOWED_STAGE_CONTACT", "contact_offset_is_not_clearance": true, "contact_permission_source": "APPROVED_TARGET_STACK_CONTACT_BEFORE_FREE_TRANSIT", "geometry_intersection_confirmed": true, "geometry_scope": "ACTUAL_PHYSX_COLLIDERS_NOT_ORIGINAL_CAD", "measured_contact_separation_m": -2.682208332771552e-06, "numerical_gap_tolerance_m": 1e-09, "original_cad_intersection_confirmed": false, "pair": ["/Validation/Scene/carton_l07_c04", "/Validation/Scene/carton_l06_c04"], "pair_kind": "external", "policy_fingerprint": "91e8bebb851170e3620b5e2fc1bda49b5a72d1e62c8b3a3cd0dbed3c05d928e5", "query_method": "PHYSX_FINITE_CONTACT_POINT_SEPARATION", "required_pair_clearance_m": 0.005, "stage": "settling", "surface_distance_m": null, "time_s": 0.0}, {"accepted": true, "classification": "ALLOWED_STAGE_CONTACT", "contact_offset_is_not_clearance": true, "contact_permission_source": "APPROVED_TARGET_STACK_CONTACT_BEFORE_FREE_TRANSIT", "geometry_intersection_confirmed": false, "geometry_scope": "ACTUAL_PHYSX_COLLIDERS_NOT_ORIGINAL_CAD", "measured_contact_separation_m": 0.019012629985809326, "numerical_gap_tolerance_m": 1e-09, "original_cad_intersection_confirmed": false, "pair": ["/Validation/Scene/carton_l07_c04", "/Validation/Scene/carton_l06_c03"], "pair_kind": "external", "policy_fingerprint": "91e8bebb851170e3620b5e2fc1bda49b5a72d1e62c8b3a3cd0dbed3c05d928e5", "query_method": "PHYSX_FINITE_CONTACT_POINT_SEPARATION", "required_pair_clearance_m": 0.005, "stage": "settling", "surface_distance_m": 0.019012629985809326, "time_s": 0.0}, {"accepted": true, "classification": "ALLOWED_STAGE_CONTACT", "contact_offset_is_not_clearance": true, "contact_permission_source": "APPROVED_TARGET_STACK_CONTACT_BEFORE_FREE_TRANSIT", "geometry_intersection_confirmed": true, "geometry_scope": "ACTUAL_PHYSX_COLLIDERS_NOT_ORIGINAL_CAD", "measured_contact_separation_m": -1.1622900046859286e-06, "numerical_gap_tolerance_m": 1e-09, "original_cad_intersection_confirmed": false, "pair": ["/Validation/Scene/carton_l07_c04", "/Validation/Scene/carton_l06_c04"], "pair_kind": "external", "policy_fingerprint": "91e8bebb851170e3620b5e2fc1bda49b5a72d1e62c8b3a3cd0dbed3c05d928e5", "query_method": "PHYSX_FINITE_CONTACT_POINT_SEPARATION", "required_pair_clearance_m": 0.005, "stage": "settling", "surface_distance_m": null, "time_s": 0.0}, {"accepted": true, "classification": "ALLOWED_STAGE_CONTACT", "contact_offset_is_not_clearance": true, "contact_permission_source": "IGNORED_COMPLIANT_CUP_NEIGHBOR_CONTACT", "geometry_intersection_confirmed": false, "geometry_scope": "ACTUAL_PHYSX_COLLIDERS_NOT_ORIGINAL_CAD", "measured_contact_separation_m": 0.019628264009952545, "numerical_gap_tolerance_m": 1e-09, "original_cad_intersection_confirmed": false, "pair": ["/fanuc_m710id_70/Geometry/world/base_link/J1_link/J2_link/J3_link/J4_link/J5_link/J6_link/CupCompressedCollision_00", "/Validation/Scene/carton_l06_c02"], "pair_kind": "external", "policy_fingerprint": "91e8bebb851170e3620b5e2fc1bda49b5a72d1e62c8b3a3cd0dbed3c05d928e5", "query_method": "PHYSX_FINITE_CONTACT_POINT_SEPARATION", "required_pair_clearance_m": 0.005, "stage": "pregrasp", "surface_distance_m": 0.019628264009952545, "time_s": 10.6}, {"accepted": true, "classification": "ALLOWED_STAGE_CONTACT", "contact_offset_is_not_clearance": true, "contact_permission_source": "IGNORED_COMPLIANT_CUP_NEIGHBOR_CONTACT", "geometry_intersection_confirmed": false, "geometry_scope": "ACTUAL_PHYSX_COLLIDERS_NOT_ORIGINAL_CAD", "measured_contact_separation_m": 0.019202418625354767, "numerical_gap_tolerance_m": 1e-09, "original_cad_intersection_confirmed": false, "pair": ["/fanuc_m710id_70/Geometry/world/base_link/J1_link/J2_link/J3_link/J4_link/J5_link/J6_link/CupCompressedCollision_00", "/Validation/Scene/carton_l06_c02"], "pair_kind": "external", "policy_fingerprint": "91e8bebb851170e3620b5e2fc1bda49b5a72d1e62c8b3a3cd0dbed3c05d928e5", "query_method": "PHYSX_FINITE_CONTACT_POINT_SEPARATION", "required_pair_clearance_m": 0.005, "stage": "pregrasp", "surface_distance_m": 0.019202418625354767, "time_s": 10.604166666666666}, {"accepted": true, "classification": "ALLOWED_STAGE_CONTACT", "contact_offset_is_not_clearance": true, "contact_permission_source": "IGNORED_COMPLIANT_CUP_NEIGHBOR_CONTACT", "geometry_intersection_confirmed": false, "geometry_scope": "ACTUAL_PHYSX_COLLIDERS_NOT_ORIGINAL_CAD", "measured_contact_separation_m": 0.018766138702630997, "numerical_gap_tolerance_m": 1e-09, "original_cad_intersection_confirmed": false, "pair": ["/fanuc_m710id_70/Geometry/world/base_link/J1_link/J2_link/J3_link/J4_link/J5_link/J6_link/CupCompressedCollision_00", "/Validation/Scene/carton_l06_c02"], "pair_kind": "external", "policy_fingerprint": "91e8bebb851170e3620b5e2fc1bda49b5a72d1e62c8b3a3cd0dbed3c05d928e5", "query_method": "PHYSX_FINITE_CONTACT_POINT_SEPARATION", "required_pair_clearance_m": 0.005, "stage": "pregrasp", "surface_distance_m": 0.018766138702630997, "time_s": 10.608333333333333}, {"accepted": true, "classification": "ALLOWED_STAGE_CONTACT", "contact_offset_is_not_clearance": true, "contact_permission_source": "IGNORED_COMPLIANT_CUP_NEIGHBOR_CONTACT", "geometry_intersection_confirmed": false, "geometry_scope": "ACTUAL_PHYSX_COLLIDERS_NOT_ORIGINAL_CAD", "measured_contact_separation_m": 0.01830252818763256, "numerical_gap_tolerance_m": 1e-09, "original_cad_intersection_confirmed": false, "pair": ["/fanuc_m710id_70/Geometry/world/base_link/J1_link/J2_link/J3_link/J4_link/J5_link/J6_link/CupCompressedCollision_00", "/Validation/Scene/carton_l06_c02"], "pair_kind": "external", "policy_fingerprint": "91e8bebb851170e3620b5e2fc1bda49b5a72d1e62c8b3a3cd0dbed3c05d928e5", "query_method": "PHYSX_FINITE_CONTACT_POINT_SEPARATION", "required_pair_clearance_m": 0.005, "stage": "pregrasp", "surface_distance_m": 0.01830252818763256, "time_s": 10.612499999999999}, {"accepted": true, "classification": "ALLOWED_STAGE_CONTACT", "contact_offset_is_not_clearance": true, "contact_permission_source": "IGNORED_COMPLIANT_CUP_NEIGHBOR_CONTACT", "geometry_intersection_confirmed": false, "geometry_scope": "ACTUAL_PHYSX_COLLIDERS_NOT_ORIGINAL_CAD", "measured_contact_separation_m": 0.01782713085412979, "numerical_gap_tolerance_m": 1e-09, "original_cad_intersection_confirmed": false, "pair": ["/fanuc_m710id_70/Geometry/world/base_link/J1_link/J2_link/J3_link/J4_link/J5_link/J6_link/CupCompressedCollision_00", "/Validation/Scene/carton_l06_c02"], "pair_kind": "external", "policy_fingerprint": "91e8bebb851170e3620b5e2fc1bda49b5a72d1e62c8b3a3cd0dbed3c05d928e5", "query_method": "PHYSX_FINITE_CONTACT_POINT_SEPARATION", "required_pair_clearance_m": 0.005, "stage": "pregrasp", "surface_distance_m": 0.01782713085412979, "time_s": 10.616666666666667}, {"accepted": true, "classification": "ALLOWED_STAGE_CONTACT", "contact_offset_is_not_clearance": true, "contact_permission_source": "IGNORED_COMPLIANT_CUP_NEIGHBOR_CONTACT", "geometry_intersection_confirmed": false, "geometry_scope": "ACTUAL_PHYSX_COLLIDERS_NOT_ORIGINAL_CAD", "measured_contact_separation_m": 0.017372705042362213, "numerical_gap_tolerance_m": 1e-09, "original_cad_intersection_confirmed": false, "pair": ["/fanuc_m710id_70/Geometry/world/base_link/J1_link/J2_link/J3_link/J4_link/J5_link/J6_link/CupCompressedCollision_00", "/Validation/Scene/carton_l06_c02"], "pair_kind": "external", "policy_fingerprint": "91e8bebb851170e3620b5e2fc1bda49b5a72d1e62c8b3a3cd0dbed3c05d928e5", "query_method": "PHYSX_FINITE_CONTACT_POINT_SEPARATION", "required_pair_clearance_m": 0.005, "stage": "pregrasp", "surface_distance_m": 0.017372705042362213, "time_s": 10.620833333333334}], "poc_pair_query_record_scope": "FIRST_200_CLASSIFICATIONS_PLUS_ALL_REJECTIONS_NOT_EVENT_COUNTS", "post_landing_transport": {"actual_received_ids": [], "events": [{"actual_release_height_m": 0.02488690108224123, "carton_id": "carton_l07_c04", "disabled_collider_paths": ["/Validation/Scene/carton_l07_c04"], "event": "IDEAL_RECEPTION_ACCEPTED", "first_takeover_height_m": 0.02275645652344549, "model": "SAME_BODY_BOUNDED_IDEAL_RECEPTION", "release_height_m": 0.02488690108224123, "release_height_semantics": "ACTUAL_PRE_REMOVAL_LOWEST_CORNER_HEIGHT", "source": "RECEPTION_ASSUMED", "takeover_pose_world": [[-9.195770766412537e-06, -0.00019607972343992425, 0.9999999807340897, -0.35992926359176636], [7.913129643389598e-05, 0.9999999776453472, 0.00019608045050756095, -0.6100643277168274], [-0.9999999968268377, 7.91330980202342e-05, -9.180254518126318e-06, 0.9227736592292786], [0.0, 0.0, 0.0, 1.0]], "time_s": 187.28333333333333}, {"actual_full_envelope_max_x_m": -3.200880851166239, "carton_id": "carton_l07_c04", "event": "OUTFED_ASSUMED", "full_envelope_max_x_m": -3.200880835282465, "output_plane": {"direction": "-X", "name": "trailer_opening_x", "x_m": -3.2}, "source": "IDEAL_DOWNSTREAM_FULL_ENVELOPE_CROSSING", "time_s": 197.33749999999085}], "ideal_outfed_ids": ["carton_l07_c01", "carton_l07_c02", "carton_l07_c03", "carton_l07_c04"], "ideal_received_ids": ["carton_l07_c01", "carton_l07_c02", "carton_l07_c03", "carton_l07_c04"], "policy": {"downstream_capacity": "assumed_sufficient", "evaluate_post_landing_environment_collisions": false, "evaluate_tipping": false, "mode": "ideal_outfeed", "output_plane": {"direction": "-X", "name": "trailer_opening_x", "x_m": -3.2}, "reception_mode": "ideal", "tail_protection_enabled": false}, "post_landing_physics_qualified": false, "processed_carton_ids": ["carton_l07_c01", "carton_l07_c02", "carton_l07_c03", "carton_l07_c04"], "states": {"carton_l07_c01": {"actual_attachment_observed": true, "actual_top_contact_observed": false, "attachment_removed": true, "backend_transition_binding_seconds": 0.008333333333333333, "backend_transition_hold_steps_remaining": 0, "carton_id": "carton_l07_c01", "completion_source": "RECEPTION_ASSUMED", "direction_world": [-1.0, 0.0, 0.0], "disabled_collider_paths": ["/Validation/Scene/carton_l07_c01"], "full_envelope_max_x_m": -3.2001707241578554, "half_extents_m": [0.3, 0.2, 0.15], "handoff_source": "IDEAL_DOWNSTREAM_FULL_ENVELOPE_CROSSING", "held": false, "model": "SAME_BODY_BOUNDED_IDEAL_RECEPTION", "outfeed_time_s": 201.85416666665753, "output_plane": {"direction": "-X", "name": "trailer_opening_x", "x_m": -3.2}, "pose_world": [[0.0004830898910268555, -0.00014296574942417582, 0.9999998730924676, -3.3503442252389184], [-3.8522131513610144e-05, 0.9999999890357568, 0.00014298437565477386, -0.6093935966491699], [-0.9999998825700943, -3.859120093131508e-05, 0.00048308437838473495, 0.9000801456679723], [0.0, 0.0, 0.0, 1.0]], "post_landing_physics_qualified": false, "receiver": "conveyor_longitudinal", "reception_region": {"accepted": true, "actual_release_pose_world": [[0.00040064591721156173, -0.00012132228761955094, 0.999999912381872, -0.35917311906814575], [3.2947378791909075e-05, 0.9999999920992866, 0.0001213090970570985, -0.6093266606330872], [-0.9999999191986565, 3.289877391066486e-05, 0.0004006499112975126, 0.9245863556861877], [0.0, 0.0, 0.0, 1.0]], "actual_top_contact_observed": false, "current_takeover_pose_world": [[0.0004830898910268555, -0.00014296574942417582, 0.9999998730924676, -0.3591068983078003], [-3.8522131513610144e-05, 0.9999999890357568, 0.00014298437565477386, -0.6093935966491699], [-0.9999998825700943, -3.859120093131508e-05, 0.00048308437838473495, 0.92259281873703], [0.0, 0.0, 0.0, 1.0]], "gap_m": 0.022512673069057687, "height_policy": {"gravity_m_s2": 9.81, "ideal_release_height_reserve_m": 0.005, "ideal_release_max_height_m": 0.05, "ideal_release_min_height_m": 0.02, "maximum_angular_speed_rad_s": 0.08, "maximum_drop_m": 0.05, "maximum_flight_s": 0.25, "maximum_landing_speed_m_s": 1.1, "position_uncertainty_m": 0.002, "prediction_step_s": 0.005, "velocity_uncertainty_m_s": 0.01}, "physical_landing_qualified": false, "reason": "VALIDATED_POST_RELEASE_TRANSITION", "reception_pose_world": [[0.0004830898910268555, -0.00014296574942417582, 0.9999998730924676, -0.3591068983078003], [-3.8522131513610144e-05, 0.9999999890357568, 0.00014298437565477386, -0.6093935966491699], [-0.9999998825700943, -3.859120093131508e-05, 0.00048308437838473495, 0.9000801456679723], [0.0, 0.0, 0.0, 1.0]], "support": {"actual_box_pose": [[0.0004830898910268555, -0.00014296574942417582, 0.9999998730924676, -0.3591068983078003], [-3.8522131513610144e-05, 0.9999999890357568, 0.00014298437565477386, -0.6093935966491699], [-0.9999998825700943, -3.859120093131508e-05, 0.00048308437838473495, 0.92259281873703], [0.0, 0.0, 0.0, 1.0]], "edge_tolerance_m": 0.002, "footprint_area_m2": 0.11999998590841127, "payload_half_extents_m": [0.3, 0.2, 0.15], "physical_support_observed": false, "reason": "IDEAL_FOOTPRINT_COVERED", "receiver_names": ["conveyor_longitudinal"], "schema": "ideal_receiver_projection_v1", "support_face_local_axis": 0, "support_face_local_sign": 1, "support_obbs": [{"category": "conveyor", "half_extents_m": [0.35, 0.75, 0.06], "name": "conveyor_transverse", "pose_world": [[1.0, 0.0, 0.0, -0.55], [0.0, 1.0, 0.0, 0.35], [0.0, 0.0, 1.0, 0.54], [0.0, 0.0, 0.0, 1.0]]}, {"category": "conveyor", "half_extents_m": [1.4, 0.35, 0.06], "name": "conveyor_longitudinal", "pose_world": [[1.0, 0.0, 0.0, -1.6], [0.0, 1.0, 0.0, -0.7500000000000001], [0.0, 0.0, 1.0, 0.54], [0.0, 0.0, 0.0, 1.0]]}], "support_z_m": 0.6000000000000001, "supported": true, "tolerance_m": 0.0, "unsupported_area_m2": 0}, "vertical_correction_m": -0.022512673069057687}, "release_handoff_evidence": {"context": {"receiver": "conveyor_longitudinal", "target": "carton_l07_c01", "task_id": "0", "transport_policy": {"downstream_capacity": "assumed_sufficient", "evaluate_post_landing_environment_collisions": false, "evaluate_tipping": false, "mode": "ideal_outfeed", "output_plane": {"direction": "-X", "name": "trailer_opening_x", "x_m": -3.2}, "reception_mode": "ideal", "tail_protection_enabled": false}, "world_id": "1789726502.8089688"}, "release": {"audit": {"accepted": true, "actual_landing_state": null, "actual_support": null, "angular_velocity_rad_s": [-0.0021974085830152035, -0.0032538543455302715, -0.0006645807879976928], "flight_time_s": 0.0, "height_m": 0.024519702685114053, "landing_support": {"actual_box_pose": [[0.00040064591721156173, -0.00012132228761955094, 0.999999912381872, -0.35917311906814575], [3.2947378791909075e-05, 0.9999999920992866, 0.0001213090970570985, -0.6093266606330872], [-0.9999999191986565, 3.289877391066486e-05, 0.0004006499112975126, 0.9245863556861877], [0.0, 0.0, 0.0, 1.0]], "edge_tolerance_m": 0.002, "footprint_area_m2": 0.11999999030383873, "payload_half_extents_m": [0.3, 0.2, 0.15], "physical_support_observed": false, "reason": "IDEAL_FOOTPRINT_COVERED", "receiver_names": ["conveyor_longitudinal"], "schema": "ideal_receiver_projection_v1", "support_face_local_axis": 0, "support_face_local_sign": 1, "support_obbs": [{"category": "conveyor", "half_extents_m": [0.35, 0.75, 0.06], "name": "conveyor_transverse", "pose_world": [[1.0, 0.0, 0.0, -0.55], [0.0, 1.0, 0.0, 0.35], [0.0, 0.0, 1.0, 0.54], [0.0, 0.0, 0.0, 1.0]]}, {"category": "conveyor", "half_extents_m": [1.4, 0.35, 0.06], "name": "conveyor_longitudinal", "pose_world": [[1.0, 0.0, 0.0, -1.6], [0.0, 1.0, 0.0, -0.7500000000000001], [0.0, 0.0, 1.0, 0.54], [0.0, 0.0, 0.0, 1.0]]}], "support_z_m": 0.6000000000000001, "supported": true, "tolerance_m": 0.0, "unsupported_area_m2": 0}, "linear_velocity_m_s": [0.0031968294642865658, -0.0033979073632508516, 0.02679305151104927], "mode": "IDEAL_RECEPTION_RELEASE", "policy": {"gravity_m_s2": 9.81, "ideal_release_height_reserve_m": 0.005, "ideal_release_max_height_m": 0.05, "ideal_release_min_height_m": 0.02, "maximum_angular_speed_rad_s": 0.08, "maximum_drop_m": 0.05, "maximum_flight_s": 0.25, "maximum_landing_speed_m_s": 1.1, "position_uncertainty_m": 0.002, "prediction_step_s": 0.005, "velocity_uncertainty_m_s": 0.01}, "predicted_landing_pose_world": [[0.00040064591721156173, -0.00012132228761955094, 0.999999912381872, -0.35917311906814575], [3.2947378791909075e-05, 0.9999999920992866, 0.0001213090970570985, -0.6093266606330872], [-0.9999999191986565, 3.289877391066486e-05, 0.0004006499112975126, 0.9000666530010737], [0.0, 0.0, 0.0, 1.0]], "prediction_source": "BOUNDED_IDEAL_RECEPTION_REGION_NOT_PHYSICAL_LANDING", "reason": "IDEAL_RECEPTION_REGION_ACCEPTED", "reception_region": {"accepted": true, "actual_release_pose_world": [[0.00040064591721156173, -0.00012132228761955094, 0.999999912381872, -0.35917311906814575], [3.2947378791909075e-05, 0.9999999920992866, 0.0001213090970570985, -0.6093266606330872], [-0.9999999191986565, 3.289877391066486e-05, 0.0004006499112975126, 0.9245863556861877], [0.0, 0.0, 0.0, 1.0]], "actual_top_contact_observed": false, "gap_m": 0.024519702685114053, "height_policy": {"gravity_m_s2": 9.81, "ideal_release_height_reserve_m": 0.005, "ideal_release_max_height_m": 0.05, "ideal_release_min_height_m": 0.02, "maximum_angular_speed_rad_s": 0.08, "maximum_drop_m": 0.05, "maximum_flight_s": 0.25, "maximum_landing_speed_m_s": 1.1, "position_uncertainty_m": 0.002, "prediction_step_s": 0.005, "velocity_uncertainty_m_s": 0.01}, "physical_landing_qualified": false, "reason": "IDEAL_RECEPTION_REGION_ACCEPTED", "reception_pose_world": [[0.00040064591721156173, -0.00012132228761955094, 0.999999912381872, -0.35917311906814575], [3.2947378791909075e-05, 0.9999999920992866, 0.0001213090970570985, -0.6093266606330872], [-0.9999999191986565, 3.289877391066486e-05, 0.0004006499112975126, 0.9000666530010737], [0.0, 0.0, 0.0, 1.0]], "support": {"actual_box_pose": [[0.00040064591721156173, -0.00012132228761955094, 0.999999912381872, -0.35917311906814575], [3.2947378791909075e-05, 0.9999999920992866, 0.0001213090970570985, -0.6093266606330872], [-0.9999999191986565, 3.289877391066486e-05, 0.0004006499112975126, 0.9245863556861877], [0.0, 0.0, 0.0, 1.0]], "edge_tolerance_m": 0.002, "footprint_area_m2": 0.11999999030383873, "payload_half_extents_m": [0.3, 0.2, 0.15], "physical_support_observed": false, "reason": "IDEAL_FOOTPRINT_COVERED", "receiver_names": ["conveyor_longitudinal"], "schema": "ideal_receiver_projection_v1", "support_face_local_axis": 0, "support_face_local_sign": 1, "support_obbs": [{"category": "conveyor", "half_extents_m": [0.35, 0.75, 0.06], "name": "conveyor_transverse", "pose_world": [[1.0, 0.0, 0.0, -0.55], [0.0, 1.0, 0.0, 0.35], [0.0, 0.0, 1.0, 0.54], [0.0, 0.0, 0.0, 1.0]]}, {"category": "conveyor", "half_extents_m": [1.4, 0.35, 0.06], "name": "conveyor_longitudinal", "pose_world": [[1.0, 0.0, 0.0, -1.6], [0.0, 1.0, 0.0, -0.7500000000000001], [0.0, 0.0, 1.0, 0.54], [0.0, 0.0, 0.0, 1.0]]}], "support_z_m": 0.6000000000000001, "supported": true, "tolerance_m": 0.0, "unsupported_area_m2": 0}, "vertical_correction_m": -0.024519702685114053}, "release_pose_world": [[0.00040064591721156173, -0.00012132228761955094, 0.999999912381872, -0.35917311906814575], [3.2947378791909075e-05, 0.9999999920992866, 0.0001213090970570985, -0.6093266606330872], [-0.9999999191986565, 3.289877391066486e-05, 0.0004006499112975126, 0.9245863556861877], [0.0, 0.0, 0.0, 1.0]]}, "measurement": {"angular_velocity": [-0.0021974085830152035, -0.0032538543455302715, -0.0006645807879976928], "current_cartons": [{"angular_velocity_rad_s": [0.0, 0.0, 0.0], "center_m": [0.30001193284988403, -0.8400519490242004, 0.15000125765800476], "linear_velocity_m_s": [0.0, 0.0, 0.0], "mass_kg": 42.5, "name": "carton_l00_c00", "prim_path": "/Validation/Scene/carton_l00_c00", "quaternion_wxyz": [1.0, 8.508638529747259e-06, -4.317056664149277e-06, -6.249685156944906e-06], "size_m": [0.6, 0.4, 0.3]}, {"angular_velocity_rad_s": [0.0, 0.0, 0.0], "center_m": [0.29999467730522156, -0.42002397775650024, 0.15000106394290924], "linear_velocity_m_s": [0.0, 0.0, 0.0], "mass_kg": 42.5, "name": "carton_l00_c01", "prim_path": "/Validation/Scene/carton_l00_c01", "quaternion_wxyz": [1.0, 1.6227368178078905e-05, -9.509808478469495e-06, -9.086037948691228e-07], "size_m": [0.6, 0.4, 0.3]}, {"angular_velocity_rad_s": [0.0, 0.0, 0.0], "center_m": [0.29999735951423645, -4.6322089474415407e-05, 0.15000134706497192], "linear_velocity_m_s": [0.0, 0.0, 0.0], "mass_kg": 42.5, "name": "carton_l00_c02", "prim_path": "/Validation/Scene/carton_l00_c02", "quaternion_wxyz": [1.0, 1.4862465832266025e-05, -9.974583008443005e-06, -3.234522864659084e-06], "size_m": [0.6, 0.4, 0.3]}, {"angular_velocity_rad_s": [0.0, 0.0, 0.0], "center_m": [0.29999279975891113, 0.41998594999313354, 0.1500009149312973], "linear_velocity_m_s": [0.0, 0.0, 0.0], "mass_kg": 42.5, "name": "carton_l00_c03", "prim_path": "/Validation/Scene/carton_l00_c03", "quaternion_wxyz": [1.0, 5.912567758059595e-06, -3.6046085369889624e-06, -1.0952271622954868e-06], "size_m": [0.6, 0.4, 0.3]}, {"angular_velocity_rad_s": [0.0, 0.0, 0.0], "center_m": [0.2999970018863678, 0.8399883508682251, 0.1500011682510376], "linear_velocity_m_s": [0.0, 0.0, 0.0], "mass_kg": 42.5, "name": "carton_l00_c04", "prim_path": "/Validation/Scene/carton_l00_c04", "quaternion_wxyz": [1.0, 5.9962117120448966e-06, -3.6442841064854292e-06, -1.1526740308909211e-06], "size_m": [0.6, 0.4, 0.3]}, {"angular_velocity_rad_s": [0.0, 0.0, 0.0], "center_m": [0.3000646233558655, -0.8401734828948975, 0.45001327991485596], "linear_velocity_m_s": [0.0, 0.0, 0.0], "mass_kg": 42.5, "name": "carton_l01_c00", "prim_path": "/Validation/Scene/carton_l01_c00", "quaternion_wxyz": [1.0, -1.0426770131743979e-05, 3.855876457237173e-06, -9.875231626210734e-06], "size_m": [0.6, 0.4, 0.3]}, {"angular_velocity_rad_s": [0.0, 0.0, 0.0], "center_m": [0.2999988794326782, -0.42005372047424316, 0.45001882314682007], "linear_velocity_m_s": [0.0, 0.0, 0.0], "mass_kg": 42.5, "name": "carton_l01_c01", "prim_path": "/Validation/Scene/carton_l01_c01", "quaternion_wxyz": [1.0, -1.1970642844971735e-05, 4.009825261164224e-06, 1.515773305982293e-06], "size_m": [0.6, 0.4, 0.3]}, {"angular_velocity_rad_s": [0.0, 0.0, 0.0], "center_m": [0.3000515103340149, -9.838103142101318e-05, 0.4500148296356201], "linear_velocity_m_s": [0.0, 0.0, 0.0], "mass_kg": 42.5, "name": "carton_l01_c02", "prim_path": "/Validation/Scene/carton_l01_c02", "quaternion_wxyz": [1.0, 3.618554046624922e-06, -1.2432529729267117e-05, 4.151976099819876e-06], "size_m": [0.6, 0.4, 0.3]}, {"angular_velocity_rad_s": [0.0, 0.0, 0.0], "center_m": [0.2999931871891022, 0.41997578740119934, 0.4500066936016083], "linear_velocity_m_s": [0.0, 0.0, 0.0], "mass_kg": 42.5, "name": "carton_l01_c03", "prim_path": "/Validation/Scene/carton_l01_c03", "quaternion_wxyz": [1.0, 3.832965376204811e-06, -3.2078651202027686e-06, -2.8033127819071524e-06], "size_m": [0.6, 0.4, 0.3]}, {"angular_velocity_rad_s": [0.0, 0.0, 0.0], "center_m": [0.29999807476997375, 0.8399758338928223, 0.45001164078712463], "linear_velocity_m_s": [0.0, 0.0, 0.0], "mass_kg": 42.5, "name": "carton_l01_c04", "prim_path": "/Validation/Scene/carton_l01_c04", "quaternion_wxyz": [1.0, -6.275168743741233e-06, 1.9213823634345317e-06, -3.3016231100191362e-06], "size_m": [0.6, 0.4, 0.3]}, {"angular_velocity_rad_s": [0.0, 0.0, 0.0], "center_m": [0.3000980317592621, -0.8401756882667542, 0.7500145435333252], "linear_velocity_m_s": [0.0, 0.0, 0.0], "mass_kg": 42.5, "name": "carton_l02_c00", "prim_path": "/Validation/Scene/carton_l02_c00", "quaternion_wxyz": [1.0, -3.478790404187748e-06, -3.031254209417966e-06, -1.045287172019016e-05], "size_m": [0.6, 0.4, 0.3]}, {"angular_velocity_rad_s": [0.0, 0.0, 0.0], "center_m": [0.300004243850708, -0.42004555463790894, 0.7500212788581848], "linear_velocity_m_s": [0.0, 0.0, 0.0], "mass_kg": 42.5, "name": "carton_l02_c01", "prim_path": "/Validation/Scene/carton_l02_c01", "quaternion_wxyz": [1.0, 8.8282013166463e-07, -8.642694410809781e-06, 3.5616928926174296e-06], "size_m": [0.6, 0.4, 0.3]}, {"angular_velocity_rad_s": [0.0, 0.0, 0.0], "center_m": [0.3001185655593872, -7.406638178508729e-05, 0.7500251531600952], "linear_velocity_m_s": [0.0, 0.0, 0.0], "mass_kg": 42.5, "name": "carton_l02_c02", "prim_path": "/Validation/Scene/carton_l02_c02", "quaternion_wxyz": [1.0, -1.4832460692559835e-05, -1.0261930583510548e-05, 6.886783467052737e-06], "size_m": [0.6, 0.4, 0.3]}, {"angular_velocity_rad_s": [0.0, 0.0, 0.0], "center_m": [0.2999904155731201, 0.4199824929237366, 0.7500151991844177], "linear_velocity_m_s": [0.0, 0.0, 0.0], "mass_kg": 42.5, "name": "carton_l02_c03", "prim_path": "/Validation/Scene/carton_l02_c03", "quaternion_wxyz": [1.0, -1.0281188224325888e-05, 4.444643195711251e-07, -2.871921424230095e-06], "size_m": [0.6, 0.4, 0.3]}, {"angular_velocity_rad_s": [0.0, 0.0, 0.0], "center_m": [0.30000144243240356, 0.8399878740310669, 0.7500128746032715], "linear_velocity_m_s": [0.0, 0.0, 0.0], "mass_kg": 42.5, "name": "carton_l02_c04", "prim_path": "/Validation/Scene/carton_l02_c04", "quaternion_wxyz": [1.0, -1.4893699074036704e-07, -4.412247562868288e-06, -2.9231077860458754e-06], "size_m": [0.6, 0.4, 0.3]}, {"angular_velocity_rad_s": [0.0, 0.0, 0.0], "center_m": [0.30013933777809143, -0.8401055335998535, 1.0500266551971436], "linear_velocity_m_s": [0.0, 0.0, 0.0], "mass_kg": 42.5, "name": "carton_l03_c00", "prim_path": "/Validation/Scene/carton_l03_c00", "quaternion_wxyz": [1.0, -1.2193869224574883e-05, -1.5380179547719308e-06, -1.6564412135267048e-06], "size_m": [0.6, 0.4, 0.3]}, {"angular_velocity_rad_s": [0.0, 0.0, 0.0], "center_m": [0.30006158351898193, -0.41998982429504395, 1.05003821849823], "linear_velocity_m_s": [0.0, 0.0, 0.0], "mass_kg": 42.5, "name": "carton_l03_c01", "prim_path": "/Validation/Scene/carton_l03_c01", "quaternion_wxyz": [1.0, -2.291459713887889e-05, 8.090133633231744e-06, 7.249486770888325e-06], "size_m": [0.6, 0.4, 0.3]}, {"angular_velocity_rad_s": [0.0, 0.0, 0.0], "center_m": [0.30022478103637695, -2.7817739578495093e-07, 1.0500386953353882], "linear_velocity_m_s": [0.0, 0.0, 0.0], "mass_kg": 42.5, "name": "carton_l03_c02", "prim_path": "/Validation/Scene/carton_l03_c02", "quaternion_wxyz": [1.0, -1.5061140402394813e-05, 7.010407443885924e-06, 8.51475942909019e-06], "size_m": [0.6, 0.4, 0.3]}, {"angular_velocity_rad_s": [0.0, 0.0, 0.0], "center_m": [0.30001333355903625, 0.42001524567604065, 1.0500195026397705], "linear_velocity_m_s": [0.0, 0.0, 0.0], "mass_kg": 42.5, "name": "carton_l03_c03", "prim_path": "/Validation/Scene/carton_l03_c03", "quaternion_wxyz": [1.0, -1.1368058039806783e-05, 3.7903562315477757e-06, -1.3360886441660114e-06], "size_m": [0.6, 0.4, 0.3]}, {"angular_velocity_rad_s": [0.0, 0.0, 0.0], "center_m": [0.30003803968429565, 0.8400337100028992, 1.050018548965454], "linear_velocity_m_s": [0.0, 0.0, 0.0], "mass_kg": 42.5, "name": "carton_l03_c04", "prim_path": "/Validation/Scene/carton_l03_c04", "quaternion_wxyz": [1.0, -2.8214265057613375e-06, -4.2767422314682335e-07, -6.847822078270838e-07], "size_m": [0.6, 0.4, 0.3]}, {"angular_velocity_rad_s": [0.0, 0.0, 0.0], "center_m": [0.30016857385635376, -0.8400354981422424, 1.3500277996063232], "linear_velocity_m_s": [0.0, 0.0, 0.0], "mass_kg": 42.5, "name": "carton_l04_c00", "prim_path": "/Validation/Scene/carton_l04_c00", "quaternion_wxyz": [1.0, -4.607824848790187e-06, 1.0857756933546625e-06, 5.5760983741492964e-06], "size_m": [0.6, 0.4, 0.3]}, {"angular_velocity_rad_s": [0.0, 0.0, 0.0], "center_m": [0.3001527488231659, -0.41991665959358215, 1.350042462348938], "linear_velocity_m_s": [0.0, 0.0, 0.0], "mass_kg": 42.5, "name": "carton_l04_c01", "prim_path": "/Validation/Scene/carton_l04_c01", "quaternion_wxyz": [1.0, -4.608751169143943e-06, 2.5352442207804415e-06, 9.244303328159731e-06], "size_m": [0.6, 0.4, 0.3]}, {"angular_velocity_rad_s": [0.0, 0.0, 0.0], "center_m": [0.30038103461265564, 8.60460422700271e-05, 1.350040078163147], "linear_velocity_m_s": [0.0, 0.0, 0.0], "mass_kg": 42.5, "name": "carton_l04_c02", "prim_path": "/Validation/Scene/carton_l04_c02", "quaternion_wxyz": [1.0, -3.528357694904116e-07, -5.96833501731453e-07, 1.1956162779824808e-05], "size_m": [0.6, 0.4, 0.3]}, {"angular_velocity_rad_s": [0.0, 0.0, 0.0], "center_m": [0.30005329847335815, 0.42005470395088196, 1.3500213623046875], "linear_velocity_m_s": [0.0, 0.0, 0.0], "mass_kg": 42.5, "name": "carton_l04_c03", "prim_path": "/Validation/Scene/carton_l04_c03", "quaternion_wxyz": [1.0, -2.9772456855425844e-06, 1.3797097153656068e-06, -1.493565946475428e-06], "size_m": [0.6, 0.4, 0.3]}, {"angular_velocity_rad_s": [0.0, 0.0, 0.0], "center_m": [0.30007293820381165, 0.8400716185569763, 1.3500263690948486], "linear_velocity_m_s": [0.0, 0.0, 0.0], "mass_kg": 42.5, "name": "carton_l04_c04", "prim_path": "/Validation/Scene/carton_l04_c04", "quaternion_wxyz": [1.0, -9.607880201656371e-06, 2.3845793748478172e-06, 9.951130550689413e-07], "size_m": [0.6, 0.4, 0.3]}, {"angular_velocity_rad_s": [0.0, 0.0, 0.0], "center_m": [0.3083111643791199, -0.8417860269546509, 1.6500370502471924], "linear_velocity_m_s": [0.0, 0.0, 0.0], "mass_kg": 42.5, "name": "carton_l05_c00", "prim_path": "/Validation/Scene/carton_l05_c00", "quaternion_wxyz": [0.9999996423721313, -2.2192377855390077e-06, 1.9540736957424087e-06, -0.0008808320853859186], "size_m": [0.6, 0.4, 0.3]}, {"angular_velocity_rad_s": [0.0, 0.0, 0.0], "center_m": [0.30058109760284424, -0.41963666677474976, 1.6500499248504639], "linear_velocity_m_s": [0.0, 0.0, 0.0], "mass_kg": 42.5, "name": "carton_l05_c01", "prim_path": "/Validation/Scene/carton_l05_c01", "quaternion_wxyz": [1.0, -7.043208825052716e-06, 6.124166702647926e-06, -1.0319162356609013e-05], "size_m": [0.6, 0.4, 0.3]}, {"angular_velocity_rad_s": [0.0, 0.0, 0.0], "center_m": [0.3007802367210388, 0.00024136665160767734, 1.6500458717346191], "linear_velocity_m_s": [0.0, 0.0, 0.0], "mass_kg": 42.5, "name": "carton_l05_c02", "prim_path": "/Validation/Scene/carton_l05_c02", "quaternion_wxyz": [1.0, 4.37915059592342e-06, 2.5891579298331635e-06, 1.766773493727669e-05], "size_m": [0.6, 0.4, 0.3]}, {"angular_velocity_rad_s": [0.0, 0.0, 0.0], "center_m": [0.30010488629341125, 0.4201011061668396, 1.6500250101089478], "linear_velocity_m_s": [0.0, 0.0, 0.0], "mass_kg": 42.5, "name": "carton_l05_c03", "prim_path": "/Validation/Scene/carton_l05_c03", "quaternion_wxyz": [1.0, -1.7108486645156518e-06, 1.5492645388803794e-06, -1.3461957450999762e-06], "size_m": [0.6, 0.4, 0.3]}, {"angular_velocity_rad_s": [0.0, 0.0, 0.0], "center_m": [0.300108402967453, 0.8401040434837341, 1.6500283479690552], "linear_velocity_m_s": [0.0, 0.0, 0.0], "mass_kg": 42.5, "name": "carton_l05_c04", "prim_path": "/Validation/Scene/carton_l05_c04", "quaternion_wxyz": [1.0, -2.455039975757245e-06, 5.589169518316339e-07, 1.333514774159994e-06], "size_m": [0.6, 0.4, 0.3]}, {"angular_velocity_rad_s": [0.0, 0.0, 0.0], "center_m": [0.3082639276981354, -0.8416967988014221, 1.9500378370285034], "linear_velocity_m_s": [0.0, 0.0, 0.0], "mass_kg": 42.5, "name": "carton_l06_c00", "prim_path": "/Validation/Scene/carton_l06_c00", "quaternion_wxyz": [0.9999996423721313, 3.933678726752987e-06, 4.185539182799403e-06, -0.0008890595636330545], "size_m": [0.6, 0.4, 0.3]}, {"angular_velocity_rad_s": [0.0, 0.0, 0.0], "center_m": [0.29438474774360657, -0.418011337518692, 1.9500551223754883], "linear_velocity_m_s": [0.0, 0.0, 0.0], "mass_kg": 42.5, "name": "carton_l06_c01", "prim_path": "/Validation/Scene/carton_l06_c01", "quaternion_wxyz": [0.999954104423523, -8.42205190565437e-06, 8.92683419806417e-06, -0.009580384939908981], "size_m": [0.6, 0.4, 0.3]}, {"angular_velocity_rad_s": [0.0, 0.0, 0.0], "center_m": [0.3011437952518463, 0.00022236544464249164, 1.9500497579574585], "linear_velocity_m_s": [0.0, 0.0, 0.0], "mass_kg": 42.5, "name": "carton_l06_c02", "prim_path": "/Validation/Scene/carton_l06_c02", "quaternion_wxyz": [1.0, 7.5330608524382114e-06, 3.7127945233805804e-06, 2.8511323762359098e-05], "size_m": [0.6, 0.4, 0.3]}, {"angular_velocity_rad_s": [0.0, 0.0, 0.0], "center_m": [0.30016154050827026, 0.42014065384864807, 1.9500293731689453], "linear_velocity_m_s": [0.0, 0.0, 0.0], "mass_kg": 42.5, "name": "carton_l06_c03", "prim_path": "/Validation/Scene/carton_l06_c03", "quaternion_wxyz": [1.0, -4.933999662171118e-07, 1.2641223747777985e-06, -1.7949172388398438e-06], "size_m": [0.6, 0.4, 0.3]}, {"angular_velocity_rad_s": [0.0, 0.0, 0.0], "center_m": [0.30016887187957764, 0.8401414752006531, 1.9500328302383423], "linear_velocity_m_s": [0.0, 0.0, 0.0], "mass_kg": 42.5, "name": "carton_l06_c04", "prim_path": "/Validation/Scene/carton_l06_c04", "quaternion_wxyz": [1.0, -1.735774162625603e-06, -6.08066443419375e-07, 6.326862376226927e-07], "size_m": [0.6, 0.4, 0.3]}, {"angular_velocity_rad_s": [0.0, 0.0, 0.0], "center_m": [0.30725449323654175, -0.842625081539154, 2.250040292739868], "linear_velocity_m_s": [0.0, 0.0, 0.0], "mass_kg": 42.5, "name": "carton_l07_c00", "prim_path": "/Validation/Scene/carton_l07_c00", "quaternion_wxyz": [0.9999993443489075, 1.1110037121397909e-06, 4.7268385969800875e-06, -0.001158907194621861], "size_m": [0.6, 0.4, 0.3]}, {"angular_velocity_rad_s": [-0.0021974085830152035, -0.0032538543455302715, -0.0006645807879976928], "center_m": [-0.35917311906814575, -0.6093266606330872, 0.9245863556861877], "linear_velocity_m_s": [0.0031968294642865658, -0.0033979073632508516, 0.02679305151104927], "mass_kg": 42.5, "name": "carton_l07_c01", "prim_path": "/Validation/Scene/carton_l07_c01", "quaternion_wxyz": [0.7072484493255615, -3.1251511245500296e-05, 0.7069651484489441, 5.453164339996874e-05], "size_m": [0.6, 0.4, 0.3]}, {"angular_velocity_rad_s": [0.0, 0.0, 0.0], "center_m": [0.29925355315208435, 0.42000913619995117, 2.250030517578125], "linear_velocity_m_s": [0.0, 0.0, 0.0], "mass_kg": 42.5, "name": "carton_l07_c03", "prim_path": "/Validation/Scene/carton_l07_c03", "quaternion_wxyz": [1.0, -2.2629033082921524e-06, 1.9927651919715572e-06, 3.597429167712107e-05], "size_m": [0.6, 0.4, 0.3]}, {"angular_velocity_rad_s": [0.0, 0.0, 0.0], "center_m": [0.2990369498729706, 0.8398974537849426, 2.2500340938568115], "linear_velocity_m_s": [0.0, 0.0, 0.0], "mass_kg": 42.5, "name": "carton_l07_c04", "prim_path": "/Validation/Scene/carton_l07_c04", "quaternion_wxyz": [1.0, -5.614597739622695e-06, 6.305179454102472e-07, 7.449024269590154e-05], "size_m": [0.6, 0.4, 0.3]}], "linear_velocity": [0.0031968294642865658, -0.0033979073632508516, 0.02679305151104927], "position": [-0.35917311906814575, -0.6093266606330872, 0.9245863556861877], "rotation": [[0.00040064591721156173, -0.00012132228761955094, 0.999999912381872], [3.2947378791909075e-05, 0.9999999920992866, 0.0001213090970570985], [-0.9999999191986565, 3.289877391066486e-05, 0.0004006499112975126]]}, "time_s": 191.77916666666667}, "removal": {"joint_present": false, "minimum_rotation_rad": 0.01, "minimum_translation_m": 0.002, "relative_rotation_rad": 2.4677258741141425e-05, "relative_translation_m": 0.002109661243942313, "time_s": 191.8}, "takeover": {"accepted": true, "actual_release_height_m": 0.024519702685114053, "angular_velocity_rad_s": [-0.0033919871784746647, -0.003989690914750099, 0.0010534224566072226], "current_pose_world": [[0.0004830898910268555, -0.00014296574942417582, 0.9999998730924676, -0.3591068983078003], [-3.8522131513610144e-05, 0.9999999890357568, 0.00014298437565477386, -0.6093935966491699], [-0.9999998825700943, -3.859120093131508e-05, 0.00048308437838473495, 0.92259281873703], [0.0, 0.0, 0.0, 1.0]], "elapsed_s": 0.020833333333342807, "first_takeover_height_m": 0.022512673069057687, "linear_velocity_m_s": [0.003093195613473654, -0.0032132379710674286, -0.17728248238563538], "position_error_m": 0.00042283700462744504, "position_limit_m": 0.00271927083333366, "reason": "LEGAL_RELEASE_TO_IDEAL_TAKEOVER", "reception_region": {"accepted": true, "actual_release_pose_world": [[0.00040064591721156173, -0.00012132228761955094, 0.999999912381872, -0.35917311906814575], [3.2947378791909075e-05, 0.9999999920992866, 0.0001213090970570985, -0.6093266606330872], [-0.9999999191986565, 3.289877391066486e-05, 0.0004006499112975126, 0.9245863556861877], [0.0, 0.0, 0.0, 1.0]], "actual_top_contact_observed": false, "current_takeover_pose_world": [[0.0004830898910268555, -0.00014296574942417582, 0.9999998730924676, -0.3591068983078003], [-3.8522131513610144e-05, 0.9999999890357568, 0.00014298437565477386, -0.6093935966491699], [-0.9999998825700943, -3.859120093131508e-05, 0.00048308437838473495, 0.92259281873703], [0.0, 0.0, 0.0, 1.0]], "gap_m": 0.022512673069057687, "height_policy": {"gravity_m_s2": 9.81, "ideal_release_height_reserve_m": 0.005, "ideal_release_max_height_m": 0.05, "ideal_release_min_height_m": 0.02, "maximum_angular_speed_rad_s": 0.08, "maximum_drop_m": 0.05, "maximum_flight_s": 0.25, "maximum_landing_speed_m_s": 1.1, "position_uncertainty_m": 0.002, "prediction_step_s": 0.005, "velocity_uncertainty_m_s": 0.01}, "physical_landing_qualified": false, "reason": "VALIDATED_POST_RELEASE_TRANSITION", "reception_pose_world": [[0.0004830898910268555, -0.00014296574942417582, 0.9999998730924676, -0.3591068983078003], [-3.8522131513610144e-05, 0.9999999890357568, 0.00014298437565477386, -0.6093935966491699], [-0.9999998825700943, -3.859120093131508e-05, 0.00048308437838473495, 0.9000801456679723], [0.0, 0.0, 0.0, 1.0]], "support": {"actual_box_pose": [[0.0004830898910268555, -0.00014296574942417582, 0.9999998730924676, -0.3591068983078003], [-3.8522131513610144e-05, 0.9999999890357568, 0.00014298437565477386, -0.6093935966491699], [-0.9999998825700943, -3.859120093131508e-05, 0.00048308437838473495, 0.92259281873703], [0.0, 0.0, 0.0, 1.0]], "edge_tolerance_m": 0.002, "footprint_area_m2": 0.11999998590841127, "payload_half_extents_m": [0.3, 0.2, 0.15], "physical_support_observed": false, "reason": "IDEAL_FOOTPRINT_COVERED", "receiver_names": ["conveyor_longitudinal"], "schema": "ideal_receiver_projection_v1", "support_face_local_axis": 0, "support_face_local_sign": 1, "support_obbs": [{"category": "conveyor", "half_extents_m": [0.35, 0.75, 0.06], "name": "conveyor_transverse", "pose_world": [[1.0, 0.0, 0.0, -0.55], [0.0, 1.0, 0.0, 0.35], [0.0, 0.0, 1.0, 0.54], [0.0, 0.0, 0.0, 1.0]]}, {"category": "conveyor", "half_extents_m": [1.4, 0.35, 0.06], "name": "conveyor_longitudinal", "pose_world": [[1.0, 0.0, 0.0, -1.6], [0.0, 1.0, 0.0, -0.7500000000000001], [0.0, 0.0, 1.0, 0.54], [0.0, 0.0, 0.0, 1.0]]}], "support_z_m": 0.6000000000000001, "supported": true, "tolerance_m": 0.0, "unsupported_area_m2": 0}, "vertical_correction_m": -0.022512673069057687}, "time_s": 191.8, "velocity_error_m_s": 0.00036677337217178567}}, "route_index": 1, "route_world_m": [[-0.3591068983078003, -0.6093935966491699, 0.9000801456679723], [-3.351173501081063, -0.6093935966491699, 0.9000801456679723]], "state": "OUTFED_ASSUMED", "takeover_pose_world": [[0.0004830898910268555, -0.00014296574942417582, 0.9999998730924676, -0.3591068983078003], [-3.8522131513610144e-05, 0.9999999890357568, 0.00014298437565477386, -0.6093935966491699], [-0.9999998825700943, -3.859120093131508e-05, 0.00048308437838473495, 0.92259281873703], [0.0, 0.0, 0.0, 1.0]], "takeover_time_s": 191.8, "time_s": 201.85416666665753}, "carton_l07_c02": {"actual_attachment_observed": true, "actual_top_contact_observed": false, "attachment_removed": true, "backend_transition_binding_seconds": 0.008333333333333333, "backend_transition_hold_steps_remaining": 0, "carton_id": "carton_l07_c02", "completion_source": "RECEPTION_ASSUMED", "direction_world": [-1.0, 0.0, 0.0], "disabled_collider_paths": ["/Validation/Scene/carton_l07_c02"], "full_envelope_max_x_m": -3.2007470353615703, "half_extents_m": [0.3, 0.2, 0.15], "handoff_source": "IDEAL_DOWNSTREAM_FULL_ENVELOPE_CROSSING", "held": false, "model": "SAME_BODY_BOUNDED_IDEAL_RECEPTION", "outfeed_time_s": 99.27916666665752, "output_plane": {"direction": "-X", "name": "trailer_opening_x", "x_m": -3.2}, "pose_world": [[0.00021477696751215358, 0.0001752903523033049, 0.9999999615720726, -3.3508465207580955], [-3.828611662903696e-05, 0.9999999839051734, -0.00017528213324173873, -0.6095737814903259], [-0.9999999762025135, -3.8248468592744106e-05, 0.00021478367524230269, 0.900039860105759], [0.0, 0.0, 0.0, 1.0]], "post_landing_physics_qualified": false, "receiver": "conveyor_longitudinal", "reception_region": {"accepted": true, "actual_release_pose_world": [[0.0001567854788863121, 0.00017748496294020028, 0.9999999719587005, -0.3597167730331421], [-8.857964921565433e-06, 0.9999999842105581, -0.00017748357631440975, -0.6095260977745056], [-0.999999987669925, -8.830137825669668e-06, 0.00015678704856636472, 0.9246103763580322], [0.0, 0.0, 0.0, 1.0]], "actual_top_contact_observed": false, "current_takeover_pose_world": [[0.00021477696751215358, 0.0001752903523033049, 0.9999999615720726, -0.3596547842025757], [-3.828611662903696e-05, 0.9999999839051734, -0.00017528213324173873, -0.6095737814903259], [-0.9999999762025135, -3.8248468592744106e-05, 0.00021478367524230269, 0.922598123550415], [0.0, 0.0, 0.0, 1.0]], "gap_m": 0.022558263444656057, "height_policy": {"gravity_m_s2": 9.81, "ideal_release_height_reserve_m": 0.005, "ideal_release_max_height_m": 0.05, "ideal_release_min_height_m": 0.02, "maximum_angular_speed_rad_s": 0.08, "maximum_drop_m": 0.05, "maximum_flight_s": 0.25, "maximum_landing_speed_m_s": 1.1, "position_uncertainty_m": 0.002, "prediction_step_s": 0.005, "velocity_uncertainty_m_s": 0.01}, "physical_landing_qualified": false, "reason": "VALIDATED_POST_RELEASE_TRANSITION", "reception_pose_world": [[0.00021477696751215358, 0.0001752903523033049, 0.9999999615720726, -0.3596547842025757], [-3.828611662903696e-05, 0.9999999839051734, -0.00017528213324173873, -0.6095737814903259], [-0.9999999762025135, -3.8248468592744106e-05, 0.00021478367524230269, 0.900039860105759], [0.0, 0.0, 0.0, 1.0]], "support": {"actual_box_pose": [[0.00021477696751215358, 0.0001752903523033049, 0.9999999615720726, -0.3596547842025757], [-3.828611662903696e-05, 0.9999999839051734, -0.00017528213324173873, -0.6095737814903259], [-0.9999999762025135, -3.8248468592744106e-05, 0.00021478367524230269, 0.922598123550415], [0.0, 0.0, 0.0, 1.0]], "edge_tolerance_m": 0.002, "footprint_area_m2": 0.11999999714430165, "payload_half_extents_m": [0.3, 0.2, 0.15], "physical_support_observed": false, "reason": "IDEAL_FOOTPRINT_COVERED", "receiver_names": ["conveyor_longitudinal"], "schema": "ideal_receiver_projection_v1", "support_face_local_axis": 0, "support_face_local_sign": 1, "support_obbs": [{"category": "conveyor", "half_extents_m": [0.35, 0.75, 0.06], "name": "conveyor_transverse", "pose_world": [[1.0, 0.0, 0.0, -0.55], [0.0, 1.0, 0.0, 0.35], [0.0, 0.0, 1.0, 0.54], [0.0, 0.0, 0.0, 1.0]]}, {"category": "conveyor", "half_extents_m": [1.4, 0.35, 0.06], "name": "conveyor_longitudinal", "pose_world": [[1.0, 0.0, 0.0, -1.6], [0.0, 1.0, 0.0, -0.7500000000000001], [0.0, 0.0, 1.0, 0.54], [0.0, 0.0, 0.0, 1.0]]}], "support_z_m": 0.6000000000000001, "supported": true, "tolerance_m": 0.0, "unsupported_area_m2": 0}, "vertical_correction_m": -0.022558263444656057}, "release_handoff_evidence": {"context": {"receiver": "conveyor_longitudinal", "target": "carton_l07_c02", "task_id": "0", "transport_policy": {"downstream_capacity": "assumed_sufficient", "evaluate_post_landing_environment_collisions": false, "evaluate_tipping": false, "mode": "ideal_outfeed", "output_plane": {"direction": "-X", "name": "trailer_opening_x", "x_m": -3.2}, "reception_mode": "ideal", "tail_protection_enabled": false}, "world_id": "1789722165.0576758"}, "release": {"audit": {"accepted": true, "actual_landing_state": null, "actual_support": null, "angular_velocity_rad_s": [-0.0010914987651631236, -0.0025587950367480516, -0.00045904217404313385], "flight_time_s": 0.0, "height_m": 0.024585095972204485, "landing_support": {"actual_box_pose": [[0.0001567854788863121, 0.00017748496294020028, 0.9999999719587005, -0.3597167730331421], [-8.857964921565433e-06, 0.9999999842105581, -0.00017748357631440975, -0.6095260977745056], [-0.999999987669925, -8.830137825669668e-06, 0.00015678704856636472, 0.9246103763580322], [0.0, 0.0, 0.0, 1.0]], "edge_tolerance_m": 0.002, "footprint_area_m2": 0.119999998520391, "payload_half_extents_m": [0.3, 0.2, 0.15], "physical_support_observed": false, "reason": "IDEAL_FOOTPRINT_COVERED", "receiver_names": ["conveyor_longitudinal"], "schema": "ideal_receiver_projection_v1", "support_face_local_axis": 0, "support_face_local_sign": 1, "support_obbs": [{"category": "conveyor", "half_extents_m": [0.35, 0.75, 0.06], "name": "conveyor_transverse", "pose_world": [[1.0, 0.0, 0.0, -0.55], [0.0, 1.0, 0.0, 0.35], [0.0, 0.0, 1.0, 0.54], [0.0, 0.0, 0.0, 1.0]]}, {"category": "conveyor", "half_extents_m": [1.4, 0.35, 0.06], "name": "conveyor_longitudinal", "pose_world": [[1.0, 0.0, 0.0, -1.6], [0.0, 1.0, 0.0, -0.7500000000000001], [0.0, 0.0, 1.0, 0.54], [0.0, 0.0, 0.0, 1.0]]}], "support_z_m": 0.6000000000000001, "supported": true, "tolerance_m": 0.0, "unsupported_area_m2": 0}, "linear_velocity_m_s": [0.002915886463597417, -0.0021440330892801285, 0.025856520980596542], "mode": "IDEAL_RECEPTION_RELEASE", "policy": {"gravity_m_s2": 9.81, "ideal_release_height_reserve_m": 0.005, "ideal_release_max_height_m": 0.05, "ideal_release_min_height_m": 0.02, "maximum_angular_speed_rad_s": 0.08, "maximum_drop_m": 0.05, "maximum_flight_s": 0.25, "maximum_landing_speed_m_s": 1.1, "position_uncertainty_m": 0.002, "prediction_step_s": 0.005, "velocity_uncertainty_m_s": 0.01}, "predicted_landing_pose_world": [[0.0001567854788863121, 0.00017748496294020028, 0.9999999719587005, -0.3597167730331421], [-8.857964921565433e-06, 0.9999999842105581, -0.00017748357631440975, -0.6095260977745056], [-0.999999987669925, -8.830137825669668e-06, 0.00015678704856636472, 0.9000252803858277], [0.0, 0.0, 0.0, 1.0]], "prediction_source": "BOUNDED_IDEAL_RECEPTION_REGION_NOT_PHYSICAL_LANDING", "reason": "IDEAL_RECEPTION_REGION_ACCEPTED", "reception_region": {"accepted": true, "actual_release_pose_world": [[0.0001567854788863121, 0.00017748496294020028, 0.9999999719587005, -0.3597167730331421], [-8.857964921565433e-06, 0.9999999842105581, -0.00017748357631440975, -0.6095260977745056], [-0.999999987669925, -8.830137825669668e-06, 0.00015678704856636472, 0.9246103763580322], [0.0, 0.0, 0.0, 1.0]], "actual_top_contact_observed": false, "gap_m": 0.024585095972204485, "height_policy": {"gravity_m_s2": 9.81, "ideal_release_height_reserve_m": 0.005, "ideal_release_max_height_m": 0.05, "ideal_release_min_height_m": 0.02, "maximum_angular_speed_rad_s": 0.08, "maximum_drop_m": 0.05, "maximum_flight_s": 0.25, "maximum_landing_speed_m_s": 1.1, "position_uncertainty_m": 0.002, "prediction_step_s": 0.005, "velocity_uncertainty_m_s": 0.01}, "physical_landing_qualified": false, "reason": "IDEAL_RECEPTION_REGION_ACCEPTED", "reception_pose_world": [[0.0001567854788863121, 0.00017748496294020028, 0.9999999719587005, -0.3597167730331421], [-8.857964921565433e-06, 0.9999999842105581, -0.00017748357631440975, -0.6095260977745056], [-0.999999987669925, -8.830137825669668e-06, 0.00015678704856636472, 0.9000252803858277], [0.0, 0.0, 0.0, 1.0]], "support": {"actual_box_pose": [[0.0001567854788863121, 0.00017748496294020028, 0.9999999719587005, -0.3597167730331421], [-8.857964921565433e-06, 0.9999999842105581, -0.00017748357631440975, -0.6095260977745056], [-0.999999987669925, -8.830137825669668e-06, 0.00015678704856636472, 0.9246103763580322], [0.0, 0.0, 0.0, 1.0]], "edge_tolerance_m": 0.002, "footprint_area_m2": 0.119999998520391, "payload_half_extents_m": [0.3, 0.2, 0.15], "physical_support_observed": false, "reason": "IDEAL_FOOTPRINT_COVERED", "receiver_names": ["conveyor_longitudinal"], "schema": "ideal_receiver_projection_v1", "support_face_local_axis": 0, "support_face_local_sign": 1, "support_obbs": [{"category": "conveyor", "half_extents_m": [0.35, 0.75, 0.06], "name": "conveyor_transverse", "pose_world": [[1.0, 0.0, 0.0, -0.55], [0.0, 1.0, 0.0, 0.35], [0.0, 0.0, 1.0, 0.54], [0.0, 0.0, 0.0, 1.0]]}, {"category": "conveyor", "half_extents_m": [1.4, 0.35, 0.06], "name": "conveyor_longitudinal", "pose_world": [[1.0, 0.0, 0.0, -1.6], [0.0, 1.0, 0.0, -0.7500000000000001], [0.0, 0.0, 1.0, 0.54], [0.0, 0.0, 0.0, 1.0]]}], "support_z_m": 0.6000000000000001, "supported": true, "tolerance_m": 0.0, "unsupported_area_m2": 0}, "vertical_correction_m": -0.024585095972204485}, "release_pose_world": [[0.0001567854788863121, 0.00017748496294020028, 0.9999999719587005, -0.3597167730331421], [-8.857964921565433e-06, 0.9999999842105581, -0.00017748357631440975, -0.6095260977745056], [-0.999999987669925, -8.830137825669668e-06, 0.00015678704856636472, 0.9246103763580322], [0.0, 0.0, 0.0, 1.0]]}, "measurement": {"angular_velocity": [-0.0010914987651631236, -0.0025587950367480516, -0.00045904217404313385], "current_cartons": [{"angular_velocity_rad_s": [0.0, 0.0, 0.0], "center_m": [0.299996942281723, -0.8400031924247742, 0.1500004529953003], "linear_velocity_m_s": [0.0, 0.0, 0.0], "mass_kg": 42.5, "name": "carton_l00_c00", "prim_path": "/Validation/Scene/carton_l00_c00", "quaternion_wxyz": [1.0, 4.3277404984110035e-06, -5.179464096727315e-06, -1.515743122126878e-07], "size_m": [0.6, 0.4, 0.3]}, {"angular_velocity_rad_s": [0.0, 0.0, 0.0], "center_m": [0.29999712109565735, -0.42000246047973633, 0.1500006467103958], "linear_velocity_m_s": [0.0, 0.0, 0.0], "mass_kg": 42.5, "name": "carton_l00_c01", "prim_path": "/Validation/Scene/carton_l00_c01", "quaternion_wxyz": [1.0, 3.4301676805625902e-06, -4.207166057312861e-06, -7.287260217481162e-08], "size_m": [0.6, 0.4, 0.3]}, {"angular_velocity_rad_s": [0.0, 0.0, 0.0], "center_m": [0.3000012934207916, -1.6680162389093312e-06, 0.15000151097774506], "linear_velocity_m_s": [0.0, 0.0, 0.0], "mass_kg": 42.5, "name": "carton_l00_c02", "prim_path": "/Validation/Scene/carton_l00_c02", "quaternion_wxyz": [1.0, 6.493519776995527e-06, -4.99083989780047e-06, -2.000564762738577e-07], "size_m": [0.6, 0.4, 0.3]}, {"angular_velocity_rad_s": [0.0, 0.0, 0.0], "center_m": [0.2999974191188812, 0.41999852657318115, 0.1500002145767212], "linear_velocity_m_s": [0.0, 0.0, 0.0], "mass_kg": 42.5, "name": "carton_l00_c03", "prim_path": "/Validation/Scene/carton_l00_c03", "quaternion_wxyz": [1.0, 1.936480884978664e-06, -3.220935695935623e-06, -6.161131693716015e-08], "size_m": [0.6, 0.4, 0.3]}, {"angular_velocity_rad_s": [0.0, 0.0, 0.0], "center_m": [0.29999735951423645, 0.8399983644485474, 0.15000058710575104], "linear_velocity_m_s": [0.0, 0.0, 0.0], "mass_kg": 42.5, "name": "carton_l00_c04", "prim_path": "/Validation/Scene/carton_l00_c04", "quaternion_wxyz": [1.0, 2.7218140985496575e-06, -3.277563337178435e-06, 1.4598217035199923e-07], "size_m": [0.6, 0.4, 0.3]}, {"angular_velocity_rad_s": [0.0, 0.0, 0.0], "center_m": [0.29999396204948425, -0.8400042057037354, 0.4500086009502411], "linear_velocity_m_s": [0.0, 0.0, 0.0], "mass_kg": 42.5, "name": "carton_l01_c00", "prim_path": "/Validation/Scene/carton_l01_c00", "quaternion_wxyz": [1.0, -7.67847268434707e-06, 6.896882950968575e-06, -5.919912950957951e-07], "size_m": [0.6, 0.4, 0.3]}, {"angular_velocity_rad_s": [0.0, 0.0, 0.0], "center_m": [0.2999943494796753, -0.42000341415405273, 0.4500081241130829], "linear_velocity_m_s": [0.0, 0.0, 0.0], "mass_kg": 42.5, "name": "carton_l01_c01", "prim_path": "/Validation/Scene/carton_l01_c01", "quaternion_wxyz": [1.0, -5.6830722314771265e-06, 6.543016297655413e-06, -6.414851583258496e-08], "size_m": [0.6, 0.4, 0.3]}, {"angular_velocity_rad_s": [0.0, 0.0, 0.0], "center_m": [0.3000193238258362, 4.844056547881337e-06, 0.4500108063220978], "linear_velocity_m_s": [0.0, 0.0, 0.0], "mass_kg": 42.5, "name": "carton_l01_c02", "prim_path": "/Validation/Scene/carton_l01_c02", "quaternion_wxyz": [1.0, 2.2085876025812468e-06, -3.4924012197734555e-06, -4.209539952171326e-07], "size_m": [0.6, 0.4, 0.3]}, {"angular_velocity_rad_s": [0.0, 0.0, 0.0], "center_m": [0.29999494552612305, 0.4200004041194916, 0.45000532269477844], "linear_velocity_m_s": [0.0, 0.0, 0.0], "mass_kg": 42.5, "name": "carton_l01_c03", "prim_path": "/Validation/Scene/carton_l01_c03", "quaternion_wxyz": [1.0, -3.6776757497136714e-06, 2.9072975848976057e-06, -2.6195507984994038e-08], "size_m": [0.6, 0.4, 0.3]}, {"angular_velocity_rad_s": [0.0, 0.0, 0.0], "center_m": [0.29999393224716187, 0.839999258518219, 0.4500066637992859], "linear_velocity_m_s": [0.0, 0.0, 0.0], "mass_kg": 42.5, "name": "carton_l01_c04", "prim_path": "/Validation/Scene/carton_l01_c04", "quaternion_wxyz": [1.0, -6.68777659029729e-07, 4.188741513644345e-06, 5.154024620424025e-07], "size_m": [0.6, 0.4, 0.3]}, {"angular_velocity_rad_s": [0.0, 0.0, 0.0], "center_m": [0.29999545216560364, -0.8400007486343384, 0.7500105500221252], "linear_velocity_m_s": [0.0, 0.0, 0.0], "mass_kg": 42.5, "name": "carton_l02_c00", "prim_path": "/Validation/Scene/carton_l02_c00", "quaternion_wxyz": [1.0, 3.7402756447590946e-08, -1.4639471146438154e-06, -7.19062484222377e-07], "size_m": [0.6, 0.4, 0.3]}, {"angular_velocity_rad_s": [0.0, 0.0, 0.0], "center_m": [0.29999592900276184, -0.41999998688697815, 0.7500099539756775], "linear_velocity_m_s": [0.0, 0.0, 0.0], "mass_kg": 42.5, "name": "carton_l02_c01", "prim_path": "/Validation/Scene/carton_l02_c01", "quaternion_wxyz": [1.0, 1.2892246559204068e-06, -1.0009409834310645e-06, 1.975382986074692e-07], "size_m": [0.6, 0.4, 0.3]}, {"angular_velocity_rad_s": [0.0, 0.0, 0.0], "center_m": [0.3000280261039734, 1.3884333384339698e-05, 0.7500241994857788], "linear_velocity_m_s": [0.0, 0.0, 0.0], "mass_kg": 42.5, "name": "carton_l02_c02", "prim_path": "/Validation/Scene/carton_l02_c02", "quaternion_wxyz": [1.0, -9.70606106420746e-06, 1.5882955040069646e-06, 5.711566473109997e-07], "size_m": [0.6, 0.4, 0.3]}, {"angular_velocity_rad_s": [0.0, 0.0, 0.0], "center_m": [0.2999933063983917, 0.4200032949447632, 0.7500078082084656], "linear_velocity_m_s": [0.0, 0.0, 0.0], "mass_kg": 42.5, "name": "carton_l02_c03", "prim_path": "/Validation/Scene/carton_l02_c03", "quaternion_wxyz": [1.0, -6.372649181685119e-07, -2.9803322831867263e-06, -1.395449589214337e-10], "size_m": [0.6, 0.4, 0.3]}, {"angular_velocity_rad_s": [0.0, 0.0, 0.0], "center_m": [0.2999940812587738, 0.8400029540061951, 0.750011146068573], "linear_velocity_m_s": [0.0, 0.0, 0.0], "mass_kg": 42.5, "name": "carton_l02_c04", "prim_path": "/Validation/Scene/carton_l02_c04", "quaternion_wxyz": [1.0, -6.034247689967742e-06, 7.312373782042414e-06, 7.674364610466e-07], "size_m": [0.6, 0.4, 0.3]}, {"angular_velocity_rad_s": [0.0, 0.0, 0.0], "center_m": [0.3000052273273468, -0.8399927020072937, 1.0500181913375854], "linear_velocity_m_s": [0.0, 0.0, 0.0], "mass_kg": 42.5, "name": "carton_l03_c00", "prim_path": "/Validation/Scene/carton_l03_c00", "quaternion_wxyz": [1.0, -9.110334758588579e-06, 1.2701849300356116e-05, -1.0330903705835226e-06], "size_m": [0.6, 0.4, 0.3]}, {"angular_velocity_rad_s": [0.0, 0.0, 0.0], "center_m": [0.30000242590904236, -0.4199933111667633, 1.0500166416168213], "linear_velocity_m_s": [0.0, 0.0, 0.0], "mass_kg": 42.5, "name": "carton_l03_c01", "prim_path": "/Validation/Scene/carton_l03_c01", "quaternion_wxyz": [1.0, -4.8904375944403e-06, 1.028948463499546e-05, 2.607379201435833e-07], "size_m": [0.6, 0.4, 0.3]}, {"angular_velocity_rad_s": [0.0, 0.0, 0.0], "center_m": [0.30002498626708984, 2.3829927158658393e-05, 1.0500259399414062], "linear_velocity_m_s": [0.0, 0.0, 0.0], "mass_kg": 42.5, "name": "carton_l03_c02", "prim_path": "/Validation/Scene/carton_l03_c02", "quaternion_wxyz": [1.0, 1.0757833024399588e-07, -7.615534741489682e-06, 2.015805421251571e-06], "size_m": [0.6, 0.4, 0.3]}, {"angular_velocity_rad_s": [0.0, 0.0, 0.0], "center_m": [0.29999956488609314, 0.4200100898742676, 1.050013542175293], "linear_velocity_m_s": [0.0, 0.0, 0.0], "mass_kg": 42.5, "name": "carton_l03_c03", "prim_path": "/Validation/Scene/carton_l03_c03", "quaternion_wxyz": [1.0, -3.0222799978218973e-06, 3.2262018976325635e-06, 2.458500958368859e-08], "size_m": [0.6, 0.4, 0.3]}, {"angular_velocity_rad_s": [0.0, 0.0, 0.0], "center_m": [0.30000048875808716, 0.8400095105171204, 1.0500131845474243], "linear_velocity_m_s": [0.0, 0.0, 0.0], "mass_kg": 42.5, "name": "carton_l03_c04", "prim_path": "/Validation/Scene/carton_l03_c04", "quaternion_wxyz": [1.0, -3.6761944102181587e-06, 3.0416208574024495e-06, 8.672674880472186e-07], "size_m": [0.6, 0.4, 0.3]}, {"angular_velocity_rad_s": [0.0, 0.0, 0.0], "center_m": [0.3000178039073944, -0.8399858474731445, 1.3500196933746338], "linear_velocity_m_s": [0.0, 0.0, 0.0], "mass_kg": 42.5, "name": "carton_l04_c00", "prim_path": "/Validation/Scene/carton_l04_c00", "quaternion_wxyz": [1.0, -2.4508235583198257e-06, 5.376760327635566e-06, -1.391533942296519e-06], "size_m": [0.6, 0.4, 0.3]}, {"angular_velocity_rad_s": [0.0, 0.0, 0.0], "center_m": [0.3000114858150482, -0.41998714208602905, 1.3500211238861084], "linear_velocity_m_s": [0.0, 0.0, 0.0], "mass_kg": 42.5, "name": "carton_l04_c01", "prim_path": "/Validation/Scene/carton_l04_c01", "quaternion_wxyz": [1.0, -5.250883077678736e-06, 1.178986258310033e-05, 1.4927998392977315e-07], "size_m": [0.6, 0.4, 0.3]}, {"angular_velocity_rad_s": [0.0, 0.0, 0.0], "center_m": [0.30005142092704773, 4.745449768961407e-05, 1.3500354290008545], "linear_velocity_m_s": [0.0, 0.0, 0.0], "mass_kg": 42.5, "name": "carton_l04_c02", "prim_path": "/Validation/Scene/carton_l04_c02", "quaternion_wxyz": [1.0, -3.745622052520048e-06, -5.584844529948896e-06, 4.412737780512543e-06], "size_m": [0.6, 0.4, 0.3]}, {"angular_velocity_rad_s": [0.0, 0.0, 0.0], "center_m": [0.30001258850097656, 0.42001885175704956, 1.3500175476074219], "linear_velocity_m_s": [0.0, 0.0, 0.0], "mass_kg": 42.5, "name": "carton_l04_c03", "prim_path": "/Validation/Scene/carton_l04_c03", "quaternion_wxyz": [1.0, -5.46074943486019e-06, 1.0195671166002285e-05, -2.457711616443703e-07], "size_m": [0.6, 0.4, 0.3]}, {"angular_velocity_rad_s": [0.0, 0.0, 0.0], "center_m": [0.30001208186149597, 0.8400154709815979, 1.3500171899795532], "linear_velocity_m_s": [0.0, 0.0, 0.0], "mass_kg": 42.5, "name": "carton_l04_c04", "prim_path": "/Validation/Scene/carton_l04_c04", "quaternion_wxyz": [1.0, -4.827954853681149e-06, 8.007853466551751e-06, 6.531261647069186e-07], "size_m": [0.6, 0.4, 0.3]}, {"angular_velocity_rad_s": [0.0, 0.0, 0.0], "center_m": [0.3000349700450897, -0.8399763107299805, 1.6500242948532104], "linear_velocity_m_s": [0.0, 0.0, 0.0], "mass_kg": 42.5, "name": "carton_l05_c00", "prim_path": "/Validation/Scene/carton_l05_c00", "quaternion_wxyz": [1.0, -7.67840538173914e-06, 1.4381956134457141e-05, -1.9074623196502216e-06], "size_m": [0.6, 0.4, 0.3]}, {"angular_velocity_rad_s": [0.0, 0.0, 0.0], "center_m": [0.30002641677856445, -0.4199780225753784, 1.6500239372253418], "linear_velocity_m_s": [0.0, 0.0, 0.0], "mass_kg": 42.5, "name": "carton_l05_c01", "prim_path": "/Validation/Scene/carton_l05_c01", "quaternion_wxyz": [1.0, -4.9606128413870465e-06, 1.2072615390934516e-05, -3.0177016441257365e-08], "size_m": [0.6, 0.4, 0.3]}, {"angular_velocity_rad_s": [0.0, 0.0, 0.0], "center_m": [0.30026131868362427, 0.00012290000449866056, 1.6500358581542969], "linear_velocity_m_s": [0.0, 0.0, 0.0], "mass_kg": 42.5, "name": "carton_l05_c02", "prim_path": "/Validation/Scene/carton_l05_c02", "quaternion_wxyz": [1.0, 2.0642060007958207e-06, -1.0938410923699848e-05, 8.141574653564021e-06], "size_m": [0.6, 0.4, 0.3]}, {"angular_velocity_rad_s": [0.0, 0.0, 0.0], "center_m": [0.3000245988368988, 0.4200266897678375, 1.6500195264816284], "linear_velocity_m_s": [0.0, 0.0, 0.0], "mass_kg": 42.5, "name": "carton_l05_c03", "prim_path": "/Validation/Scene/carton_l05_c03", "quaternion_wxyz": [1.0, -4.600379725161474e-06, 1.0067562470794655e-05, -4.513590283750091e-07], "size_m": [0.6, 0.4, 0.3]}, {"angular_velocity_rad_s": [0.0, 0.0, 0.0], "center_m": [0.3000245988368988, 0.8400192260742188, 1.6500184535980225], "linear_velocity_m_s": [0.0, 0.0, 0.0], "mass_kg": 42.5, "name": "carton_l05_c04", "prim_path": "/Validation/Scene/carton_l05_c04", "quaternion_wxyz": [1.0, -2.096264324791264e-06, 4.8120477913471404e-06, 2.981359159548447e-07], "size_m": [0.6, 0.4, 0.3]}, {"angular_velocity_rad_s": [0.0, 0.0, 0.0], "center_m": [0.30006352066993713, -0.8399567008018494, 1.950026035308838], "linear_velocity_m_s": [0.0, 0.0, 0.0], "mass_kg": 42.5, "name": "carton_l06_c00", "prim_path": "/Validation/Scene/carton_l06_c00", "quaternion_wxyz": [1.0, -7.3365918069612235e-06, 1.3505920833267737e-05, -1.7155971363536082e-06], "size_m": [0.6, 0.4, 0.3]}, {"angular_velocity_rad_s": [0.0, 0.0, 0.0], "center_m": [0.3000476658344269, -0.41996607184410095, 1.9500246047973633], "linear_velocity_m_s": [0.0, 0.0, 0.0], "mass_kg": 42.5, "name": "carton_l06_c01", "prim_path": "/Validation/Scene/carton_l06_c01", "quaternion_wxyz": [1.0, -1.965314368135296e-06, 8.709676876605954e-06, -1.164558398158988e-06], "size_m": [0.6, 0.4, 0.3]}, {"angular_velocity_rad_s": [0.0, 0.0, 0.0], "center_m": [0.29997876286506653, -0.00014648839714936912, 1.9500396251678467], "linear_velocity_m_s": [0.0, 0.0, 0.0], "mass_kg": 42.5, "name": "carton_l06_c02", "prim_path": "/Validation/Scene/carton_l06_c02", "quaternion_wxyz": [1.0, 2.413215497654164e-06, -1.1621700650721323e-05, 6.319623935269192e-06], "size_m": [0.6, 0.4, 0.3]}, {"angular_velocity_rad_s": [0.0, 0.0, 0.0], "center_m": [0.30004045367240906, 0.4200359880924225, 1.9500207901000977], "linear_velocity_m_s": [0.0, 0.0, 0.0], "mass_kg": 42.5, "name": "carton_l06_c03", "prim_path": "/Validation/Scene/carton_l06_c03", "quaternion_wxyz": [1.0, -3.7611798688885756e-06, 9.416336069989484e-06, -8.443554406767362e-07], "size_m": [0.6, 0.4, 0.3]}, {"angular_velocity_rad_s": [0.0, 0.0, 0.0], "center_m": [0.3000403940677643, 0.8400270938873291, 1.9500205516815186], "linear_velocity_m_s": [0.0, 0.0, 0.0], "mass_kg": 42.5, "name": "carton_l06_c04", "prim_path": "/Validation/Scene/carton_l06_c04", "quaternion_wxyz": [1.0, -1.9031591591556207e-06, 6.190195108501939e-06, 1.6498044885793206e-07], "size_m": [0.6, 0.4, 0.3]}, {"angular_velocity_rad_s": [0.0, 0.0, 0.0], "center_m": [0.29882314801216125, -0.8401144742965698, 2.250025749206543], "linear_velocity_m_s": [0.0, 0.0, 0.0], "mass_kg": 42.5, "name": "carton_l07_c00", "prim_path": "/Validation/Scene/carton_l07_c00", "quaternion_wxyz": [1.0, -7.675185770494863e-06, 1.3927083273301832e-05, 6.020142973284237e-05], "size_m": [0.6, 0.4, 0.3]}, {"angular_velocity_rad_s": [0.0, 0.0, 0.0], "center_m": [0.2989041805267334, -0.42015597224235535, 2.2500252723693848], "linear_velocity_m_s": [0.0, 0.0, 0.0], "mass_kg": 42.5, "name": "carton_l07_c01", "prim_path": "/Validation/Scene/carton_l07_c01", "quaternion_wxyz": [1.0, -4.149562300881371e-06, 1.1804750101873651e-05, 1.8091050151269883e-05], "size_m": [0.6, 0.4, 0.3]}, {"angular_velocity_rad_s": [-0.0010914987651631236, -0.0025587950367480516, -0.00045904217404313385], "center_m": [-0.3597167730331421, -0.6095260977745056, 0.9246103763580322], "linear_velocity_m_s": [0.002915886463597417, -0.0021440330892801285, 0.025856520980596542], "mass_kg": 42.5, "name": "carton_l07_c02", "prim_path": "/Validation/Scene/carton_l07_c02", "quaternion_wxyz": [0.7071622610092163, 5.962332579656504e-05, 0.7070513963699341, -6.58770150039345e-05], "size_m": [0.6, 0.4, 0.3]}, {"angular_velocity_rad_s": [0.0, 0.0, 0.0], "center_m": [0.2994036376476288, 0.41994214057922363, 2.2500197887420654], "linear_velocity_m_s": [0.0, 0.0, 0.0], "mass_kg": 42.5, "name": "carton_l07_c03", "prim_path": "/Validation/Scene/carton_l07_c03", "quaternion_wxyz": [1.0, -3.922863925254205e-06, 9.682779818831477e-06, 2.3834489184082486e-05], "size_m": [0.6, 0.4, 0.3]}, {"angular_velocity_rad_s": [0.0, 0.0, 0.0], "center_m": [0.2989995777606964, 0.8397945165634155, 2.250020980834961], "linear_velocity_m_s": [0.0, 0.0, 0.0], "mass_kg": 42.5, "name": "carton_l07_c04", "prim_path": "/Validation/Scene/carton_l07_c04", "quaternion_wxyz": [1.0, -2.7733522074413486e-06, 6.330917130981106e-06, 5.580876677413471e-05], "size_m": [0.6, 0.4, 0.3]}], "linear_velocity": [0.002915886463597417, -0.0021440330892801285, 0.025856520980596542], "position": [-0.3597167730331421, -0.6095260977745056, 0.9246103763580322], "rotation": [[0.0001567854788863121, 0.00017748496294020028, 0.9999999719587005], [-8.857964921565433e-06, 0.9999999842105581, -0.00017748357631440975], [-0.999999987669925, -8.830137825669668e-06, 0.00015678704856636472]]}, "time_s": 89.20416666666667}, "removal": {"joint_present": false, "minimum_rotation_rad": 0.01, "minimum_translation_m": 0.002, "relative_rotation_rad": 2.344800817027464e-05, "relative_translation_m": 0.002108128548702234, "time_s": 89.225}, "takeover": {"accepted": true, "actual_release_height_m": 0.024585095972204485, "angular_velocity_rad_s": [-0.0014139125123620033, -0.0027739633806049824, 0.00011196975538041443], "current_pose_world": [[0.00021477696751215358, 0.0001752903523033049, 0.9999999615720726, -0.3596547842025757], [-3.828611662903696e-05, 0.9999999839051734, -0.00017528213324173873, -0.6095737814903259], [-0.9999999762025135, -3.8248468592744106e-05, 0.00021478367524230269, 0.922598123550415], [0.0, 0.0, 0.0, 1.0]], "elapsed_s": 0.020833333333328596, "first_takeover_height_m": 0.022558263444656057, "linear_velocity_m_s": [0.0028785523027181625, -0.002090072724968195, -0.17821626365184784], "position_error_m": 0.0004220366825824857, "position_limit_m": 0.00271927083333317, "reason": "LEGAL_RELEASE_TO_IDEAL_TAKEOVER", "reception_region": {"accepted": true, "actual_release_pose_world": [[0.0001567854788863121, 0.00017748496294020028, 0.9999999719587005, -0.3597167730331421], [-8.857964921565433e-06, 0.9999999842105581, -0.00017748357631440975, -0.6095260977745056], [-0.999999987669925, -8.830137825669668e-06, 0.00015678704856636472, 0.9246103763580322], [0.0, 0.0, 0.0, 1.0]], "actual_top_contact_observed": false, "current_takeover_pose_world": [[0.00021477696751215358, 0.0001752903523033049, 0.9999999615720726, -0.3596547842025757], [-3.828611662903696e-05, 0.9999999839051734, -0.00017528213324173873, -0.6095737814903259], [-0.9999999762025135, -3.8248468592744106e-05, 0.00021478367524230269, 0.922598123550415], [0.0, 0.0, 0.0, 1.0]], "gap_m": 0.022558263444656057, "height_policy": {"gravity_m_s2": 9.81, "ideal_release_height_reserve_m": 0.005, "ideal_release_max_height_m": 0.05, "ideal_release_min_height_m": 0.02, "maximum_angular_speed_rad_s": 0.08, "maximum_drop_m": 0.05, "maximum_flight_s": 0.25, "maximum_landing_speed_m_s": 1.1, "position_uncertainty_m": 0.002, "prediction_step_s": 0.005, "velocity_uncertainty_m_s": 0.01}, "physical_landing_qualified": false, "reason": "VALIDATED_POST_RELEASE_TRANSITION", "reception_pose_world": [[0.00021477696751215358, 0.0001752903523033049, 0.9999999615720726, -0.3596547842025757], [-3.828611662903696e-05, 0.9999999839051734, -0.00017528213324173873, -0.6095737814903259], [-0.9999999762025135, -3.8248468592744106e-05, 0.00021478367524230269, 0.900039860105759], [0.0, 0.0, 0.0, 1.0]], "support": {"actual_box_pose": [[0.00021477696751215358, 0.0001752903523033049, 0.9999999615720726, -0.3596547842025757], [-3.828611662903696e-05, 0.9999999839051734, -0.00017528213324173873, -0.6095737814903259], [-0.9999999762025135, -3.8248468592744106e-05, 0.00021478367524230269, 0.922598123550415], [0.0, 0.0, 0.0, 1.0]], "edge_tolerance_m": 0.002, "footprint_area_m2": 0.11999999714430165, "payload_half_extents_m": [0.3, 0.2, 0.15], "physical_support_observed": false, "reason": "IDEAL_FOOTPRINT_COVERED", "receiver_names": ["conveyor_longitudinal"], "schema": "ideal_receiver_projection_v1", "support_face_local_axis": 0, "support_face_local_sign": 1, "support_obbs": [{"category": "conveyor", "half_extents_m": [0.35, 0.75, 0.06], "name": "conveyor_transverse", "pose_world": [[1.0, 0.0, 0.0, -0.55], [0.0, 1.0, 0.0, 0.35], [0.0, 0.0, 1.0, 0.54], [0.0, 0.0, 0.0, 1.0]]}, {"category": "conveyor", "half_extents_m": [1.4, 0.35, 0.06], "name": "conveyor_longitudinal", "pose_world": [[1.0, 0.0, 0.0, -1.6], [0.0, 1.0, 0.0, -0.7500000000000001], [0.0, 0.0, 1.0, 0.54], [0.0, 0.0, 0.0, 1.0]]}], "support_z_m": 0.6000000000000001, "supported": true, "tolerance_m": 0.0, "unsupported_area_m2": 0}, "vertical_correction_m": -0.022558263444656057}, "time_s": 89.225, "velocity_error_m_s": 0.000309256671462281}}, "route_index": 1, "route_world_m": [[-0.3596547842025757, -0.6095737814903259, 0.900039860105759], [-3.3510994853965252, -0.6095737814903259, 0.900039860105759]], "state": "OUTFED_ASSUMED", "takeover_pose_world": [[0.00021477696751215358, 0.0001752903523033049, 0.9999999615720726, -0.3596547842025757], [-3.828611662903696e-05, 0.9999999839051734, -0.00017528213324173873, -0.6095737814903259], [-0.9999999762025135, -3.8248468592744106e-05, 0.00021478367524230269, 0.922598123550415], [0.0, 0.0, 0.0, 1.0]], "takeover_time_s": 89.225, "time_s": 99.27916666665752}, "carton_l07_c03": {"actual_attachment_observed": true, "actual_top_contact_observed": false, "attachment_removed": true, "backend_transition_binding_seconds": 0.008333333333333333, "backend_transition_hold_steps_remaining": 0, "carton_id": "carton_l07_c03", "completion_source": "RECEPTION_ASSUMED", "direction_world": [-1.0, 0.0, 0.0], "disabled_collider_paths": ["/Validation/Scene/carton_l07_c03"], "full_envelope_max_x_m": -3.201, "half_extents_m": [0.3, 0.2, 0.15], "handoff_source": "IDEAL_DOWNSTREAM_FULL_ENVELOPE_CROSSING", "held": false, "model": "SAME_BODY_BOUNDED_IDEAL_RECEPTION", "outfeed_time_s": 361.53749999999087, "output_plane": {"direction": "-X", "name": "trailer_opening_x", "x_m": -3.2}, "pose_world": [[-0.00016016076540315005, -4.1475854284110214e-05, 0.9999999863141412, -3.351056341347599], [0.00013274461331078938, 0.9999999903284285, 4.1497114929768176e-05, -0.6099012494087219], [-0.9999999783636982, 0.0001327512577037545, -0.0001601552581578236, 0.9000505670493739], [0.0, 0.0, 0.0, 1.0]], "post_landing_physics_qualified": false, "receiver": "conveyor_longitudinal", "reception_region": {"accepted": true, "actual_release_pose_world": [[-0.00019556415433630292, -4.192601169366704e-05, 0.9999999799984356, -0.36010122299194336], [0.00013241271075931278, 0.9999999903534557, 4.195190730813271e-05, -0.6098726391792297], [-0.9999999721107677, 0.0001324209124001269, -0.00019555860091302613, 0.9246017932891846], [0.0, 0.0, 0.0, 1.0]], "actual_top_contact_observed": false, "current_takeover_pose_world": [[-0.00016016076540315005, -4.1475854284110214e-05, 0.9999999863141412, -0.360044002532959], [0.00013274461331078938, 0.9999999903284285, 4.1497114929768176e-05, -0.6099012494087219], [-0.9999999783636982, 0.0001327512577037545, -0.0001601552581578236, 0.9225742816925049], [0.0, 0.0, 0.0, 1.0]], "gap_m": 0.022523714643130965, "height_policy": {"gravity_m_s2": 9.81, "ideal_release_height_reserve_m": 0.005, "ideal_release_max_height_m": 0.05, "ideal_release_min_height_m": 0.02, "maximum_angular_speed_rad_s": 0.08, "maximum_drop_m": 0.05, "maximum_flight_s": 0.25, "maximum_landing_speed_m_s": 1.1, "position_uncertainty_m": 0.002, "prediction_step_s": 0.005, "velocity_uncertainty_m_s": 0.01}, "physical_landing_qualified": false, "reason": "VALIDATED_POST_RELEASE_TRANSITION", "reception_pose_world": [[-0.00016016076540315005, -4.1475854284110214e-05, 0.9999999863141412, -0.360044002532959], [0.00013274461331078938, 0.9999999903284285, 4.1497114929768176e-05, -0.6099012494087219], [-0.9999999783636982, 0.0001327512577037545, -0.0001601552581578236, 0.9000505670493739], [0.0, 0.0, 0.0, 1.0]], "support": {"actual_box_pose": [[-0.00016016076540315005, -4.1475854284110214e-05, 0.9999999863141412, -0.360044002532959], [0.00013274461331078938, 0.9999999903284285, 4.1497114929768176e-05, -0.6099012494087219], [-0.9999999783636982, 0.0001327512577037545, -0.0001601552581578236, 0.9225742816925049], [0.0, 0.0, 0.0, 1.0]], "edge_tolerance_m": 0.002, "footprint_area_m2": 0.11999999740364381, "payload_half_extents_m": [0.3, 0.2, 0.15], "physical_support_observed": false, "reason": "IDEAL_FOOTPRINT_COVERED", "receiver_names": ["conveyor_longitudinal"], "schema": "ideal_receiver_projection_v1", "support_face_local_axis": 0, "support_face_local_sign": 1, "support_obbs": [{"category": "conveyor", "half_extents_m": [0.35, 0.75, 0.06], "name": "conveyor_transverse", "pose_world": [[1.0, 0.0, 0.0, -0.55], [0.0, 1.0, 0.0, 0.35], [0.0, 0.0, 1.0, 0.54], [0.0, 0.0, 0.0, 1.0]]}, {"category": "conveyor", "half_extents_m": [1.4, 0.35, 0.06], "name": "conveyor_longitudinal", "pose_world": [[1.0, 0.0, 0.0, -1.6], [0.0, 1.0, 0.0, -0.7500000000000001], [0.0, 0.0, 1.0, 0.54], [0.0, 0.0, 0.0, 1.0]]}], "support_z_m": 0.6000000000000001, "supported": true, "tolerance_m": 0.0, "unsupported_area_m2": 0}, "vertical_correction_m": -0.022523714643130965}, "release_handoff_evidence": {"context": {"receiver": "conveyor_longitudinal", "target": "carton_l07_c03", "task_id": "0", "transport_policy": {"downstream_capacity": "assumed_sufficient", "evaluate_post_landing_environment_collisions": false, "evaluate_tipping": false, "mode": "ideal_outfeed", "output_plane": {"direction": "-X", "name": "trailer_opening_x", "x_m": -3.2}, "reception_mode": "ideal", "tail_protection_enabled": false}, "world_id": "1789875150.9359868"}, "release": {"audit": {"accepted": true, "actual_landing_state": null, "actual_support": null, "angular_velocity_rad_s": [1.5966339560691267e-05, -0.001713170320726931, -2.188820690207649e-05], "flight_time_s": 0.0, "height_m": 0.024545983683337158, "landing_support": {"actual_box_pose": [[-0.00019556415433630292, -4.192601169366704e-05, 0.9999999799984356, -0.36010122299194336], [0.00013241271075931278, 0.9999999903534557, 4.195190730813271e-05, -0.6098726391792297], [-0.9999999721107677, 0.0001324209124001269, -0.00019555860091302613, 0.9246017932891846], [0.0, 0.0, 0.0, 1.0]], "edge_tolerance_m": 0.002, "footprint_area_m2": 0.11999999665329208, "payload_half_extents_m": [0.3, 0.2, 0.15], "physical_support_observed": false, "reason": "IDEAL_FOOTPRINT_COVERED", "receiver_names": ["conveyor_longitudinal"], "schema": "ideal_receiver_projection_v1", "support_face_local_axis": 0, "support_face_local_sign": 1, "support_obbs": [{"category": "conveyor", "half_extents_m": [0.35, 0.75, 0.06], "name": "conveyor_transverse", "pose_world": [[1.0, 0.0, 0.0, -0.55], [0.0, 1.0, 0.0, 0.35], [0.0, 0.0, 1.0, 0.54], [0.0, 0.0, 0.0, 1.0]]}, {"category": "conveyor", "half_extents_m": [1.4, 0.35, 0.06], "name": "conveyor_longitudinal", "pose_world": [[1.0, 0.0, 0.0, -1.6], [0.0, 1.0, 0.0, -0.7500000000000001], [0.0, 0.0, 1.0, 0.54], [0.0, 0.0, 0.0, 1.0]]}], "support_z_m": 0.6000000000000001, "supported": true, "tolerance_m": 0.0, "unsupported_area_m2": 0}, "linear_velocity_m_s": [0.0028550520073622465, -0.0013675418449565768, 0.025175591930747032], "mode": "IDEAL_RECEPTION_RELEASE", "policy": {"gravity_m_s2": 9.81, "ideal_release_height_reserve_m": 0.005, "ideal_release_max_height_m": 0.05, "ideal_release_min_height_m": 0.02, "maximum_angular_speed_rad_s": 0.08, "maximum_drop_m": 0.05, "maximum_flight_s": 0.25, "maximum_landing_speed_m_s": 1.1, "position_uncertainty_m": 0.002, "prediction_step_s": 0.005, "velocity_uncertainty_m_s": 0.01}, "predicted_landing_pose_world": [[-0.00019556415433630292, -4.192601169366704e-05, 0.9999999799984356, -0.36010122299194336], [0.00013241271075931278, 0.9999999903534557, 4.195190730813271e-05, -0.6098726391792297], [-0.9999999721107677, 0.0001324209124001269, -0.00019555860091302613, 0.9000558096058474], [0.0, 0.0, 0.0, 1.0]], "prediction_source": "BOUNDED_IDEAL_RECEPTION_REGION_NOT_PHYSICAL_LANDING", "reason": "IDEAL_RECEPTION_REGION_ACCEPTED", "reception_region": {"accepted": true, "actual_release_pose_world": [[-0.00019556415433630292, -4.192601169366704e-05, 0.9999999799984356, -0.36010122299194336], [0.00013241271075931278, 0.9999999903534557, 4.195190730813271e-05, -0.6098726391792297], [-0.9999999721107677, 0.0001324209124001269, -0.00019555860091302613, 0.9246017932891846], [0.0, 0.0, 0.0, 1.0]], "actual_top_contact_observed": false, "gap_m": 0.024545983683337158, "height_policy": {"gravity_m_s2": 9.81, "ideal_release_height_reserve_m": 0.005, "ideal_release_max_height_m": 0.05, "ideal_release_min_height_m": 0.02, "maximum_angular_speed_rad_s": 0.08, "maximum_drop_m": 0.05, "maximum_flight_s": 0.25, "maximum_landing_speed_m_s": 1.1, "position_uncertainty_m": 0.002, "prediction_step_s": 0.005, "velocity_uncertainty_m_s": 0.01}, "physical_landing_qualified": false, "reason": "IDEAL_RECEPTION_REGION_ACCEPTED", "reception_pose_world": [[-0.00019556415433630292, -4.192601169366704e-05, 0.9999999799984356, -0.36010122299194336], [0.00013241271075931278, 0.9999999903534557, 4.195190730813271e-05, -0.6098726391792297], [-0.9999999721107677, 0.0001324209124001269, -0.00019555860091302613, 0.9000558096058474], [0.0, 0.0, 0.0, 1.0]], "support": {"actual_box_pose": [[-0.00019556415433630292, -4.192601169366704e-05, 0.9999999799984356, -0.36010122299194336], [0.00013241271075931278, 0.9999999903534557, 4.195190730813271e-05, -0.6098726391792297], [-0.9999999721107677, 0.0001324209124001269, -0.00019555860091302613, 0.9246017932891846], [0.0, 0.0, 0.0, 1.0]], "edge_tolerance_m": 0.002, "footprint_area_m2": 0.11999999665329208, "payload_half_extents_m": [0.3, 0.2, 0.15], "physical_support_observed": false, "reason": "IDEAL_FOOTPRINT_COVERED", "receiver_names": ["conveyor_longitudinal"], "schema": "ideal_receiver_projection_v1", "support_face_local_axis": 0, "support_face_local_sign": 1, "support_obbs": [{"category": "conveyor", "half_extents_m": [0.35, 0.75, 0.06], "name": "conveyor_transverse", "pose_world": [[1.0, 0.0, 0.0, -0.55], [0.0, 1.0, 0.0, 0.35], [0.0, 0.0, 1.0, 0.54], [0.0, 0.0, 0.0, 1.0]]}, {"category": "conveyor", "half_extents_m": [1.4, 0.35, 0.06], "name": "conveyor_longitudinal", "pose_world": [[1.0, 0.0, 0.0, -1.6], [0.0, 1.0, 0.0, -0.7500000000000001], [0.0, 0.0, 1.0, 0.54], [0.0, 0.0, 0.0, 1.0]]}], "support_z_m": 0.6000000000000001, "supported": true, "tolerance_m": 0.0, "unsupported_area_m2": 0}, "vertical_correction_m": -0.024545983683337158}, "release_pose_world": [[-0.00019556415433630292, -4.192601169366704e-05, 0.9999999799984356, -0.36010122299194336], [0.00013241271075931278, 0.9999999903534557, 4.195190730813271e-05, -0.6098726391792297], [-0.9999999721107677, 0.0001324209124001269, -0.00019555860091302613, 0.9246017932891846], [0.0, 0.0, 0.0, 1.0]]}, "measurement": {"angular_velocity": [1.5966339560691267e-05, -0.001713170320726931, -2.188820690207649e-05], "current_cartons": [{"angular_velocity_rad_s": [0.0, 0.0, 0.0], "center_m": [0.3000166416168213, -0.8400790691375732, 0.15000098943710327], "linear_velocity_m_s": [0.0, 0.0, 0.0], "mass_kg": 42.5, "name": "carton_l00_c00", "prim_path": "/Validation/Scene/carton_l00_c00", "quaternion_wxyz": [1.0, 5.549666184379021e-06, -3.5068162560492055e-06, -9.095098903344478e-06], "size_m": [0.6, 0.4, 0.3]}, {"angular_velocity_rad_s": [0.0, 0.0, 0.0], "center_m": [0.2999715209007263, -0.42011672258377075, 0.1500004678964615], "linear_velocity_m_s": [0.0, 0.0, 0.0], "mass_kg": 42.5, "name": "carton_l00_c01", "prim_path": "/Validation/Scene/carton_l00_c01", "quaternion_wxyz": [1.0, 9.880141078610905e-06, -7.552301667601569e-06, -5.3069129535288084e-06], "size_m": [0.6, 0.4, 0.3]}, {"angular_velocity_rad_s": [0.0, 0.0, 0.0], "center_m": [0.29999470710754395, -0.0001166081492556259, 0.15000060200691223], "linear_velocity_m_s": [0.0, 0.0, 0.0], "mass_kg": 42.5, "name": "carton_l00_c02", "prim_path": "/Validation/Scene/carton_l00_c02", "quaternion_wxyz": [1.0, 1.1369921594450716e-05, -8.56679162097862e-06, -6.943178505025571e-06], "size_m": [0.6, 0.4, 0.3]}, {"angular_velocity_rad_s": [0.0, 0.0, 0.0], "center_m": [0.2999805510044098, 0.41991931200027466, 0.15000267326831818], "linear_velocity_m_s": [0.0, 0.0, 0.0], "mass_kg": 42.5, "name": "carton_l00_c03", "prim_path": "/Validation/Scene/carton_l00_c03", "quaternion_wxyz": [1.0, 2.3455388145521283e-05, -1.5761106624267995e-05, -6.044664587534498e-06], "size_m": [0.6, 0.4, 0.3]}, {"angular_velocity_rad_s": [0.0, 0.0, 0.0], "center_m": [0.29998868703842163, 0.8399243950843811, 0.150000661611557], "linear_velocity_m_s": [0.0, 0.0, 0.0], "mass_kg": 42.5, "name": "carton_l00_c04", "prim_path": "/Validation/Scene/carton_l00_c04", "quaternion_wxyz": [1.0, 8.64412504597567e-06, -5.145629074831959e-06, -7.5014586400357075e-06], "size_m": [0.6, 0.4, 0.3]}, {"angular_velocity_rad_s": [0.0, 0.0, 0.0], "center_m": [0.3001231253147125, -0.8402594923973083, 0.45000889897346497], "linear_velocity_m_s": [0.0, 0.0, 0.0], "mass_kg": 42.5, "name": "carton_l01_c00", "prim_path": "/Validation/Scene/carton_l01_c00", "quaternion_wxyz": [1.0, -2.6719462766777724e-06, 3.029090748896124e-06, -1.3935063179815188e-05], "size_m": [0.6, 0.4, 0.3]}, {"angular_velocity_rad_s": [0.0, 0.0, 0.0], "center_m": [0.2999679446220398, -0.4203268885612488, 0.45001542568206787], "linear_velocity_m_s": [0.0, 0.0, 0.0], "mass_kg": 42.5, "name": "carton_l01_c01", "prim_path": "/Validation/Scene/carton_l01_c01", "quaternion_wxyz": [1.0, -5.073782176623354e-06, 8.094321856333409e-06, -6.9952102421666496e-06], "size_m": [0.6, 0.4, 0.3]}, {"angular_velocity_rad_s": [0.0, 0.0, 0.0], "center_m": [0.30012205243110657, -0.0002779723145067692, 0.4500153958797455], "linear_velocity_m_s": [0.0, 0.0, 0.0], "mass_kg": 42.5, "name": "carton_l01_c02", "prim_path": "/Validation/Scene/carton_l01_c02", "quaternion_wxyz": [1.0, 1.7283926354139112e-05, -1.2956859336554771e-06, 9.264123946195468e-06], "size_m": [0.6, 0.4, 0.3]}, {"angular_velocity_rad_s": [0.0, 0.0, 0.0], "center_m": [0.29998356103897095, 0.41977694630622864, 0.45002150535583496], "linear_velocity_m_s": [0.0, 0.0, 0.0], "mass_kg": 42.5, "name": "carton_l01_c03", "prim_path": "/Validation/Scene/carton_l01_c03", "quaternion_wxyz": [1.0, -2.2890431864652783e-05, 9.503582077741157e-06, -1.5096081369847525e-05], "size_m": [0.6, 0.4, 0.3]}, {"angular_velocity_rad_s": [0.0, 0.0, 0.0], "center_m": [0.2999834418296814, 0.8397675156593323, 0.4500052332878113], "linear_velocity_m_s": [0.0, 0.0, 0.0], "mass_kg": 42.5, "name": "carton_l01_c04", "prim_path": "/Validation/Scene/carton_l01_c04", "quaternion_wxyz": [1.0, 1.1926616707569337e-06, 1.1455158528406173e-06, -1.8816064766724594e-05], "size_m": [0.6, 0.4, 0.3]}, {"angular_velocity_rad_s": [0.0, 0.0, 0.0], "center_m": [0.30017250776290894, -0.8402929902076721, 0.7500138282775879], "linear_velocity_m_s": [0.0, 0.0, 0.0], "mass_kg": 42.5, "name": "carton_l02_c00", "prim_path": "/Validation/Scene/carton_l02_c00", "quaternion_wxyz": [1.0, -9.787187082110904e-06, 1.7942920749192126e-06, -1.2147738743806258e-05], "size_m": [0.6, 0.4, 0.3]}, {"angular_velocity_rad_s": [0.0, 0.0, 0.0], "center_m": [0.3000045120716095, -0.4203483462333679, 0.7500261068344116], "linear_velocity_m_s": [0.0, 0.0, 0.0], "mass_kg": 42.5, "name": "carton_l02_c01", "prim_path": "/Validation/Scene/carton_l02_c01", "quaternion_wxyz": [1.0, -1.9878894818248227e-05, 4.856480245507555e-06, 1.3521353992018703e-07], "size_m": [0.6, 0.4, 0.3]}, {"angular_velocity_rad_s": [0.0, 0.0, 0.0], "center_m": [0.30026841163635254, -0.00026731420075520873, 0.7500305771827698], "linear_velocity_m_s": [0.0, 0.0, 0.0], "mass_kg": 42.5, "name": "carton_l02_c02", "prim_path": "/Validation/Scene/carton_l02_c02", "quaternion_wxyz": [1.0, -2.457772097841371e-05, 6.314722213573987e-06, 2.3050013624015264e-05], "size_m": [0.6, 0.4, 0.3]}, {"angular_velocity_rad_s": [0.0, 0.0, 0.0], "center_m": [0.30000191926956177, 0.4197618365287781, 0.7500242590904236], "linear_velocity_m_s": [0.0, 0.0, 0.0], "mass_kg": 42.5, "name": "carton_l02_c03", "prim_path": "/Validation/Scene/carton_l02_c03", "quaternion_wxyz": [1.0, -5.498439350049011e-06, -6.5667213675624225e-06, -1.5269950381480157e-05], "size_m": [0.6, 0.4, 0.3]}, {"angular_velocity_rad_s": [0.0, 0.0, 0.0], "center_m": [0.29999440908432007, 0.8397545218467712, 0.750015139579773], "linear_velocity_m_s": [0.0, 0.0, 0.0], "mass_kg": 42.5, "name": "carton_l02_c04", "prim_path": "/Validation/Scene/carton_l02_c04", "quaternion_wxyz": [1.0, -1.5228934898914304e-05, 5.5863079069240484e-06, -2.0122201021877117e-05], "size_m": [0.6, 0.4, 0.3]}, {"angular_velocity_rad_s": [0.0, 0.0, 0.0], "center_m": [0.3002373278141022, -0.8402068018913269, 1.0500149726867676], "linear_velocity_m_s": [0.0, 0.0, 0.0], "mass_kg": 42.5, "name": "carton_l03_c00", "prim_path": "/Validation/Scene/carton_l03_c00", "quaternion_wxyz": [1.0, -1.9671149402711308e-06, -1.4836205082247034e-06, -2.114903509209398e-06], "size_m": [0.6, 0.4, 0.3]}, {"angular_velocity_rad_s": [0.0, 0.0, 0.0], "center_m": [0.30015620589256287, -0.42017805576324463, 1.0500288009643555], "linear_velocity_m_s": [0.0, 0.0, 0.0], "mass_kg": 42.5, "name": "carton_l03_c01", "prim_path": "/Validation/Scene/carton_l03_c01", "quaternion_wxyz": [1.0, -1.5227885796775809e-06, -2.996748435180052e-06, 1.180922299681697e-05], "size_m": [0.6, 0.4, 0.3]}, {"angular_velocity_rad_s": [0.0, 0.0, 0.0], "center_m": [0.3004586100578308, -0.00017652761016506702, 1.050040364265442], "linear_velocity_m_s": [0.0, 0.0, 0.0], "mass_kg": 42.5, "name": "carton_l03_c02", "prim_path": "/Validation/Scene/carton_l03_c02", "quaternion_wxyz": [1.0, -1.7298460079473443e-05, 8.799745046417229e-06, 2.7817266527563334e-05], "size_m": [0.6, 0.4, 0.3]}, {"angular_velocity_rad_s": [0.0, 0.0, 0.0], "center_m": [0.3000819981098175, 0.41989263892173767, 1.050042986869812], "linear_velocity_m_s": [0.0, 0.0, 0.0], "mass_kg": 42.5, "name": "carton_l03_c03", "prim_path": "/Validation/Scene/carton_l03_c03", "quaternion_wxyz": [1.0, -4.81861889056745e-06, -2.706419536480098e-06, -6.230140570551157e-06], "size_m": [0.6, 0.4, 0.3]}, {"angular_velocity_rad_s": [0.0, 0.0, 0.0], "center_m": [0.300080806016922, 0.8399036526679993, 1.0500181913375854], "linear_velocity_m_s": [0.0, 0.0, 0.0], "mass_kg": 42.5, "name": "carton_l03_c04", "prim_path": "/Validation/Scene/carton_l03_c04", "quaternion_wxyz": [1.0, -2.087954044327489e-06, 1.4242606312109274e-06, -1.1636447197815869e-05], "size_m": [0.6, 0.4, 0.3]}, {"angular_velocity_rad_s": [0.0, 0.0, 0.0], "center_m": [0.3003203570842743, -0.8400965332984924, 1.35001802444458], "linear_velocity_m_s": [0.0, 0.0, 0.0], "mass_kg": 42.5, "name": "carton_l04_c00", "prim_path": "/Validation/Scene/carton_l04_c00", "quaternion_wxyz": [1.0, -5.695954428119876e-07, 8.337226518051466e-07, 8.240211172960699e-06], "size_m": [0.6, 0.4, 0.3]}, {"angular_velocity_rad_s": [0.0, 0.0, 0.0], "center_m": [0.30037757754325867, -0.41991665959358215, 1.350039005279541], "linear_velocity_m_s": [0.0, 0.0, 0.0], "mass_kg": 42.5, "name": "carton_l04_c01", "prim_path": "/Validation/Scene/carton_l04_c01", "quaternion_wxyz": [1.0, -2.850159944500774e-06, 5.924318429606501e-06, 2.5650715542724356e-05], "size_m": [0.6, 0.4, 0.3]}, {"angular_velocity_rad_s": [0.0, 0.0, 0.0], "center_m": [0.3007018566131592, -5.347697879187763e-05, 1.350042700767517], "linear_velocity_m_s": [0.0, 0.0, 0.0], "mass_kg": 42.5, "name": "carton_l04_c02", "prim_path": "/Validation/Scene/carton_l04_c02", "quaternion_wxyz": [1.0, -9.447464890399715e-07, 2.349895567022031e-06, 3.211809234926477e-05], "size_m": [0.6, 0.4, 0.3]}, {"angular_velocity_rad_s": [0.0, 0.0, 0.0], "center_m": [0.3002021610736847, 0.42007431387901306, 1.3500641584396362], "linear_velocity_m_s": [0.0, 0.0, 0.0], "mass_kg": 42.5, "name": "carton_l04_c03", "prim_path": "/Validation/Scene/carton_l04_c03", "quaternion_wxyz": [1.0, -1.8352306142332964e-05, 4.199915110802976e-06, 6.370903065544553e-06], "size_m": [0.6, 0.4, 0.3]}, {"angular_velocity_rad_s": [0.0, 0.0, 0.0], "center_m": [0.3001672029495239, 0.8400508165359497, 1.3500263690948486], "linear_velocity_m_s": [0.0, 0.0, 0.0], "mass_kg": 42.5, "name": "carton_l04_c04", "prim_path": "/Validation/Scene/carton_l04_c04", "quaternion_wxyz": [1.0, -6.680226306343684e-06, 6.757996743544936e-06, 3.9190817915368825e-06], "size_m": [0.6, 0.4, 0.3]}, {"angular_velocity_rad_s": [0.0, 0.0, 0.0], "center_m": [0.30850985646247864, -0.8418270349502563, 1.6500213146209717], "linear_velocity_m_s": [0.0, 0.0, 0.0], "mass_kg": 42.5, "name": "carton_l05_c00", "prim_path": "/Validation/Scene/carton_l05_c00", "quaternion_wxyz": [0.9999997019767761, 3.454399575275602e-07, 3.6253122743801214e-06, -0.0008786158286966383], "size_m": [0.6, 0.4, 0.3]}, {"angular_velocity_rad_s": [0.0, 0.0, 0.0], "center_m": [0.3009507954120636, -0.4194702208042145, 1.650041937828064], "linear_velocity_m_s": [0.0, 0.0, 0.0], "mass_kg": 42.5, "name": "carton_l05_c01", "prim_path": "/Validation/Scene/carton_l05_c01", "quaternion_wxyz": [1.0, 3.164613644912606e-06, 5.802417490485823e-06, 9.734401828609407e-06], "size_m": [0.6, 0.4, 0.3]}, {"angular_velocity_rad_s": [0.0, 0.0, 0.0], "center_m": [0.3012232482433319, 0.0002045982691925019, 1.6500498056411743], "linear_velocity_m_s": [0.0, 0.0, 0.0], "mass_kg": 42.5, "name": "carton_l05_c02", "prim_path": "/Validation/Scene/carton_l05_c02", "quaternion_wxyz": [1.0, 2.0505849533947185e-06, 4.107533641217742e-06, 4.56726920674555e-05], "size_m": [0.6, 0.4, 0.3]}, {"angular_velocity_rad_s": [0.0, 0.0, 0.0], "center_m": [0.3003263473510742, 0.4202229678630829, 1.650067925453186], "linear_velocity_m_s": [0.0, 0.0, 0.0], "mass_kg": 42.5, "name": "carton_l05_c03", "prim_path": "/Validation/Scene/carton_l05_c03", "quaternion_wxyz": [1.0, -1.1220045053050853e-06, -1.5351006368291564e-06, 1.210446953336941e-05], "size_m": [0.6, 0.4, 0.3]}, {"angular_velocity_rad_s": [0.0, 0.0, 0.0], "center_m": [0.3002384305000305, 0.8401534557342529, 1.650028109550476], "linear_velocity_m_s": [0.0, 0.0, 0.0], "mass_kg": 42.5, "name": "carton_l05_c04", "prim_path": "/Validation/Scene/carton_l05_c04", "quaternion_wxyz": [1.0, 1.265143509954214e-06, 3.8953985495027155e-06, 1.3043581020610873e-05], "size_m": [0.6, 0.4, 0.3]}, {"angular_velocity_rad_s": [0.0, 0.0, 0.0], "center_m": [0.308515727519989, -0.8417208790779114, 1.9500240087509155], "linear_velocity_m_s": [0.0, 0.0, 0.0], "mass_kg": 42.5, "name": "carton_l06_c00", "prim_path": "/Validation/Scene/carton_l06_c00", "quaternion_wxyz": [0.9999997019767761, 5.905902185077139e-07, 5.98804672335973e-06, -0.0008828753489069641], "size_m": [0.6, 0.4, 0.3]}, {"angular_velocity_rad_s": [0.0, 0.0, 0.0], "center_m": [0.3044956624507904, -0.4186452627182007, 1.9500421285629272], "linear_velocity_m_s": [0.0, 0.0, 0.0], "mass_kg": 42.5, "name": "carton_l06_c01", "prim_path": "/Validation/Scene/carton_l06_c01", "quaternion_wxyz": [0.9999990463256836, 7.266432476171758e-06, 3.6963779166399036e-06, 0.001390898018144071], "size_m": [0.6, 0.4, 0.3]}, {"angular_velocity_rad_s": [0.0, 0.0, 0.0], "center_m": [0.3016887307167053, 0.00023530234466306865, 1.9500542879104614], "linear_velocity_m_s": [0.0, 0.0, 0.0], "mass_kg": 42.5, "name": "carton_l06_c02", "prim_path": "/Validation/Scene/carton_l06_c02", "quaternion_wxyz": [1.0, 4.6232048589445185e-06, 4.716041985375341e-06, 4.316162085160613e-05], "size_m": [0.6, 0.4, 0.3]}, {"angular_velocity_rad_s": [0.0, 0.0, 0.0], "center_m": [0.30057692527770996, 0.420971542596817, 1.9500752687454224], "linear_velocity_m_s": [0.0, 0.0, 0.0], "mass_kg": 42.5, "name": "carton_l06_c03", "prim_path": "/Validation/Scene/carton_l06_c03", "quaternion_wxyz": [1.0, 6.689158453809796e-07, -1.5488479903069674e-06, -2.648958434292581e-05], "size_m": [0.6, 0.4, 0.3]}, {"angular_velocity_rad_s": [0.0, 0.0, 0.0], "center_m": [0.3003409802913666, 0.8402631878852844, 1.9500324726104736], "linear_velocity_m_s": [0.0, 0.0, 0.0], "mass_kg": 42.5, "name": "carton_l06_c04", "prim_path": "/Validation/Scene/carton_l06_c04", "quaternion_wxyz": [1.0, 2.459037204971537e-06, 5.241144663159503e-06, 2.2842817998025566e-05], "size_m": [0.6, 0.4, 0.3]}, {"angular_velocity_rad_s": [0.0, 0.0, 0.0], "center_m": [0.30833205580711365, -0.8431963920593262, 2.250023365020752], "linear_velocity_m_s": [0.0, 0.0, 0.0], "mass_kg": 42.5, "name": "carton_l07_c00", "prim_path": "/Validation/Scene/carton_l07_c00", "quaternion_wxyz": [0.9999958872795105, -4.059171487824642e-07, 6.187945928104455e-06, -0.0028920420445501804], "size_m": [0.6, 0.4, 0.3]}, {"angular_velocity_rad_s": [1.5966339560691267e-05, -0.001713170320726931, -2.188820690207649e-05], "center_m": [-0.36010122299194336, -0.6098726391792297, 0.9246017932891846], "linear_velocity_m_s": [0.0028550520073622465, -0.0013675418449565768, 0.025175591930747032], "mass_kg": 42.5, "name": "carton_l07_c03", "prim_path": "/Validation/Scene/carton_l07_c03", "quaternion_wxyz": [0.707037627696991, 3.198875128873624e-05, 0.7071759104728699, 6.16440738667734e-05], "size_m": [0.6, 0.4, 0.3]}, {"angular_velocity_rad_s": [0.0, 0.0, 0.0], "center_m": [0.2992423176765442, 0.8400551676750183, 2.250033140182495], "linear_velocity_m_s": [0.0, 0.0, 0.0], "mass_kg": 42.5, "name": "carton_l07_c04", "prim_path": "/Validation/Scene/carton_l07_c04", "quaternion_wxyz": [1.0, 7.810165243427036e-07, 5.623580818792107e-06, 0.00010618403030093759], "size_m": [0.6, 0.4, 0.3]}], "linear_velocity": [0.0028550520073622465, -0.0013675418449565768, 0.025175591930747032], "position": [-0.36010122299194336, -0.6098726391792297, 0.9246017932891846], "rotation": [[-0.00019556415433630292, -4.192601169366704e-05, 0.9999999799984356], [0.00013241271075931278, 0.9999999903534557, 4.195190730813271e-05], [-0.9999999721107677, 0.0001324209124001269, -0.00019555860091302613]]}, "time_s": 351.4625}, "removal": {"joint_present": false, "minimum_rotation_rad": 0.01, "minimum_translation_m": 0.002, "relative_rotation_rad": 4.713502747875299e-05, "relative_translation_m": 0.00211310155073765, "time_s": 351.48333333333335}, "takeover": {"accepted": true, "actual_release_height_m": 0.024545983683337158, "angular_velocity_rad_s": [1.5900233847787604e-05, -0.0017060487298294902, -2.1797333829454146e-05], "current_pose_world": [[-0.00016016076540315005, -4.1475854284110214e-05, 0.9999999863141412, -0.360044002532959], [0.00013274461331078938, 0.9999999903284285, 4.1497114929768176e-05, -0.6099012494087219], [-0.9999999783636982, 0.0001327512577037545, -0.0001601552581578236, 0.9225742816925049], [0.0, 0.0, 0.0, 1.0]], "elapsed_s": 0.02083333333337123, "first_takeover_height_m": 0.022523714643130965, "linear_velocity_m_s": [0.002846140880137682, -0.0013632734771817923, -0.17889511585235596], "position_error_m": 0.0004231028969951781, "position_limit_m": 0.002719270833334642, "reason": "LEGAL_RELEASE_TO_IDEAL_TAKEOVER", "reception_region": {"accepted": true, "actual_release_pose_world": [[-0.00019556415433630292, -4.192601169366704e-05, 0.9999999799984356, -0.36010122299194336], [0.00013241271075931278, 0.9999999903534557, 4.195190730813271e-05, -0.6098726391792297], [-0.9999999721107677, 0.0001324209124001269, -0.00019555860091302613, 0.9246017932891846], [0.0, 0.0, 0.0, 1.0]], "actual_top_contact_observed": false, "current_takeover_pose_world": [[-0.00016016076540315005, -4.1475854284110214e-05, 0.9999999863141412, -0.360044002532959], [0.00013274461331078938, 0.9999999903284285, 4.1497114929768176e-05, -0.6099012494087219], [-0.9999999783636982, 0.0001327512577037545, -0.0001601552581578236, 0.9225742816925049], [0.0, 0.0, 0.0, 1.0]], "gap_m": 0.022523714643130965, "height_policy": {"gravity_m_s2": 9.81, "ideal_release_height_reserve_m": 0.005, "ideal_release_max_height_m": 0.05, "ideal_release_min_height_m": 0.02, "maximum_angular_speed_rad_s": 0.08, "maximum_drop_m": 0.05, "maximum_flight_s": 0.25, "maximum_landing_speed_m_s": 1.1, "position_uncertainty_m": 0.002, "prediction_step_s": 0.005, "velocity_uncertainty_m_s": 0.01}, "physical_landing_qualified": false, "reason": "VALIDATED_POST_RELEASE_TRANSITION", "reception_pose_world": [[-0.00016016076540315005, -4.1475854284110214e-05, 0.9999999863141412, -0.360044002532959], [0.00013274461331078938, 0.9999999903284285, 4.1497114929768176e-05, -0.6099012494087219], [-0.9999999783636982, 0.0001327512577037545, -0.0001601552581578236, 0.9000505670493739], [0.0, 0.0, 0.0, 1.0]], "support": {"actual_box_pose": [[-0.00016016076540315005, -4.1475854284110214e-05, 0.9999999863141412, -0.360044002532959], [0.00013274461331078938, 0.9999999903284285, 4.1497114929768176e-05, -0.6099012494087219], [-0.9999999783636982, 0.0001327512577037545, -0.0001601552581578236, 0.9225742816925049], [0.0, 0.0, 0.0, 1.0]], "edge_tolerance_m": 0.002, "footprint_area_m2": 0.11999999740364381, "payload_half_extents_m": [0.3, 0.2, 0.15], "physical_support_observed": false, "reason": "IDEAL_FOOTPRINT_COVERED", "receiver_names": ["conveyor_longitudinal"], "schema": "ideal_receiver_projection_v1", "support_face_local_axis": 0, "support_face_local_sign": 1, "support_obbs": [{"category": "conveyor", "half_extents_m": [0.35, 0.75, 0.06], "name": "conveyor_transverse", "pose_world": [[1.0, 0.0, 0.0, -0.55], [0.0, 1.0, 0.0, 0.35], [0.0, 0.0, 1.0, 0.54], [0.0, 0.0, 0.0, 1.0]]}, {"category": "conveyor", "half_extents_m": [1.4, 0.35, 0.06], "name": "conveyor_longitudinal", "pose_world": [[1.0, 0.0, 0.0, -1.6], [0.0, 1.0, 0.0, -0.7500000000000001], [0.0, 0.0, 1.0, 0.54], [0.0, 0.0, 0.0, 1.0]]}], "support_z_m": 0.6000000000000001, "supported": true, "tolerance_m": 0.0, "unsupported_area_m2": 0}, "vertical_correction_m": -0.022523714643130965}, "time_s": 351.48333333333335, "velocity_error_m_s": 0.00030445259178108104}}, "route_index": 2, "route_world_m": [[-0.360044002532959, -0.6099012494087219, 0.9000505670493739], [-3.351056341347599, -0.6099012494087219, 0.9000505670493739]], "state": "OUTFED_ASSUMED", "takeover_pose_world": [[-0.00016016076540315005, -4.1475854284110214e-05, 0.9999999863141412, -0.360044002532959], [0.00013274461331078938, 0.9999999903284285, 4.1497114929768176e-05, -0.6099012494087219], [-0.9999999783636982, 0.0001327512577037545, -0.0001601552581578236, 0.9225742816925049], [0.0, 0.0, 0.0, 1.0]], "takeover_time_s": 351.48333333333335, "time_s": 361.53749999999087}, "carton_l07_c04": {"actual_attachment_observed": true, "actual_top_contact_observed": false, "attachment_removed": true, "backend_transition_binding_seconds": 0.008333333333333333, "backend_transition_hold_steps_remaining": 0, "carton_id": "carton_l07_c04", "completion_source": "RECEPTION_ASSUMED", "direction_world": [-1.0, 0.0, 0.0], "disabled_collider_paths": ["/Validation/Scene/carton_l07_c04"], "full_envelope_max_x_m": -3.200880835282465, "half_extents_m": [0.3, 0.2, 0.15], "handoff_source": "IDEAL_DOWNSTREAM_FULL_ENVELOPE_CROSSING", "held": false, "model": "SAME_BODY_BOUNDED_IDEAL_RECEPTION", "outfeed_time_s": 197.33749999999085, "output_plane": {"direction": "-X", "name": "trailer_opening_x", "x_m": -3.2}, "pose_world": [[-9.195770766412537e-06, -0.00019607972343992425, 0.9999999807340897, -3.3509228070684967], [7.913129643389598e-05, 0.9999999776453472, 0.00019608045050756095, -0.6100643277168274], [-0.9999999968268377, 7.91330980202342e-05, -9.180254518126318e-06, 0.9000172027058331], [0.0, 0.0, 0.0, 1.0]], "post_landing_physics_qualified": false, "receiver": "conveyor_longitudinal", "reception_region": {"accepted": true, "actual_release_pose_world": [[9.688084473546965e-06, -0.00018971496930788765, 0.9999999819571855, -0.35993292927742004], [5.9989372732539153e-05, 0.9999999802048629, 0.0001897143877933248, -0.6100566983222961], [-0.9999999981537081, 5.9987533681147255e-05, 9.699465163715004e-06, 0.9249003529548645], [0.0, 0.0, 0.0, 1.0]], "actual_top_contact_observed": false, "current_takeover_pose_world": [[-9.195770766412537e-06, -0.00019607972343992425, 0.9999999807340897, -0.35992926359176636], [7.913129643389598e-05, 0.9999999776453472, 0.00019608045050756095, -0.6100643277168274], [-0.9999999968268377, 7.91330980202342e-05, -9.180254518126318e-06, 0.9227736592292786], [0.0, 0.0, 0.0, 1.0]], "gap_m": 0.02275645652344549, "height_policy": {"gravity_m_s2": 9.81, "ideal_release_height_reserve_m": 0.005, "ideal_release_max_height_m": 0.05, "ideal_release_min_height_m": 0.02, "maximum_angular_speed_rad_s": 0.08, "maximum_drop_m": 0.05, "maximum_flight_s": 0.25, "maximum_landing_speed_m_s": 1.1, "position_uncertainty_m": 0.002, "prediction_step_s": 0.005, "velocity_uncertainty_m_s": 0.01}, "physical_landing_qualified": false, "reason": "VALIDATED_POST_RELEASE_TRANSITION", "reception_pose_world": [[-9.195770766412537e-06, -0.00019607972343992425, 0.9999999807340897, -0.35992926359176636], [7.913129643389598e-05, 0.9999999776453472, 0.00019608045050756095, -0.6100643277168274], [-0.9999999968268377, 7.91330980202342e-05, -9.180254518126318e-06, 0.9000172027058331], [0.0, 0.0, 0.0, 1.0]], "support": {"actual_box_pose": [[-9.195770766412537e-06, -0.00019607972343992425, 0.9999999807340897, -0.35992926359176636], [7.913129643389598e-05, 0.9999999776453472, 0.00019608045050756095, -0.6100643277168274], [-0.9999999968268377, 7.91330980202342e-05, -9.180254518126318e-06, 0.9227736592292786], [0.0, 0.0, 0.0, 1.0]], "edge_tolerance_m": 0.002, "footprint_area_m2": 0.11999999961922059, "payload_half_extents_m": [0.3, 0.2, 0.15], "physical_support_observed": false, "reason": "IDEAL_FOOTPRINT_COVERED", "receiver_names": ["conveyor_longitudinal"], "schema": "ideal_receiver_projection_v1", "support_face_local_axis": 0, "support_face_local_sign": 1, "support_obbs": [{"category": "conveyor", "half_extents_m": [0.35, 0.75, 0.06], "name": "conveyor_transverse", "pose_world": [[1.0, 0.0, 0.0, -0.55], [0.0, 1.0, 0.0, 0.35], [0.0, 0.0, 1.0, 0.54], [0.0, 0.0, 0.0, 1.0]]}, {"category": "conveyor", "half_extents_m": [1.4, 0.35, 0.06], "name": "conveyor_longitudinal", "pose_world": [[1.0, 0.0, 0.0, -1.6], [0.0, 1.0, 0.0, -0.7500000000000001], [0.0, 0.0, 1.0, 0.54], [0.0, 0.0, 0.0, 1.0]]}], "support_z_m": 0.6000000000000001, "supported": true, "tolerance_m": 0.0, "unsupported_area_m2": 0}, "vertical_correction_m": -0.02275645652344549}, "release_handoff_evidence": {"context": {"receiver": "conveyor_longitudinal", "target": "carton_l07_c04", "task_id": "0", "transport_policy": {"downstream_capacity": "assumed_sufficient", "evaluate_post_landing_environment_collisions": false, "evaluate_tipping": false, "mode": "ideal_outfeed", "output_plane": {"direction": "-X", "name": "trailer_opening_x", "x_m": -3.2}, "reception_mode": "ideal", "tail_protection_enabled": false}, "world_id": "1790577723.9653654"}, "release": {"audit": {"accepted": true, "actual_landing_state": null, "actual_support": null, "angular_velocity_rad_s": [0.0021324120461940765, 0.0023823133669793606, -0.0004463016812223941], "flight_time_s": 0.0, "height_m": 0.02488690108224123, "landing_support": {"actual_box_pose": [[9.688084473546965e-06, -0.00018971496930788765, 0.9999999819571855, -0.35993292927742004], [5.9989372732539153e-05, 0.9999999802048629, 0.0001897143877933248, -0.6100566983222961], [-0.9999999981537081, 5.9987533681147255e-05, 9.699465163715004e-06, 0.9249003529548645], [0.0, 0.0, 0.0, 1.0]], "edge_tolerance_m": 0.002, "footprint_area_m2": 0.11999999977844494, "payload_half_extents_m": [0.3, 0.2, 0.15], "physical_support_observed": false, "reason": "IDEAL_FOOTPRINT_COVERED", "receiver_names": ["conveyor_longitudinal"], "schema": "ideal_receiver_projection_v1", "support_face_local_axis": 0, "support_face_local_sign": 1, "support_obbs": [{"category": "conveyor", "half_extents_m": [0.35, 0.75, 0.06], "name": "conveyor_transverse", "pose_world": [[1.0, 0.0, 0.0, -0.55], [0.0, 1.0, 0.0, 0.35], [0.0, 0.0, 1.0, 0.54], [0.0, 0.0, 0.0, 1.0]]}, {"category": "conveyor", "half_extents_m": [1.4, 0.35, 0.06], "name": "conveyor_longitudinal", "pose_world": [[1.0, 0.0, 0.0, -1.6], [0.0, 1.0, 0.0, -0.7500000000000001], [0.0, 0.0, 1.0, 0.54], [0.0, 0.0, 0.0, 1.0]]}], "support_z_m": 0.6000000000000001, "supported": true, "tolerance_m": 0.0, "unsupported_area_m2": 0}, "linear_velocity_m_s": [0.0003983229980804026, -0.00036246562376618385, 0.02029033564031124], "mode": "IDEAL_RECEPTION_RELEASE", "policy": {"gravity_m_s2": 9.81, "ideal_release_height_reserve_m": 0.005, "ideal_release_max_height_m": 0.05, "ideal_release_min_height_m": 0.02, "maximum_angular_speed_rad_s": 0.08, "maximum_drop_m": 0.05, "maximum_flight_s": 0.25, "maximum_landing_speed_m_s": 1.1, "position_uncertainty_m": 0.002, "prediction_step_s": 0.005, "velocity_uncertainty_m_s": 0.01}, "predicted_landing_pose_world": [[9.688084473546965e-06, -0.00018971496930788765, 0.9999999819571855, -0.35993292927742004], [5.9989372732539153e-05, 0.9999999802048629, 0.0001897143877933248, -0.6100566983222961], [-0.9999999981537081, 5.9987533681147255e-05, 9.699465163715004e-06, 0.9000134518726233], [0.0, 0.0, 0.0, 1.0]], "prediction_source": "BOUNDED_IDEAL_RECEPTION_REGION_NOT_PHYSICAL_LANDING", "reason": "IDEAL_RECEPTION_REGION_ACCEPTED", "reception_region": {"accepted": true, "actual_release_pose_world": [[9.688084473546965e-06, -0.00018971496930788765, 0.9999999819571855, -0.35993292927742004], [5.9989372732539153e-05, 0.9999999802048629, 0.0001897143877933248, -0.6100566983222961], [-0.9999999981537081, 5.9987533681147255e-05, 9.699465163715004e-06, 0.9249003529548645], [0.0, 0.0, 0.0, 1.0]], "actual_top_contact_observed": false, "gap_m": 0.02488690108224123, "height_policy": {"gravity_m_s2": 9.81, "ideal_release_height_reserve_m": 0.005, "ideal_release_max_height_m": 0.05, "ideal_release_min_height_m": 0.02, "maximum_angular_speed_rad_s": 0.08, "maximum_drop_m": 0.05, "maximum_flight_s": 0.25, "maximum_landing_speed_m_s": 1.1, "position_uncertainty_m": 0.002, "prediction_step_s": 0.005, "velocity_uncertainty_m_s": 0.01}, "physical_landing_qualified": false, "reason": "IDEAL_RECEPTION_REGION_ACCEPTED", "reception_pose_world": [[9.688084473546965e-06, -0.00018971496930788765, 0.9999999819571855, -0.35993292927742004], [5.9989372732539153e-05, 0.9999999802048629, 0.0001897143877933248, -0.6100566983222961], [-0.9999999981537081, 5.9987533681147255e-05, 9.699465163715004e-06, 0.9000134518726233], [0.0, 0.0, 0.0, 1.0]], "support": {"actual_box_pose": [[9.688084473546965e-06, -0.00018971496930788765, 0.9999999819571855, -0.35993292927742004], [5.9989372732539153e-05, 0.9999999802048629, 0.0001897143877933248, -0.6100566983222961], [-0.9999999981537081, 5.9987533681147255e-05, 9.699465163715004e-06, 0.9249003529548645], [0.0, 0.0, 0.0, 1.0]], "edge_tolerance_m": 0.002, "footprint_area_m2": 0.11999999977844494, "payload_half_extents_m": [0.3, 0.2, 0.15], "physical_support_observed": false, "reason": "IDEAL_FOOTPRINT_COVERED", "receiver_names": ["conveyor_longitudinal"], "schema": "ideal_receiver_projection_v1", "support_face_local_axis": 0, "support_face_local_sign": 1, "support_obbs": [{"category": "conveyor", "half_extents_m": [0.35, 0.75, 0.06], "name": "conveyor_transverse", "pose_world": [[1.0, 0.0, 0.0, -0.55], [0.0, 1.0, 0.0, 0.35], [0.0, 0.0, 1.0, 0.54], [0.0, 0.0, 0.0, 1.0]]}, {"category": "conveyor", "half_extents_m": [1.4, 0.35, 0.06], "name": "conveyor_longitudinal", "pose_world": [[1.0, 0.0, 0.0, -1.6], [0.0, 1.0, 0.0, -0.7500000000000001], [0.0, 0.0, 1.0, 0.54], [0.0, 0.0, 0.0, 1.0]]}], "support_z_m": 0.6000000000000001, "supported": true, "tolerance_m": 0.0, "unsupported_area_m2": 0}, "vertical_correction_m": -0.02488690108224123}, "release_pose_world": [[9.688084473546965e-06, -0.00018971496930788765, 0.9999999819571855, -0.35993292927742004], [5.9989372732539153e-05, 0.9999999802048629, 0.0001897143877933248, -0.6100566983222961], [-0.9999999981537081, 5.9987533681147255e-05, 9.699465163715004e-06, 0.9249003529548645], [0.0, 0.0, 0.0, 1.0]]}, "measurement": {"angular_velocity": [0.0021324120461940765, 0.0023823133669793606, -0.0004463016812223941], "current_cartons": [{"angular_velocity_rad_s": [0.0, 0.0, 0.0], "center_m": [0.3000170588493347, -0.8400931358337402, 0.1500009149312973], "linear_velocity_m_s": [0.0, 0.0, 0.0], "mass_kg": 42.5, "name": "carton_l00_c00", "prim_path": "/Validation/Scene/carton_l00_c00", "quaternion_wxyz": [1.0, 5.996738764224574e-06, -4.294523023418151e-06, -1.0374270459578838e-05], "size_m": [0.6, 0.4, 0.3]}, {"angular_velocity_rad_s": [0.0, 0.0, 0.0], "center_m": [0.2999294102191925, -0.42007413506507874, 0.15000054240226746], "linear_velocity_m_s": [0.0, 0.0, 0.0], "mass_kg": 42.5, "name": "carton_l00_c01", "prim_path": "/Validation/Scene/carton_l00_c01", "quaternion_wxyz": [1.0, 4.278733740648022e-06, -2.350278691665153e-06, 6.962824045331217e-06], "size_m": [0.6, 0.4, 0.3]}, {"angular_velocity_rad_s": [0.0, 0.0, 0.0], "center_m": [0.2999831736087799, -0.00018912680388893932, 0.15000100433826447], "linear_velocity_m_s": [0.0, 0.0, 0.0], "mass_kg": 42.5, "name": "carton_l00_c02", "prim_path": "/Validation/Scene/carton_l00_c02", "quaternion_wxyz": [1.0, 1.9773786334553733e-05, -1.2110842362744734e-05, -1.0352840945415664e-05], "size_m": [0.6, 0.4, 0.3]}, {"angular_velocity_rad_s": [0.0, 0.0, 0.0], "center_m": [0.29996612668037415, 0.41987690329551697, 0.15000052750110626], "linear_velocity_m_s": [0.0, 0.0, 0.0], "mass_kg": 42.5, "name": "carton_l00_c03", "prim_path": "/Validation/Scene/carton_l00_c03", "quaternion_wxyz": [1.0, 2.000238237087615e-05, -1.2224792044435162e-05, -8.004440132935997e-06], "size_m": [0.6, 0.4, 0.3]}, {"angular_velocity_rad_s": [0.0, 0.0, 0.0], "center_m": [0.2999745011329651, 0.8398594260215759, 0.15000084042549133], "linear_velocity_m_s": [0.0, 0.0, 0.0], "mass_kg": 42.5, "name": "carton_l00_c04", "prim_path": "/Validation/Scene/carton_l00_c04", "quaternion_wxyz": [1.0, 2.7949952709604986e-05, -1.6361629604944028e-05, -1.3008688256377354e-05], "size_m": [0.6, 0.4, 0.3]}, {"angular_velocity_rad_s": [0.0, 0.0, 0.0], "center_m": [0.3001517057418823, -0.8402995467185974, 0.45000892877578735], "linear_velocity_m_s": [0.0, 0.0, 0.0], "mass_kg": 42.5, "name": "carton_l01_c00", "prim_path": "/Validation/Scene/carton_l01_c00", "quaternion_wxyz": [1.0, -1.1147690202051308e-06, 3.807963821600424e-06, -1.6156125639099628e-05], "size_m": [0.6, 0.4, 0.3]}, {"angular_velocity_rad_s": [0.0, 0.0, 0.0], "center_m": [0.2996756434440613, -0.4200263023376465, 0.4500087797641754], "linear_velocity_m_s": [0.0, 0.0, 0.0], "mass_kg": 42.5, "name": "carton_l01_c01", "prim_path": "/Validation/Scene/carton_l01_c01", "quaternion_wxyz": [1.0, 5.438961125037167e-06, 1.353855054730957e-07, 3.837752956314944e-05], "size_m": [0.6, 0.4, 0.3]}, {"angular_velocity_rad_s": [0.0, 0.0, 0.0], "center_m": [0.30012476444244385, -0.00046056872815825045, 0.45002099871635437], "linear_velocity_m_s": [0.0, 0.0, 0.0], "mass_kg": 42.5, "name": "carton_l01_c02", "prim_path": "/Validation/Scene/carton_l01_c02", "quaternion_wxyz": [1.0, 2.760072675300762e-05, -2.180708179366775e-06, 1.505901036580326e-05], "size_m": [0.6, 0.4, 0.3]}, {"angular_velocity_rad_s": [0.0, 0.0, 0.0], "center_m": [0.2999613285064697, 0.419653058052063, 0.45000985264778137], "linear_velocity_m_s": [0.0, 0.0, 0.0], "mass_kg": 42.5, "name": "carton_l01_c03", "prim_path": "/Validation/Scene/carton_l01_c03", "quaternion_wxyz": [1.0, 6.909494004503358e-06, 3.985196030953375e-07, -1.790541864465922e-05], "size_m": [0.6, 0.4, 0.3]}, {"angular_velocity_rad_s": [0.0, 0.0, 0.0], "center_m": [0.29995977878570557, 0.8395826816558838, 0.45001736283302307], "linear_velocity_m_s": [0.0, 0.0, 0.0], "mass_kg": 42.5, "name": "carton_l01_c04", "prim_path": "/Validation/Scene/carton_l01_c04", "quaternion_wxyz": [1.0, 8.439964403805789e-06, -6.509905233542668e-06, -3.3146316127385944e-05], "size_m": [0.6, 0.4, 0.3]}, {"angular_velocity_rad_s": [0.0, 0.0, 0.0], "center_m": [0.3002105951309204, -0.8403475880622864, 0.750011682510376], "linear_velocity_m_s": [0.0, 0.0, 0.0], "mass_kg": 42.5, "name": "carton_l02_c00", "prim_path": "/Validation/Scene/carton_l02_c00", "quaternion_wxyz": [1.0, -6.368061349348864e-06, -4.094722044101218e-06, -1.3954548194305971e-05], "size_m": [0.6, 0.4, 0.3]}, {"angular_velocity_rad_s": [0.0, 0.0, 0.0], "center_m": [0.29937100410461426, -0.41969865560531616, 0.7500169277191162], "linear_velocity_m_s": [0.0, 0.0, 0.0], "mass_kg": 42.5, "name": "carton_l02_c01", "prim_path": "/Validation/Scene/carton_l02_c01", "quaternion_wxyz": [1.0, 4.719613571069203e-06, 1.5172197436186252e-06, 5.265786967356689e-05], "size_m": [0.6, 0.4, 0.3]}, {"angular_velocity_rad_s": [0.0, 0.0, 0.0], "center_m": [0.3003236651420593, -0.00044631920172832906, 0.7500404119491577], "linear_velocity_m_s": [0.0, 0.0, 0.0], "mass_kg": 42.5, "name": "carton_l02_c02", "prim_path": "/Validation/Scene/carton_l02_c02", "quaternion_wxyz": [1.0, -3.087162258452736e-05, 1.1423114301578607e-05, 3.497497164062224e-05], "size_m": [0.6, 0.4, 0.3]}, {"angular_velocity_rad_s": [0.0, 0.0, 0.0], "center_m": [0.2999940514564514, 0.41962680220603943, 0.7500329613685608], "linear_velocity_m_s": [0.0, 0.0, 0.0], "mass_kg": 42.5, "name": "carton_l02_c03", "prim_path": "/Validation/Scene/carton_l02_c03", "quaternion_wxyz": [1.0, -2.8618876967811957e-05, 6.2362905737245455e-06, -1.8348517187405378e-05], "size_m": [0.6, 0.4, 0.3]}, {"angular_velocity_rad_s": [0.0, 0.0, 0.0], "center_m": [0.2999827563762665, 0.8395511507987976, 0.7500432729721069], "linear_velocity_m_s": [0.0, 0.0, 0.0], "mass_kg": 42.5, "name": "carton_l02_c04", "prim_path": "/Validation/Scene/carton_l02_c04", "quaternion_wxyz": [1.0, -4.331777381594293e-05, 1.646981036174111e-05, -3.5024466342292726e-05], "size_m": [0.6, 0.4, 0.3]}, {"angular_velocity_rad_s": [0.0, 0.0, 0.0], "center_m": [0.30029213428497314, -0.8402497172355652, 1.0500154495239258], "linear_velocity_m_s": [0.0, 0.0, 0.0], "mass_kg": 42.5, "name": "carton_l03_c00", "prim_path": "/Validation/Scene/carton_l03_c00", "quaternion_wxyz": [1.0, -7.76108936406672e-06, 8.633097422716673e-06, -3.4633992527233204e-06], "size_m": [0.6, 0.4, 0.3]}, {"angular_velocity_rad_s": [0.0, 0.0, 0.0], "center_m": [0.2995627224445343, -0.4195310175418854, 1.0500246286392212], "linear_velocity_m_s": [0.0, 0.0, 0.0], "mass_kg": 42.5, "name": "carton_l03_c01", "prim_path": "/Validation/Scene/carton_l03_c01", "quaternion_wxyz": [1.0, 2.756827370831161e-06, 6.538459160765342e-07, 5.788353519164957e-05], "size_m": [0.6, 0.4, 0.3]}, {"angular_velocity_rad_s": [0.0, 0.0, 0.0], "center_m": [0.30078840255737305, -0.0001610579784028232, 1.0500445365905762], "linear_velocity_m_s": [0.0, 0.0, 0.0], "mass_kg": 42.5, "name": "carton_l03_c02", "prim_path": "/Validation/Scene/carton_l03_c02", "quaternion_wxyz": [1.0, -1.6158875268956763e-06, -5.556407245421724e-07, 5.223268090048805e-05], "size_m": [0.6, 0.4, 0.3]}, {"angular_velocity_rad_s": [0.0, 0.0, 0.0], "center_m": [0.30014359951019287, 0.41983863711357117, 1.0500365495681763], "linear_velocity_m_s": [0.0, 0.0, 0.0], "mass_kg": 42.5, "name": "carton_l03_c03", "prim_path": "/Validation/Scene/carton_l03_c03", "quaternion_wxyz": [1.0, -1.2041434729326284e-06, -6.470248081313912e-06, -6.716146344842855e-06], "size_m": [0.6, 0.4, 0.3]}, {"angular_velocity_rad_s": [0.0, 0.0, 0.0], "center_m": [0.3001038432121277, 0.8397587537765503, 1.0500497817993164], "linear_velocity_m_s": [0.0, 0.0, 0.0], "mass_kg": 42.5, "name": "carton_l03_c04", "prim_path": "/Validation/Scene/carton_l03_c04", "quaternion_wxyz": [1.0, -6.419531473511597e-06, 3.010045475093648e-06, -2.0581403077812865e-05], "size_m": [0.6, 0.4, 0.3]}, {"angular_velocity_rad_s": [0.0, 0.0, 0.0], "center_m": [0.30041393637657166, -0.8401116132736206, 1.3500159978866577], "linear_velocity_m_s": [0.0, 0.0, 0.0], "mass_kg": 42.5, "name": "carton_l04_c00", "prim_path": "/Validation/Scene/carton_l04_c00", "quaternion_wxyz": [1.0, -1.3988037608214654e-06, 5.1393139983701985e-06, 7.7001359386486e-06], "size_m": [0.6, 0.4, 0.3]}, {"angular_velocity_rad_s": [0.0, 0.0, 0.0], "center_m": [0.2995685338973999, -0.418926864862442, 1.3500311374664307], "linear_velocity_m_s": [0.0, 0.0, 0.0], "mass_kg": 42.5, "name": "carton_l04_c01", "prim_path": "/Validation/Scene/carton_l04_c01", "quaternion_wxyz": [1.0, -8.342965884367004e-06, 4.269965359071648e-07, 3.3099706342909485e-05], "size_m": [0.6, 0.4, 0.3]}, {"angular_velocity_rad_s": [0.0, 0.0, 0.0], "center_m": [0.3017940819263458, 0.0003531992551870644, 1.350061297416687], "linear_velocity_m_s": [0.0, 0.0, 0.0], "mass_kg": 42.5, "name": "carton_l04_c02", "prim_path": "/Validation/Scene/carton_l04_c02", "quaternion_wxyz": [1.0, -2.219935595348943e-06, 1.2412188880261965e-05, 6.990251858951524e-05], "size_m": [0.6, 0.4, 0.3]}, {"angular_velocity_rad_s": [0.0, 0.0, 0.0], "center_m": [0.3003370463848114, 0.4201090335845947, 1.3500515222549438], "linear_velocity_m_s": [0.0, 0.0, 0.0], "mass_kg": 42.5, "name": "carton_l04_c03", "prim_path": "/Validation/Scene/carton_l04_c03", "quaternion_wxyz": [1.0, -2.427666913717985e-06, 8.393596544920001e-06, 9.54078586801188e-06], "size_m": [0.6, 0.4, 0.3]}, {"angular_velocity_rad_s": [0.0, 0.0, 0.0], "center_m": [0.30023202300071716, 0.8399906754493713, 1.3500739336013794], "linear_velocity_m_s": [0.0, 0.0, 0.0], "mass_kg": 42.5, "name": "carton_l04_c04", "prim_path": "/Validation/Scene/carton_l04_c04", "quaternion_wxyz": [1.0, -3.3040860216715373e-06, 4.310652457206743e-06, 5.166821665625321e-06], "size_m": [0.6, 0.4, 0.3]}, {"angular_velocity_rad_s": [0.0, 0.0, 0.0], "center_m": [0.30863267183303833, -0.8418313264846802, 1.650018572807312], "linear_velocity_m_s": [0.0, 0.0, 0.0], "mass_kg": 42.5, "name": "carton_l05_c00", "prim_path": "/Validation/Scene/carton_l05_c00", "quaternion_wxyz": [0.9999996423721313, 3.3352532113894995e-07, 1.2669319403357804e-05, -0.0008786754333414137], "size_m": [0.6, 0.4, 0.3]}, {"angular_velocity_rad_s": [0.0, 0.0, 0.0], "center_m": [0.29988816380500793, -0.4178119897842407, 1.650032877922058], "linear_velocity_m_s": [0.0, 0.0, 0.0], "mass_kg": 42.5, "name": "carton_l05_c01", "prim_path": "/Validation/Scene/carton_l05_c01", "quaternion_wxyz": [1.0, -2.8698154892481398e-06, -4.047369657200761e-07, 9.942942597263027e-06], "size_m": [0.6, 0.4, 0.3]}, {"angular_velocity_rad_s": [0.0, 0.0, 0.0], "center_m": [0.3030354976654053, 0.000646332569885999, 1.6500625610351562], "linear_velocity_m_s": [0.0, 0.0, 0.0], "mass_kg": 42.5, "name": "carton_l05_c02", "prim_path": "/Validation/Scene/carton_l05_c02", "quaternion_wxyz": [1.0, 1.1723031093424652e-05, 5.360882369132014e-06, 4.990074012312107e-05], "size_m": [0.6, 0.4, 0.3]}, {"angular_velocity_rad_s": [0.0, 0.0, 0.0], "center_m": [0.3010389506816864, 0.42046457529067993, 1.6500520706176758], "linear_velocity_m_s": [0.0, 0.0, 0.0], "mass_kg": 42.5, "name": "carton_l05_c03", "prim_path": "/Validation/Scene/carton_l05_c03", "quaternion_wxyz": [1.0, 1.1783898116846103e-05, 9.64732862485107e-07, -2.7304773539071903e-05], "size_m": [0.6, 0.4, 0.3]}, {"angular_velocity_rad_s": [0.0, 0.0, 0.0], "center_m": [0.3003174960613251, 0.8401376605033875, 1.6500768661499023], "linear_velocity_m_s": [0.0, 0.0, 0.0], "mass_kg": 42.5, "name": "carton_l05_c04", "prim_path": "/Validation/Scene/carton_l05_c04", "quaternion_wxyz": [1.0, 1.511441314505646e-05, -3.249550445616478e-06, 2.0923665942973457e-05], "size_m": [0.6, 0.4, 0.3]}, {"angular_velocity_rad_s": [0.0, 0.0, 0.0], "center_m": [0.3086722493171692, -0.841716468334198, 1.9500188827514648], "linear_velocity_m_s": [0.0, 0.0, 0.0], "mass_kg": 42.5, "name": "carton_l06_c00", "prim_path": "/Validation/Scene/carton_l06_c00", "quaternion_wxyz": [0.9999995827674866, 2.8665933768934337e-06, 1.1099733455921523e-05, -0.0008812182350084186], "size_m": [0.6, 0.4, 0.3]}, {"angular_velocity_rad_s": [0.0, 0.0, 0.0], "center_m": [0.3026474118232727, -0.4171749949455261, 1.9500346183776855], "linear_velocity_m_s": [0.0, 0.0, 0.0], "mass_kg": 42.5, "name": "carton_l06_c01", "prim_path": "/Validation/Scene/carton_l06_c01", "quaternion_wxyz": [0.9999991655349731, -4.589062882587314e-06, 5.426842335509718e-07, 0.0013390978565439582], "size_m": [0.6, 0.4, 0.3]}, {"angular_velocity_rad_s": [0.0, 0.0, 0.0], "center_m": [0.307615727186203, 0.00032905174884945154, 1.9500679969787598], "linear_velocity_m_s": [0.0, 0.0, 0.0], "mass_kg": 42.5, "name": "carton_l06_c02", "prim_path": "/Validation/Scene/carton_l06_c02", "quaternion_wxyz": [1.0, 9.10752987692831e-06, 4.647310561267659e-06, 0.00022523204097524285], "size_m": [0.6, 0.4, 0.3]}, {"angular_velocity_rad_s": [0.0, 0.0, 0.0], "center_m": [0.3204244077205658, 0.42741262912750244, 1.9500573873519897], "linear_velocity_m_s": [0.0, 0.0, 0.0], "mass_kg": 42.5, "name": "carton_l06_c03", "prim_path": "/Validation/Scene/carton_l06_c03", "quaternion_wxyz": [1.0, 1.559632619319018e-05, 2.9090047064528335e-06, -8.642089233035222e-05], "size_m": [0.6, 0.4, 0.3]}, {"angular_velocity_rad_s": [0.0, 0.0, 0.0], "center_m": [0.30042150616645813, 0.8402755260467529, 1.9500850439071655], "linear_velocity_m_s": [0.0, 0.0, 0.0], "mass_kg": 42.5, "name": "carton_l06_c04", "prim_path": "/Validation/Scene/carton_l06_c04", "quaternion_wxyz": [1.0, 2.206496719736606e-05, -5.182562745176256e-06, 3.6535144317895174e-05], "size_m": [0.6, 0.4, 0.3]}, {"angular_velocity_rad_s": [0.0, 0.0, 0.0], "center_m": [0.30850499868392944, -0.8431874513626099, 2.2500195503234863], "linear_velocity_m_s": [0.0, 0.0, 0.0], "mass_kg": 42.5, "name": "carton_l07_c00", "prim_path": "/Validation/Scene/carton_l07_c00", "quaternion_wxyz": [0.9999958276748657, 2.6207699193037115e-06, 1.192363015434239e-05, -0.0028908951207995415], "size_m": [0.6, 0.4, 0.3]}, {"angular_velocity_rad_s": [0.0021324120461940765, 0.0023823133669793606, -0.0004463016812223941], "center_m": [-0.35993292927742004, -0.6100566983222961, 0.9249003529548645], "linear_velocity_m_s": [0.0003983229980804026, -0.00036246562376618385, 0.02029033564031124], "mass_kg": 42.5, "name": "carton_l07_c04", "prim_path": "/Validation/Scene/carton_l07_c04", "quaternion_wxyz": [0.7071102261543274, -4.5865148422308266e-05, 0.7071033716201782, 8.828339196043089e-05], "size_m": [0.6, 0.4, 0.3]}], "linear_velocity": [0.0003983229980804026, -0.00036246562376618385, 0.02029033564031124], "position": [-0.35993292927742004, -0.6100566983222961, 0.9249003529548645], "rotation": [[9.688084473546965e-06, -0.00018971496930788765, 0.9999999819571855], [5.9989372732539153e-05, 0.9999999802048629, 0.0001897143877933248], [-0.9999999981537081, 5.9987533681147255e-05, 9.699465163715004e-06]]}, "time_s": 187.2625}, "removal": {"joint_present": false, "minimum_rotation_rad": 0.01, "minimum_translation_m": 0.002, "relative_rotation_rad": 1.3913759284576484e-05, "relative_translation_m": 0.002126069624919185, "time_s": 187.28333333333333}, "takeover": {"accepted": true, "actual_release_height_m": 0.02488690108224123, "angular_velocity_rad_s": [0.0012997526209801435, 0.0013699850533157587, 0.0003350811603013426], "current_pose_world": [[-9.195770766412537e-06, -0.00019607972343992425, 0.9999999807340897, -0.35992926359176636], [7.913129643389598e-05, 0.9999999776453472, 0.00019608045050756095, -0.6100643277168274], [-0.9999999968268377, 7.91330980202342e-05, -9.180254518126318e-06, 0.9227736592292786], [0.0, 0.0, 0.0, 1.0]], "elapsed_s": 0.020833333333342807, "first_takeover_height_m": 0.02275645652344549, "linear_velocity_m_s": [0.00027193152345716953, -0.00024157308507710695, -0.18376369774341583], "position_error_m": 0.0004205283273418852, "position_limit_m": 0.00271927083333366, "reason": "LEGAL_RELEASE_TO_IDEAL_TAKEOVER", "reception_region": {"accepted": true, "actual_release_pose_world": [[9.688084473546965e-06, -0.00018971496930788765, 0.9999999819571855, -0.35993292927742004], [5.9989372732539153e-05, 0.9999999802048629, 0.0001897143877933248, -0.6100566983222961], [-0.9999999981537081, 5.9987533681147255e-05, 9.699465163715004e-06, 0.9249003529548645], [0.0, 0.0, 0.0, 1.0]], "actual_top_contact_observed": false, "current_takeover_pose_world": [[-9.195770766412537e-06, -0.00019607972343992425, 0.9999999807340897, -0.35992926359176636], [7.913129643389598e-05, 0.9999999776453472, 0.00019608045050756095, -0.6100643277168274], [-0.9999999968268377, 7.91330980202342e-05, -9.180254518126318e-06, 0.9227736592292786], [0.0, 0.0, 0.0, 1.0]], "gap_m": 0.02275645652344549, "height_policy": {"gravity_m_s2": 9.81, "ideal_release_height_reserve_m": 0.005, "ideal_release_max_height_m": 0.05, "ideal_release_min_height_m": 0.02, "maximum_angular_speed_rad_s": 0.08, "maximum_drop_m": 0.05, "maximum_flight_s": 0.25, "maximum_landing_speed_m_s": 1.1, "position_uncertainty_m": 0.002, "prediction_step_s": 0.005, "velocity_uncertainty_m_s": 0.01}, "physical_landing_qualified": false, "reason": "VALIDATED_POST_RELEASE_TRANSITION", "reception_pose_world": [[-9.195770766412537e-06, -0.00019607972343992425, 0.9999999807340897, -0.35992926359176636], [7.913129643389598e-05, 0.9999999776453472, 0.00019608045050756095, -0.6100643277168274], [-0.9999999968268377, 7.91330980202342e-05, -9.180254518126318e-06, 0.9000172027058331], [0.0, 0.0, 0.0, 1.0]], "support": {"actual_box_pose": [[-9.195770766412537e-06, -0.00019607972343992425, 0.9999999807340897, -0.35992926359176636], [7.913129643389598e-05, 0.9999999776453472, 0.00019608045050756095, -0.6100643277168274], [-0.9999999968268377, 7.91330980202342e-05, -9.180254518126318e-06, 0.9227736592292786], [0.0, 0.0, 0.0, 1.0]], "edge_tolerance_m": 0.002, "footprint_area_m2": 0.11999999961922059, "payload_half_extents_m": [0.3, 0.2, 0.15], "physical_support_observed": false, "reason": "IDEAL_FOOTPRINT_COVERED", "receiver_names": ["conveyor_longitudinal"], "schema": "ideal_receiver_projection_v1", "support_face_local_axis": 0, "support_face_local_sign": 1, "support_obbs": [{"category": "conveyor", "half_extents_m": [0.35, 0.75, 0.06], "name": "conveyor_transverse", "pose_world": [[1.0, 0.0, 0.0, -0.55], [0.0, 1.0, 0.0, 0.35], [0.0, 0.0, 1.0, 0.54], [0.0, 0.0, 0.0, 1.0]]}, {"category": "conveyor", "half_extents_m": [1.4, 0.35, 0.06], "name": "conveyor_longitudinal", "pose_world": [[1.0, 0.0, 0.0, -1.6], [0.0, 1.0, 0.0, -0.7500000000000001], [0.0, 0.0, 1.0, 0.54], [0.0, 0.0, 0.0, 1.0]]}], "support_z_m": 0.6000000000000001, "supported": true, "tolerance_m": 0.0, "unsupported_area_m2": 0}, "vertical_correction_m": -0.02275645652344549}, "time_s": 187.28333333333333, "velocity_error_m_s": 0.0003655261681323074}}, "route_index": 1, "route_world_m": [[-0.35992926359176636, -0.6100643277168274, 0.9000172027058331], [-3.3510419717860316, -0.6100643277168274, 0.9000172027058331]], "state": "OUTFED_ASSUMED", "takeover_pose_world": [[-9.195770766412537e-06, -0.00019607972343992425, 0.9999999807340897, -0.35992926359176636], [7.913129643389598e-05, 0.9999999776453472, 0.00019608045050756095, -0.6100643277168274], [-0.9999999968268377, 7.91330980202342e-05, -9.180254518126318e-06, 0.9227736592292786], [0.0, 0.0, 0.0, 1.0]], "takeover_time_s": 187.28333333333333, "time_s": 197.33749999999085}}, "video_excludes_offline_planning_pauses": true}, "post_release_settle_seconds": 3.0, "post_release_stationary_wait_seconds": 0.0, "pre_simulation_integrity_gate": {"bundle_payload_sha256": "37f38787e81b16013e57b8d457422f5a30594d55c5f75fe1e5e579ba6c6ab346", "integrity_scope": "CONTENT_AND_STALENESS_ONLY_NOT_AUTHORIZATION_OR_SIGNATURE", "source_preflight_fingerprint": "50ac40659f50ca3b5858f8446aef235e5895b0b649a77ffdb3547bbf46503cfc", "status": "PASS"}, "premature_payload_conveyor_contact_count": 0, "premature_payload_conveyor_contacts": [], "qualification_check_details": {"collision_scope_complete": {"reason": "robot self-collision and robot/payload scene contacts were monitored", "status": "PASS"}, "full_schedule_replayed": {"reason": "complete command schedule replayed", "status": "PASS"}, "gripper_limits_calibrated": {"reason": "no calibrated vacuum envelope is claimed in ideal-independent-cup mode", "status": "NOT_APPLICABLE", "suction_mode": "ideal_independent_cups"}, "gripper_limits_from_configuration": {"reason": "vacuum force/break limits are outside the ideal-independent-cup mode", "status": "NOT_APPLICABLE", "suction_mode": "ideal_independent_cups"}, "gripper_wrench_envelope_complete": {"reason": "ideal_independent_cups explicitly assumes holding capacity", "status": "NOT_APPLICABLE", "suction_mode": "ideal_independent_cups"}, "joint_efforts_within_limit": {"reason": "joint effort ratios are unavailable", "status": "NOT_EVALUATED"}, "joint_positions_within_limits": {"reason": "measured joint positions stayed inside the official limits", "status": "PASS"}, "joint_tracking_within_limit": {"limit": 0.05, "measured": 0.0015192851424217224, "reason": "joint tracking is within limit", "status": "PASS", "unit": "rad"}, "payload_attachment_intact": {"minimum_payload_displacement_m": 0.02, "payload_displacement_m": 4.153209940329174, "peak_position_error_m": 1.6970394438515502e-05, "peak_rotation_error_rad": 3.966673436188156e-05, "position_tolerance_m": 0.02, "reason": "payload remained attached through transport", "rotation_tolerance_rad": 0.1, "status": "PASS"}, "placement_within_tolerance": {"limit": 0.08, "measured": 0.022770423985335547, "reason": "settled placement is within tolerance", "status": "PASS", "unit": "m"}, "premature_payload_conveyor_contacts_clear": {"premature_payload_conveyor_contact_count": 0, "reason": "payload did not touch a conveyor before release", "status": "PASS"}, "production_release_adapter": {"reason": "the original payload was opened by the production release adapter", "status": "PASS"}, "release_event_executed": {"reason": "release event executed", "status": "PASS"}, "unexpected_contacts_clear": {"reason": "no unexpected contacts", "status": "PASS", "unexpected_contact_count": 0}}, "qualification_checks": {"collision_scope_complete": true, "full_schedule_replayed": true, "gripper_limits_calibrated": true, "gripper_limits_from_configuration": true, "gripper_wrench_envelope_complete": true, "joint_efforts_within_limit": false, "joint_positions_within_limits": true, "joint_tracking_within_limit": true, "payload_attachment_intact": true, "placement_within_tolerance": true, "premature_payload_conveyor_contacts_clear": true, "production_release_adapter": true, "release_event_executed": true, "unexpected_contacts_clear": true}, "qualification_failures": ["joint_efforts_within_limit"], "qualification_model": "fail_closed_payload_qualification_v2", "qualification_passed": false, "receiver_top_owners": {"/Validation/Scene/conveyor_longitudinal/TopCollision": "/Validation/Scene/conveyor_longitudinal", "/Validation/Scene/conveyor_transverse/TopCollision": "/Validation/Scene/conveyor_transverse"}, "release_angular_velocity_after_one_step_rad_s": [0.0012997526209801435, 0.0013699850533157587, 0.0003350811603013426], "release_angular_velocity_before_rad_s": [0.0021324120461940765, 0.0023823133669793606, -0.0004463016812223941], "release_center_error_m": 0.00015166358115718917, "release_contact_tolerance_seconds": 0.008333333333333333, "release_linear_velocity_after_one_step_m_s": [0.00027193152345716953, -0.00024157308507710695, -0.18376369774341583], "release_linear_velocity_before_m_s": [0.0003983229980804026, -0.00036246562376618385, 0.02029033564031124], "release_mode": "IDEAL_RECEPTION_RELEASE", "release_requires_actual_receiver_support": false, "release_time_seconds": 187.15352454515184, "render_capture_max_carton_delta_m": 0.0, "render_capture_max_joint_delta_rad": 0.0, "render_capture_method": "FABRIC_SYNC_ZERO_DELTA_REPLICATOR", "render_every_physics_steps": 48, "replay_frame_count": 986, "replay_path": "/root/autodl-tmp/curobo-v2-20260928-isaac/trial/isaac_after_import_fix/replay.mp4", "replay_preview_speed": null, "replay_preview_video_path": null, "replay_recorded": true, "replay_video_frame_count": 986, "replay_video_path": "/root/autodl-tmp/curobo-v2-20260928-isaac/trial/isaac_after_import_fix/replay.mp4", "replay_video_physical_time_scale": 1.0, "replay_video_recorded": true, "replay_wall_seconds": 2214.5128948595375, "replayed_simulation_seconds": 197.3375, "retained_receiver_monitor": [], "rms_joint_error_rad": [0.000142632138011914, 0.0003810705314371752, 0.0003031278852765385, 0.00019353209508949216, 0.0001506353485356039, 7.350831078573359e-05], "robot_model": "fanuc_m710id_70", "robot_scene_contact_pair_count": 6, "robot_scene_contact_pairs": [{"active": false, "active_collider_pair_count": 0, "active_physical_collider_pair_count": 0, "actor0": "", "actor1": "/fanuc_m710id_70/Geometry/world/base_link/J1_link/J2_link/J3_link/J4_link/J5_link/J6_link", "collider_pairs": [["", "/fanuc_m710id_70/Geometry/world/base_link/J1_link/J2_link/J3_link/J4_link/J5_link/J6_link/CupCompressedCollision_06"], ["", "/fanuc_m710id_70/Geometry/world/base_link/J1_link/J2_link/J3_link/J4_link/J5_link/J6_link/CupCompressedCollision_07"], ["", "/fanuc_m710id_70/Geometry/world/base_link/J1_link/J2_link/J3_link/J4_link/J5_link/J6_link/CupCompressedCollision_08"], ["", "/fanuc_m710id_70/Geometry/world/base_link/J1_link/J2_link/J3_link/J4_link/J5_link/J6_link/CupCompressedCollision_09"], ["", "/fanuc_m710id_70/Geometry/world/base_link/J1_link/J2_link/J3_link/J4_link/J5_link/J6_link/CupCompressedCollision_10"], ["", "/fanuc_m710id_70/Geometry/world/base_link/J1_link/J2_link/J3_link/J4_link/J5_link/J6_link/CupCompressedCollision_11"], ["", "/fanuc_m710id_70/Geometry/world/base_link/J1_link/J2_link/J3_link/J4_link/J5_link/J6_link/CupCompressedCollision_12"], ["", "/fanuc_m710id_70/Geometry/world/base_link/J1_link/J2_link/J3_link/J4_link/J5_link/J6_link/CupCompressedCollision_13"], ["", "/fanuc_m710id_70/Geometry/world/base_link/J1_link/J2_link/J3_link/J4_link/J5_link/J6_link/CupCompressedCollision_14"], ["", "/fanuc_m710id_70/Geometry/world/base_link/J1_link/J2_link/J3_link/J4_link/J5_link/J6_link/CupCompressedCollision_15"], ["", "/fanuc_m710id_70/Geometry/world/base_link/J1_link/J2_link/J3_link/J4_link/J5_link/J6_link/CupCompressedCollision_16"], ["", "/fanuc_m710id_70/Geometry/world/base_link/J1_link/J2_link/J3_link/J4_link/J5_link/J6_link/CupCompressedCollision_17"], ["", "/fanuc_m710id_70/Geometry/world/base_link/J1_link/J2_link/J3_link/J4_link/J5_link/J6_link/CupCompressedCollision_18"], ["", "/fanuc_m710id_70/Geometry/world/base_link/J1_link/J2_link/J3_link/J4_link/J5_link/J6_link/CupCompressedCollision_19"], ["", "/fanuc_m710id_70/Geometry/world/base_link/J1_link/J2_link/J3_link/J4_link/J5_link/J6_link/CupCompressedCollision_20"], ["", "/fanuc_m710id_70/Geometry/world/base_link/J1_link/J2_link/J3_link/J4_link/J5_link/J6_link/CupCompressedCollision_21"], ["", "/fanuc_m710id_70/Geometry/world/base_link/J1_link/J2_link/J3_link/J4_link/J5_link/J6_link/CupCompressedCollision_22"], ["", "/fanuc_m710id_70/Geometry/world/base_link/J1_link/J2_link/J3_link/J4_link/J5_link/J6_link/CupCompressedCollision_23"], ["", "/fanuc_m710id_70/Geometry/world/base_link/J1_link/J2_link/J3_link/J4_link/J5_link/J6_link/CupCompressedCollision_24"], ["", "/fanuc_m710id_70/Geometry/world/base_link/J1_link/J2_link/J3_link/J4_link/J5_link/J6_link/CupCompressedCollision_25"], ["", "/fanuc_m710id_70/Geometry/world/base_link/J1_link/J2_link/J3_link/J4_link/J5_link/J6_link/CupCompressedCollision_26"], ["", "/fanuc_m710id_70/Geometry/world/base_link/J1_link/J2_link/J3_link/J4_link/J5_link/J6_link/CupCompressedCollision_27"], ["", "/fanuc_m710id_70/Geometry/world/base_link/J1_link/J2_link/J3_link/J4_link/J5_link/J6_link/CupCompressedCollision_28"], ["", "/fanuc_m710id_70/Geometry/world/base_link/J1_link/J2_link/J3_link/J4_link/J5_link/J6_link/CupCompressedCollision_29"], ["", "/fanuc_m710id_70/Geometry/world/base_link/J1_link/J2_link/J3_link/J4_link/J5_link/J6_link/CupCompressedCollision_30"], ["", "/fanuc_m710id_70/Geometry/world/base_link/J1_link/J2_link/J3_link/J4_link/J5_link/J6_link/CupCompressedCollision_31"], ["", "/fanuc_m710id_70/Geometry/world/base_link/J1_link/J2_link/J3_link/J4_link/J5_link/J6_link/CupCompressedCollision_32"], ["", "/fanuc_m710id_70/Geometry/world/base_link/J1_link/J2_link/J3_link/J4_link/J5_link/J6_link/CupCompressedCollision_33"], ["", "/fanuc_m710id_70/Geometry/world/base_link/J1_link/J2_link/J3_link/J4_link/J5_link/J6_link/CupCompressedCollision_34"], ["", "/fanuc_m710id_70/Geometry/world/base_link/J1_link/J2_link/J3_link/J4_link/J5_link/J6_link/CupCompressedCollision_35"], ["", "/fanuc_m710id_70/Geometry/world/base_link/J1_link/J2_link/J3_link/J4_link/J5_link/J6_link/CupCompressedCollision_36"], ["", "/fanuc_m710id_70/Geometry/world/base_link/J1_link/J2_link/J3_link/J4_link/J5_link/J6_link/CupCompressedCollision_37"], ["", "/fanuc_m710id_70/Geometry/world/base_link/J1_link/J2_link/J3_link/J4_link/J5_link/J6_link/CupCompressedCollision_38"], ["", "/fanuc_m710id_70/Geometry/world/base_link/J1_link/J2_link/J3_link/J4_link/J5_link/J6_link/CupCompressedCollision_39"], ["", "/fanuc_m710id_70/Geometry/world/base_link/J1_link/J2_link/J3_link/J4_link/J5_link/J6_link/CupCompressedCollision_40"], ["", "/fanuc_m710id_70/Geometry/world/base_link/J1_link/J2_link/J3_link/J4_link/J5_link/J6_link/CupCompressedCollision_41"], ["", "/fanuc_m710id_70/Geometry/world/base_link/J1_link/J2_link/J3_link/J4_link/J5_link/J6_link/CupCompressedCollision_42"], ["", "/fanuc_m710id_70/Geometry/world/base_link/J1_link/J2_link/J3_link/J4_link/J5_link/J6_link/CupCompressedCollision_43"], ["", "/fanuc_m710id_70/Geometry/world/base_link/J1_link/J2_link/J3_link/J4_link/J5_link/J6_link/CupCompressedCollision_44"], ["", "/fanuc_m710id_70/Geometry/world/base_link/J1_link/J2_link/J3_link/J4_link/J5_link/J6_link/CupCompressedCollision_45"], ["", "/fanuc_m710id_70/Geometry/world/base_link/J1_link/J2_link/J3_link/J4_link/J5_link/J6_link/CupCompressedCollision_46"], ["", "/fanuc_m710id_70/Geometry/world/base_link/J1_link/J2_link/J3_link/J4_link/J5_link/J6_link/CupCompressedCollision_47"], ["", "/fanuc_m710id_70/Geometry/world/base_link/J1_link/J2_link/J3_link/J4_link/J5_link/J6_link/CupCompressedCollision_48"], ["", "/fanuc_m710id_70/Geometry/world/base_link/J1_link/J2_link/J3_link/J4_link/J5_link/J6_link/CupCompressedCollision_49"], ["", "/fanuc_m710id_70/Geometry/world/base_link/J1_link/J2_link/J3_link/J4_link/J5_link/J6_link/CupCompressedCollision_50"], ["", "/fanuc_m710id_70/Geometry/world/base_link/J1_link/J2_link/J3_link/J4_link/J5_link/J6_link/CupCompressedCollision_51"], ["", "/fanuc_m710id_70/Geometry/world/base_link/J1_link/J2_link/J3_link/J4_link/J5_link/J6_link/CupCompressedCollision_52"], ["", "/fanuc_m710id_70/Geometry/world/base_link/J1_link/J2_link/J3_link/J4_link/J5_link/J6_link/CupCompressedCollision_53"], ["", "/fanuc_m710id_70/Geometry/world/base_link/J1_link/J2_link/J3_link/J4_link/J5_link/J6_link/CupCompressedCollision_54"], ["", "/fanuc_m710id_70/Geometry/world/base_link/J1_link/J2_link/J3_link/J4_link/J5_link/J6_link/CupCompressedCollision_55"], ["", "/fanuc_m710id_70/Geometry/world/base_link/J1_link/J2_link/J3_link/J4_link/J5_link/J6_link/CupCompressedCollision_56"], ["", "/fanuc_m710id_70/Geometry/world/base_link/J1_link/J2_link/J3_link/J4_link/J5_link/J6_link/CupCompressedCollision_57"], ["", "/fanuc_m710id_70/Geometry/world/base_link/J1_link/J2_link/J3_link/J4_link/J5_link/J6_link/CupCompressedCollision_58"], ["", "/fanuc_m710id_70/Geometry/world/base_link/J1_link/J2_link/J3_link/J4_link/J5_link/J6_link/CupCompressedCollision_59"], ["", "/fanuc_m710id_70/Geometry/world/base_link/J1_link/J2_link/J3_link/J4_link/J5_link/J6_link/CupCompressedCollision_60"], ["", "/fanuc_m710id_70/Geometry/world/base_link/J1_link/J2_link/J3_link/J4_link/J5_link/J6_link/CupCompressedCollision_61"], ["", "/fanuc_m710id_70/Geometry/world/base_link/J1_link/J2_link/J3_link/J4_link/J5_link/J6_link/CupCompressedCollision_62"], ["", "/fanuc_m710id_70/Geometry/world/base_link/J1_link/J2_link/J3_link/J4_link/J5_link/J6_link/CupCompressedCollision_63"], ["", "/fanuc_m710id_70/Geometry/world/base_link/J1_link/J2_link/J3_link/J4_link/J5_link/J6_link/CupCompressedCollision_64"], ["", "/fanuc_m710id_70/Geometry/world/base_link/J1_link/J2_link/J3_link/J4_link/J5_link/J6_link/CupCompressedCollision_65"]], "contact_data_resolution_counts": {"lost": 60}, "event_count": 60, "first_contact_time_s": 187.2875, "first_physical_contact_time_s": null, "first_physical_contact_trajectory_time_s": null, "found_event_count": 0, "impulse_semantics": "peak_norm_of_per_event_vector_sum_over_contact_points", "last_contact_time_s": 187.2875, "last_event_type": "CONTACT_LOST", "last_header_maximum_separation_m": null, "last_header_minimum_separation_m": null, "last_physical_contact_time_s": null, "last_physical_contact_trajectory_time_s": null, "lost_event_count": 60, "maximum_separation_m": null, "minimum_separation_m": null, "peak_impulse_ns": 0.0, "persist_event_count": 0, "physical_contact_active": false, "physical_contact_event_count": 0, "physical_contact_observed": false, "physical_contact_tolerance_m": 0.003}, {"active": false, "active_collider_pair_count": 0, "active_physical_collider_pair_count": 0, "actor0": "/Validation/Scene/carton_l06_c02", "actor1": "/fanuc_m710id_70/Geometry/world/base_link/J1_link/J2_link/J3_link/J4_link/J5_link/J6_link", "collider_pairs": [["/Validation/Scene/carton_l06_c02", "/fanuc_m710id_70/Geometry/world/base_link/J1_link/J2_link/J3_link/J4_link/J5_link/J6_link/CupCompressedCollision_00"], ["/Validation/Scene/carton_l06_c02", "/fanuc_m710id_70/Geometry/world/base_link/J1_link/J2_link/J3_link/J4_link/J5_link/J6_link/CupCompressedCollision_06"], ["/Validation/Scene/carton_l06_c02", "/fanuc_m710id_70/Geometry/world/base_link/J1_link/J2_link/J3_link/J4_link/J5_link/J6_link/CupCompressedCollision_12"]], "contact_data_resolution_counts": {"lost": 3, "resolved": 218}, "event_count": 221, "first_contact_time_s": 10.6, "first_physical_contact_time_s": null, "first_physical_contact_trajectory_time_s": null, "found_event_count": 3, "impulse_semantics": "peak_norm_of_per_event_vector_sum_over_contact_points", "last_contact_time_s": 11.016666666666666, "last_event_type": "CONTACT_LOST", "last_header_maximum_separation_m": null, "last_header_minimum_separation_m": null, "last_physical_contact_time_s": null, "last_physical_contact_trajectory_time_s": null, "lost_event_count": 3, "maximum_separation_m": 0.02430889941751957, "minimum_separation_m": 0.00747684994712472, "peak_impulse_ns": 0.0, "persist_event_count": 215, "physical_contact_active": false, "physical_contact_event_count": 0, "physical_contact_observed": false, "physical_contact_tolerance_m": 0.003, "runtime_classification_event_counts": {"ALLOWED_STAGE_CONTACT": 218}, "runtime_collider_classifications": {"/Validation/Scene/carton_l06_c02 | /fanuc_m710id_70/Geometry/world/base_link/J1_link/J2_link/J3_link/J4_link/J5_link/J6_link/CupCompressedCollision_00": {"classifications": ["ALLOWED_STAGE_CONTACT"], "first_time_s": 10.6, "last_time_s": 11.0125, "minimum_separation_m": 0.00747684994712472}, "/Validation/Scene/carton_l06_c02 | /fanuc_m710id_70/Geometry/world/base_link/J1_link/J2_link/J3_link/J4_link/J5_link/J6_link/CupCompressedCollision_06": {"classifications": ["ALLOWED_STAGE_CONTACT"], "first_time_s": 10.6625, "last_time_s": 10.995833333333334, "minimum_separation_m": 0.012367061339318752}, "/Validation/Scene/carton_l06_c02 | /fanuc_m710id_70/Geometry/world/base_link/J1_link/J2_link/J3_link/J4_link/J5_link/J6_link/CupCompressedCollision_12": {"classifications": ["ALLOWED_STAGE_CONTACT"], "first_time_s": 10.770833333333332, "last_time_s": 10.920833333333333, "minimum_separation_m": 0.01838872581720352}}}, {"active": false, "active_collider_pair_count": 0, "active_physical_collider_pair_count": 0, "actor0": "/Validation/Scene/carton_l06_c03", "actor1": "/fanuc_m710id_70/Geometry/world/base_link/J1_link/J2_link/J3_link/J4_link/J5_link/J6_link", "collider_pairs": [["/Validation/Scene/carton_l06_c03", "/fanuc_m710id_70/Geometry/world/base_link/J1_link/J2_link/J3_link/J4_link/J5_link/J6_link/CupCompressedCollision_66"], ["/Validation/Scene/carton_l06_c03", "/fanuc_m710id_70/Geometry/world/base_link/J1_link/J2_link/J3_link/J4_link/J5_link/J6_link/CupCompressedCollision_60"]], "contact_data_resolution_counts": {"lost": 2, "resolved": 888}, "event_count": 890, "first_contact_time_s": 34.55416666666667, "first_physical_contact_time_s": null, "first_physical_contact_trajectory_time_s": null, "found_event_count": 2, "impulse_semantics": "peak_norm_of_per_event_vector_sum_over_contact_points", "last_contact_time_s": 36.40833333333334, "last_event_type": "CONTACT_LOST", "last_header_maximum_separation_m": null, "last_header_minimum_separation_m": null, "last_physical_contact_time_s": null, "last_physical_contact_trajectory_time_s": null, "lost_event_count": 2, "maximum_separation_m": 0.01999851129949093, "minimum_separation_m": 0.007923537865281105, "peak_impulse_ns": 0.0, "persist_event_count": 886, "physical_contact_active": false, "physical_contact_event_count": 0, "physical_contact_observed": false, "physical_contact_tolerance_m": 0.003, "runtime_classification_event_counts": {"ALLOWED_STAGE_CONTACT": 888}, "runtime_collider_classifications": {"/Validation/Scene/carton_l06_c03 | /fanuc_m710id_70/Geometry/world/base_link/J1_link/J2_link/J3_link/J4_link/J5_link/J6_link/CupCompressedCollision_60": {"classifications": ["ALLOWED_STAGE_CONTACT"], "first_time_s": 34.55833333333334, "last_time_s": 36.400000000000006, "minimum_separation_m": 0.008076664991676807}, "/Validation/Scene/carton_l06_c03 | /fanuc_m710id_70/Geometry/world/base_link/J1_link/J2_link/J3_link/J4_link/J5_link/J6_link/CupCompressedCollision_66": {"classifications": ["ALLOWED_STAGE_CONTACT"], "first_time_s": 34.55416666666667, "last_time_s": 36.40416666666667, "minimum_separation_m": 0.007923537865281105}}}, {"active": false, "active_collider_pair_count": 0, "active_physical_collider_pair_count": 0, "actor0": "/Validation/Scene/carton_l06_c04", "actor1": "/fanuc_m710id_70/Geometry/world/base_link/J1_link/J2_link/J3_link/J4_link/J5_link/J6_link", "collider_pairs": [["/Validation/Scene/carton_l06_c04", "/fanuc_m710id_70/Geometry/world/base_link/J1_link/J2_link/J3_link/J4_link/J5_link/J6_link/CupCompressedCollision_54"], ["/Validation/Scene/carton_l06_c04", "/fanuc_m710id_70/Geometry/world/base_link/J1_link/J2_link/J3_link/J4_link/J5_link/J6_link/CupCompressedCollision_48"], ["/Validation/Scene/carton_l06_c04", "/fanuc_m710id_70/Geometry/world/base_link/J1_link/J2_link/J3_link/J4_link/J5_link/J6_link/CupCompressedCollision_42"], ["/Validation/Scene/carton_l06_c04", "/fanuc_m710id_70/Geometry/world/base_link/J1_link/J2_link/J3_link/J4_link/J5_link/J6_link/CupCompressedCollision_36"], ["/Validation/Scene/carton_l06_c04", "/fanuc_m710id_70/Geometry/world/base_link/J1_link/J2_link/J3_link/J4_link/J5_link/J6_link/CupCompressedCollision_30"], ["/Validation/Scene/carton_l06_c04", "/fanuc_m710id_70/Geometry/world/base_link/J1_link/J2_link/J3_link/J4_link/J5_link/J6_link/CupCompressedCollision_24"], ["/Validation/Scene/carton_l06_c04", "/fanuc_m710id_70/Geometry/world/base_link/J1_link/J2_link/J3_link/J4_link/J5_link/J6_link/CupCompressedCollision_18"], ["/Validation/Scene/carton_l06_c04", "/fanuc_m710id_70/Geometry/world/base_link/J1_link/J2_link/J3_link/J4_link/J5_link/J6_link/CupCompressedCollision_12"], ["/Validation/Scene/carton_l06_c04", "/fanuc_m710id_70/Geometry/world/base_link/J1_link/J2_link/J3_link/J4_link/J5_link/J6_link/CupCompressedCollision_06"], ["/Validation/Scene/carton_l06_c04", "/fanuc_m710id_70/Geometry/world/base_link/J1_link/J2_link/J3_link/J4_link/J5_link/J6_link/CupCompressedCollision_60"]], "contact_data_resolution_counts": {"lost": 12, "resolved": 4611}, "event_count": 4623, "first_contact_time_s": 34.53333333333334, "first_physical_contact_time_s": null, "first_physical_contact_trajectory_time_s": null, "found_event_count": 12, "impulse_semantics": "peak_norm_of_per_event_vector_sum_over_contact_points", "last_contact_time_s": 36.670833333333334, "last_event_type": "CONTACT_LOST", "last_header_maximum_separation_m": null, "last_header_minimum_separation_m": null, "last_physical_contact_time_s": null, "last_physical_contact_trajectory_time_s": null, "lost_event_count": 12, "maximum_separation_m": 0.019976437091827393, "minimum_separation_m": 0.007496935781091452, "peak_impulse_ns": 0.0, "persist_event_count": 4599, "physical_contact_active": false, "physical_contact_event_count": 0, "physical_contact_observed": false, "physical_contact_tolerance_m": 0.003, "runtime_classification_event_counts": {"ALLOWED_STAGE_CONTACT": 4611}, "runtime_collider_classifications": {"/Validation/Scene/carton_l06_c04 | /fanuc_m710id_70/Geometry/world/base_link/J1_link/J2_link/J3_link/J4_link/J5_link/J6_link/CupCompressedCollision_06": {"classifications": ["ALLOWED_STAGE_CONTACT"], "first_time_s": 34.587500000000006, "last_time_s": 36.38333333333333, "minimum_separation_m": 0.011582301929593086}, "/Validation/Scene/carton_l06_c04 | /fanuc_m710id_70/Geometry/world/base_link/J1_link/J2_link/J3_link/J4_link/J5_link/J6_link/CupCompressedCollision_12": {"classifications": ["ALLOWED_STAGE_CONTACT"], "first_time_s": 34.53333333333334, "last_time_s": 36.66666666666667, "minimum_separation_m": 0.007496935781091452}, "/Validation/Scene/carton_l06_c04 | /fanuc_m710id_70/Geometry/world/base_link/J1_link/J2_link/J3_link/J4_link/J5_link/J6_link/CupCompressedCollision_18": {"classifications": ["ALLOWED_STAGE_CONTACT"], "first_time_s": 34.53333333333334, "last_time_s": 36.66666666666667, "minimum_separation_m": 0.007506362162530422}, "/Validation/Scene/carton_l06_c04 | /fanuc_m710id_70/Geometry/world/base_link/J1_link/J2_link/J3_link/J4_link/J5_link/J6_link/CupCompressedCollision_24": {"classifications": ["ALLOWED_STAGE_CONTACT"], "first_time_s": 34.53333333333334, "last_time_s": 36.66666666666667, "minimum_separation_m": 0.007516697980463505}, "/Validation/Scene/carton_l06_c04 | /fanuc_m710id_70/Geometry/world/base_link/J1_link/J2_link/J3_link/J4_link/J5_link/J6_link/CupCompressedCollision_30": {"classifications": ["ALLOWED_STAGE_CONTACT"], "first_time_s": 34.53333333333334, "last_time_s": 36.66666666666667, "minimum_separation_m": 0.007527578622102737}, "/Validation/Scene/carton_l06_c04 | /fanuc_m710id_70/Geometry/world/base_link/J1_link/J2_link/J3_link/J4_link/J5_link/J6_link/CupCompressedCollision_36": {"classifications": ["ALLOWED_STAGE_CONTACT"], "first_time_s": 34.53333333333334, "last_time_s": 36.66666666666667, "minimum_separation_m": 0.0075386157259345055}, "/Validation/Scene/carton_l06_c04 | /fanuc_m710id_70/Geometry/world/base_link/J1_link/J2_link/J3_link/J4_link/J5_link/J6_link/CupCompressedCollision_42": {"classifications": ["ALLOWED_STAGE_CONTACT"], "first_time_s": 34.53333333333334, "last_time_s": 36.66666666666667, "minimum_separation_m": 0.007549193687736988}, "/Validation/Scene/carton_l06_c04 | /fanuc_m710id_70/Geometry/world/base_link/J1_link/J2_link/J3_link/J4_link/J5_link/J6_link/CupCompressedCollision_48": {"classifications": ["ALLOWED_STAGE_CONTACT"], "first_time_s": 34.53333333333334, "last_time_s": 36.66666666666667, "minimum_separation_m": 0.007559160236269236}, "/Validation/Scene/carton_l06_c04 | /fanuc_m710id_70/Geometry/world/base_link/J1_link/J2_link/J3_link/J4_link/J5_link/J6_link/CupCompressedCollision_54": {"classifications": ["ALLOWED_STAGE_CONTACT"], "first_time_s": 34.53333333333334, "last_time_s": 36.66666666666667, "minimum_separation_m": 0.007570261601358652}, "/Validation/Scene/carton_l06_c04 | /fanuc_m710id_70/Geometry/world/base_link/J1_link/J2_link/J3_link/J4_link/J5_link/J6_link/CupCompressedCollision_60": {"classifications": ["ALLOWED_STAGE_CONTACT"], "first_time_s": 34.59166666666667, "last_time_s": 36.38333333333333, "minimum_separation_m": 0.011881211772561073}}}, {"active": true, "active_collider_pair_count": 60, "active_physical_collider_pair_count": 60, "actor0": "/Validation/Scene/carton_l07_c04", "actor1": "/fanuc_m710id_70/Geometry/world/base_link/J1_link/J2_link/J3_link/J4_link/J5_link/J6_link", "collider_pairs": [["/Validation/Scene/carton_l07_c04", "/fanuc_m710id_70/Geometry/world/base_link/J1_link/J2_link/J3_link/J4_link/J5_link/J6_link/CupCompressedCollision_01"], ["/Validation/Scene/carton_l07_c04", "/fanuc_m710id_70/Geometry/world/base_link/J1_link/J2_link/J3_link/J4_link/J5_link/J6_link/CupCompressedCollision_00"], ["/Validation/Scene/carton_l07_c04", "/fanuc_m710id_70/Geometry/world/base_link/J1_link/J2_link/J3_link/J4_link/J5_link/J6_link/CupCompressedCollision_02"], ["/Validation/Scene/carton_l07_c04", "/fanuc_m710id_70/Geometry/world/base_link/J1_link/J2_link/J3_link/J4_link/J5_link/J6_link/CupCompressedCollision_07"], ["/Validation/Scene/carton_l07_c04", "/fanuc_m710id_70/Geometry/world/base_link/J1_link/J2_link/J3_link/J4_link/J5_link/J6_link/CupCompressedCollision_08"], ["/Validation/Scene/carton_l07_c04", "/fanuc_m710id_70/Geometry/world/base_link/J1_link/J2_link/J3_link/J4_link/J5_link/J6_link/CupCompressedCollision_58"], ["/Validation/Scene/carton_l07_c04", "/fanuc_m710id_70/Geometry/world/base_link/J1_link/J2_link/J3_link/J4_link/J5_link/J6_link/CupCompressedCollision_64"], ["/Validation/Scene/carton_l07_c04", "/fanuc_m710id_70/Geometry/world/base_link/J1_link/J2_link/J3_link/J4_link/J5_link/J6_link/CupCompressedCollision_30"], ["/Validation/Scene/carton_l07_c04", "/fanuc_m710id_70/Geometry/world/base_link/J1_link/J2_link/J3_link/J4_link/J5_link/J6_link/CupCompressedCollision_24"], ["/Validation/Scene/carton_l07_c04", "/fanuc_m710id_70/Geometry/world/base_link/J1_link/J2_link/J3_link/J4_link/J5_link/J6_link/CupCompressedCollision_31"], ["/Validation/Scene/carton_l07_c04", "/fanuc_m710id_70/Geometry/world/base_link/J1_link/J2_link/J3_link/J4_link/J5_link/J6_link/CupCompressedCollision_32"], ["/Validation/Scene/carton_l07_c04", "/fanuc_m710id_70/Geometry/world/base_link/J1_link/J2_link/J3_link/J4_link/J5_link/J6_link/CupCompressedCollision_25"], ["/Validation/Scene/carton_l07_c04", "/fanuc_m710id_70/Geometry/world/base_link/J1_link/J2_link/J3_link/J4_link/J5_link/J6_link/CupCompressedCollision_18"], ["/Validation/Scene/carton_l07_c04", "/fanuc_m710id_70/Geometry/world/base_link/J1_link/J2_link/J3_link/J4_link/J5_link/J6_link/CupCompressedCollision_26"], ["/Validation/Scene/carton_l07_c04", "/fanuc_m710id_70/Geometry/world/base_link/J1_link/J2_link/J3_link/J4_link/J5_link/J6_link/CupCompressedCollision_19"], ["/Validation/Scene/carton_l07_c04", "/fanuc_m710id_70/Geometry/world/base_link/J1_link/J2_link/J3_link/J4_link/J5_link/J6_link/CupCompressedCollision_12"], ["/Validation/Scene/carton_l07_c04", "/fanuc_m710id_70/Geometry/world/base_link/J1_link/J2_link/J3_link/J4_link/J5_link/J6_link/CupCompressedCollision_20"], ["/Validation/Scene/carton_l07_c04", "/fanuc_m710id_70/Geometry/world/base_link/J1_link/J2_link/J3_link/J4_link/J5_link/J6_link/CupCompressedCollision_13"], ["/Validation/Scene/carton_l07_c04", "/fanuc_m710id_70/Geometry/world/base_link/J1_link/J2_link/J3_link/J4_link/J5_link/J6_link/CupCompressedCollision_06"], ["/Validation/Scene/carton_l07_c04", "/fanuc_m710id_70/Geometry/world/base_link/J1_link/J2_link/J3_link/J4_link/J5_link/J6_link/CupCompressedCollision_14"], ["/Validation/Scene/carton_l07_c04", "/fanuc_m710id_70/Geometry/world/base_link/J1_link/J2_link/J3_link/J4_link/J5_link/J6_link/CupCompressedCollision_36"], ["/Validation/Scene/carton_l07_c04", "/fanuc_m710id_70/Geometry/world/base_link/J1_link/J2_link/J3_link/J4_link/J5_link/J6_link/CupCompressedCollision_42"], ["/Validation/Scene/carton_l07_c04", "/fanuc_m710id_70/Geometry/world/base_link/J1_link/J2_link/J3_link/J4_link/J5_link/J6_link/CupCompressedCollision_48"], ["/Validation/Scene/carton_l07_c04", "/fanuc_m710id_70/Geometry/world/base_link/J1_link/J2_link/J3_link/J4_link/J5_link/J6_link/CupCompressedCollision_37"], ["/Validation/Scene/carton_l07_c04", "/fanuc_m710id_70/Geometry/world/base_link/J1_link/J2_link/J3_link/J4_link/J5_link/J6_link/CupCompressedCollision_43"], ["/Validation/Scene/carton_l07_c04", "/fanuc_m710id_70/Geometry/world/base_link/J1_link/J2_link/J3_link/J4_link/J5_link/J6_link/CupCompressedCollision_49"], ["/Validation/Scene/carton_l07_c04", "/fanuc_m710id_70/Geometry/world/base_link/J1_link/J2_link/J3_link/J4_link/J5_link/J6_link/CupCompressedCollision_50"], ["/Validation/Scene/carton_l07_c04", "/fanuc_m710id_70/Geometry/world/base_link/J1_link/J2_link/J3_link/J4_link/J5_link/J6_link/CupCompressedCollision_61"], ["/Validation/Scene/carton_l07_c04", "/fanuc_m710id_70/Geometry/world/base_link/J1_link/J2_link/J3_link/J4_link/J5_link/J6_link/CupCompressedCollision_54"], ["/Validation/Scene/carton_l07_c04", "/fanuc_m710id_70/Geometry/world/base_link/J1_link/J2_link/J3_link/J4_link/J5_link/J6_link/CupCompressedCollision_60"], ["/Validation/Scene/carton_l07_c04", "/fanuc_m710id_70/Geometry/world/base_link/J1_link/J2_link/J3_link/J4_link/J5_link/J6_link/CupCompressedCollision_56"], ["/Validation/Scene/carton_l07_c04", "/fanuc_m710id_70/Geometry/world/base_link/J1_link/J2_link/J3_link/J4_link/J5_link/J6_link/CupCompressedCollision_62"], ["/Validation/Scene/carton_l07_c04", "/fanuc_m710id_70/Geometry/world/base_link/J1_link/J2_link/J3_link/J4_link/J5_link/J6_link/CupCompressedCollision_44"], ["/Validation/Scene/carton_l07_c04", "/fanuc_m710id_70/Geometry/world/base_link/J1_link/J2_link/J3_link/J4_link/J5_link/J6_link/CupCompressedCollision_57"], ["/Validation/Scene/carton_l07_c04", "/fanuc_m710id_70/Geometry/world/base_link/J1_link/J2_link/J3_link/J4_link/J5_link/J6_link/CupCompressedCollision_55"], ["/Validation/Scene/carton_l07_c04", "/fanuc_m710id_70/Geometry/world/base_link/J1_link/J2_link/J3_link/J4_link/J5_link/J6_link/CupCompressedCollision_38"], ["/Validation/Scene/carton_l07_c04", "/fanuc_m710id_70/Geometry/world/base_link/J1_link/J2_link/J3_link/J4_link/J5_link/J6_link/CupCompressedCollision_51"], ["/Validation/Scene/carton_l07_c04", "/fanuc_m710id_70/Geometry/world/base_link/J1_link/J2_link/J3_link/J4_link/J5_link/J6_link/CupCompressedCollision_63"], ["/Validation/Scene/carton_l07_c04", "/fanuc_m710id_70/Geometry/world/base_link/J1_link/J2_link/J3_link/J4_link/J5_link/J6_link/CupCompressedCollision_65"], ["/Validation/Scene/carton_l07_c04", "/fanuc_m710id_70/Geometry/world/base_link/J1_link/J2_link/J3_link/J4_link/J5_link/J6_link/CupCompressedCollision_45"], ["/Validation/Scene/carton_l07_c04", "/fanuc_m710id_70/Geometry/world/base_link/J1_link/J2_link/J3_link/J4_link/J5_link/J6_link/CupCompressedCollision_52"], ["/Validation/Scene/carton_l07_c04", "/fanuc_m710id_70/Geometry/world/base_link/J1_link/J2_link/J3_link/J4_link/J5_link/J6_link/CupCompressedCollision_59"], ["/Validation/Scene/carton_l07_c04", "/fanuc_m710id_70/Geometry/world/base_link/J1_link/J2_link/J3_link/J4_link/J5_link/J6_link/CupCompressedCollision_39"], ["/Validation/Scene/carton_l07_c04", "/fanuc_m710id_70/Geometry/world/base_link/J1_link/J2_link/J3_link/J4_link/J5_link/J6_link/CupCompressedCollision_46"], ["/Validation/Scene/carton_l07_c04", "/fanuc_m710id_70/Geometry/world/base_link/J1_link/J2_link/J3_link/J4_link/J5_link/J6_link/CupCompressedCollision_53"], ["/Validation/Scene/carton_l07_c04", "/fanuc_m710id_70/Geometry/world/base_link/J1_link/J2_link/J3_link/J4_link/J5_link/J6_link/CupCompressedCollision_33"], ["/Validation/Scene/carton_l07_c04", "/fanuc_m710id_70/Geometry/world/base_link/J1_link/J2_link/J3_link/J4_link/J5_link/J6_link/CupCompressedCollision_40"], ["/Validation/Scene/carton_l07_c04", "/fanuc_m710id_70/Geometry/world/base_link/J1_link/J2_link/J3_link/J4_link/J5_link/J6_link/CupCompressedCollision_47"], ["/Validation/Scene/carton_l07_c04", "/fanuc_m710id_70/Geometry/world/base_link/J1_link/J2_link/J3_link/J4_link/J5_link/J6_link/CupCompressedCollision_27"], ["/Validation/Scene/carton_l07_c04", "/fanuc_m710id_70/Geometry/world/base_link/J1_link/J2_link/J3_link/J4_link/J5_link/J6_link/CupCompressedCollision_34"], ["/Validation/Scene/carton_l07_c04", "/fanuc_m710id_70/Geometry/world/base_link/J1_link/J2_link/J3_link/J4_link/J5_link/J6_link/CupCompressedCollision_41"], ["/Validation/Scene/carton_l07_c04", "/fanuc_m710id_70/Geometry/world/base_link/J1_link/J2_link/J3_link/J4_link/J5_link/J6_link/CupCompressedCollision_21"], ["/Validation/Scene/carton_l07_c04", "/fanuc_m710id_70/Geometry/world/base_link/J1_link/J2_link/J3_link/J4_link/J5_link/J6_link/CupCompressedCollision_28"], ["/Validation/Scene/carton_l07_c04", "/fanuc_m710id_70/Geometry/world/base_link/J1_link/J2_link/J3_link/J4_link/J5_link/J6_link/CupCompressedCollision_35"], ["/Validation/Scene/carton_l07_c04", "/fanuc_m710id_70/Geometry/world/base_link/J1_link/J2_link/J3_link/J4_link/J5_link/J6_link/CupCompressedCollision_15"], ["/Validation/Scene/carton_l07_c04", "/fanuc_m710id_70/Geometry/world/base_link/J1_link/J2_link/J3_link/J4_link/J5_link/J6_link/CupCompressedCollision_22"], ["/Validation/Scene/carton_l07_c04", "/fanuc_m710id_70/Geometry/world/base_link/J1_link/J2_link/J3_link/J4_link/J5_link/J6_link/CupCompressedCollision_29"], ["/Validation/Scene/carton_l07_c04", "/fanuc_m710id_70/Geometry/world/base_link/J1_link/J2_link/J3_link/J4_link/J5_link/J6_link/CupCompressedCollision_09"], ["/Validation/Scene/carton_l07_c04", "/fanuc_m710id_70/Geometry/world/base_link/J1_link/J2_link/J3_link/J4_link/J5_link/J6_link/CupCompressedCollision_16"], ["/Validation/Scene/carton_l07_c04", "/fanuc_m710id_70/Geometry/world/base_link/J1_link/J2_link/J3_link/J4_link/J5_link/J6_link/CupCompressedCollision_23"], ["/Validation/Scene/carton_l07_c04", "/fanuc_m710id_70/Geometry/world/base_link/J1_link/J2_link/J3_link/J4_link/J5_link/J6_link/CupCompressedCollision_10"], ["/Validation/Scene/carton_l07_c04", "/fanuc_m710id_70/Geometry/world/base_link/J1_link/J2_link/J3_link/J4_link/J5_link/J6_link/CupCompressedCollision_17"], ["/Validation/Scene/carton_l07_c04", "/fanuc_m710id_70/Geometry/world/base_link/J1_link/J2_link/J3_link/J4_link/J5_link/J6_link/CupCompressedCollision_11"]], "contact_data_resolution_counts": {"lost": 46, "resolved": 2208083}, "event_count": 2208129, "first_contact_time_s": 14.704166666666666, "first_physical_contact_time_s": 35.15833333333334, "first_physical_contact_trajectory_time_s": 35.05000000000093, "found_event_count": 106, "impulse_semantics": "peak_norm_of_per_event_vector_sum_over_contact_points", "last_contact_time_s": 187.28333333333333, "last_event_type": "CONTACT_PERSIST", "last_header_maximum_separation_m": 0.0013967901468276978, "last_header_minimum_separation_m": 0.0013934075832366943, "last_physical_contact_time_s": 187.28333333333333, "last_physical_contact_trajectory_time_s": 187.17387974498772, "lost_event_count": 46, "maximum_separation_m": 0.027151331305503845, "minimum_separation_m": -1.1622905731201172e-06, "peak_impulse_ns": 0.7331900643491868, "persist_event_count": 2207977, "physical_contact_active": true, "physical_contact_event_count": 2190660, "physical_contact_observed": true, "physical_contact_tolerance_m": 0.003, "runtime_classification_event_counts": {"ALLOWED_STAGE_CONTACT": 2200710, "CLEAR": 7373}, "runtime_collider_classifications": {"/Validation/Scene/carton_l07_c04 | /fanuc_m710id_70/Geometry/world/base_link/J1_link/J2_link/J3_link/J4_link/J5_link/J6_link/CupCompressedCollision_00": {"classifications": ["CLEAR"], "first_time_s": 14.708333333333332, "last_time_s": 33.025000000000006, "minimum_separation_m": 0.010531648993492126}, "/Validation/Scene/carton_l07_c04 | /fanuc_m710id_70/Geometry/world/base_link/J1_link/J2_link/J3_link/J4_link/J5_link/J6_link/CupCompressedCollision_01": {"classifications": ["CLEAR"], "first_time_s": 14.704166666666666, "last_time_s": 32.920833333333334, "minimum_separation_m": 0.0057786633260548115}, "/Validation/Scene/carton_l07_c04 | /fanuc_m710id_70/Geometry/world/base_link/J1_link/J2_link/J3_link/J4_link/J5_link/J6_link/CupCompressedCollision_02": {"classifications": ["CLEAR"], "first_time_s": 14.820833333333333, "last_time_s": 32.39166666666667, "minimum_separation_m": 0.016843203455209732}, "/Validation/Scene/carton_l07_c04 | /fanuc_m710id_70/Geometry/world/base_link/J1_link/J2_link/J3_link/J4_link/J5_link/J6_link/CupCompressedCollision_06": {"classifications": ["CLEAR", "ALLOWED_STAGE_CONTACT"], "first_time_s": 23.325, "last_time_s": 187.28333333333333, "minimum_separation_m": 1.8998982341145165e-05}, "/Validation/Scene/carton_l07_c04 | /fanuc_m710id_70/Geometry/world/base_link/J1_link/J2_link/J3_link/J4_link/J5_link/J6_link/CupCompressedCollision_07": {"classifications": ["CLEAR", "ALLOWED_STAGE_CONTACT"], "first_time_s": 14.904166666666667, "last_time_s": 187.28333333333333, "minimum_separation_m": 1.5556812286376953e-05}, "/Validation/Scene/carton_l07_c04 | /fanuc_m710id_70/Geometry/world/base_link/J1_link/J2_link/J3_link/J4_link/J5_link/J6_link/CupCompressedCollision_08": {"classifications": ["CLEAR", "ALLOWED_STAGE_CONTACT"], "first_time_s": 14.979166666666666, "last_time_s": 187.28333333333333, "minimum_separation_m": 1.1995444765489083e-05}, "/Validation/Scene/carton_l07_c04 | /fanuc_m710id_70/Geometry/world/base_link/J1_link/J2_link/J3_link/J4_link/J5_link/J6_link/CupCompressedCollision_09": {"classifications": ["ALLOWED_STAGE_CONTACT"], "first_time_s": 34.462500000000006, "last_time_s": 187.28333333333333, "minimum_separation_m": 7.674103471799754e-06}, "/Validation/Scene/carton_l07_c04 | /fanuc_m710id_70/Geometry/world/base_link/J1_link/J2_link/J3_link/J4_link/J5_link/J6_link/CupCompressedCollision_10": {"classifications": ["ALLOWED_STAGE_CONTACT"], "first_time_s": 34.462500000000006, "last_time_s": 187.28333333333333, "minimum_separation_m": 4.068010639457498e-06}, "/Validation/Scene/carton_l07_c04 | /fanuc_m710id_70/Geometry/world/base_link/J1_link/J2_link/J3_link/J4_link/J5_link/J6_link/CupCompressedCollision_11": {"classifications": ["ALLOWED_STAGE_CONTACT"], "first_time_s": 34.462500000000006, "last_time_s": 187.28333333333333, "minimum_separation_m": 3.725290298461914e-07}, "/Validation/Scene/carton_l07_c04 | /fanuc_m710id_70/Geometry/world/base_link/J1_link/J2_link/J3_link/J4_link/J5_link/J6_link/CupCompressedCollision_12": {"classifications": ["CLEAR", "ALLOWED_STAGE_CONTACT"], "first_time_s": 23.266666666666666, "last_time_s": 187.28333333333333, "minimum_separation_m": 1.9028819224331528e-05}, "/Validation/Scene/carton_l07_c04 | /fanuc_m710id_70/Geometry/world/base_link/J1_link/J2_link/J3_link/J4_link/J5_link/J6_link/CupCompressedCollision_13": {"classifications": ["CLEAR", "ALLOWED_STAGE_CONTACT"], "first_time_s": 23.3, "last_time_s": 187.28333333333333, "minimum_separation_m": 1.5646226529497653e-05}, "/Validation/Scene/carton_l07_c04 | /fanuc_m710id_70/Geometry/world/base_link/J1_link/J2_link/J3_link/J4_link/J5_link/J6_link/CupCompressedCollision_14": {"classifications": ["CLEAR", "ALLOWED_STAGE_CONTACT"], "first_time_s": 23.34583333333333, "last_time_s": 187.28333333333333, "minimum_separation_m": 1.1399391951272264e-05}, "/Validation/Scene/carton_l07_c04 | /fanuc_m710id_70/Geometry/world/base_link/J1_link/J2_link/J3_link/J4_link/J5_link/J6_link/CupCompressedCollision_15": {"classifications": ["ALLOWED_STAGE_CONTACT"], "first_time_s": 34.462500000000006, "last_time_s": 187.28333333333333, "minimum_separation_m": 7.480417480110191e-06}, "/Validation/Scene/carton_l07_c04 | /fanuc_m710id_70/Geometry/world/base_link/J1_link/J2_link/J3_link/J4_link/J5_link/J6_link/CupCompressedCollision_16": {"classifications": ["ALLOWED_STAGE_CONTACT"], "first_time_s": 34.462500000000006, "last_time_s": 187.28333333333333, "minimum_separation_m": 3.8147272789501585e-06}, "/Validation/Scene/carton_l07_c04 | /fanuc_m710id_70/Geometry/world/base_link/J1_link/J2_link/J3_link/J4_link/J5_link/J6_link/CupCompressedCollision_17": {"classifications": ["ALLOWED_STAGE_CONTACT"], "first_time_s": 34.462500000000006, "last_time_s": 187.28333333333333, "minimum_separation_m": -1.1622905731201172e-06}, "/Validation/Scene/carton_l07_c04 | /fanuc_m710id_70/Geometry/world/base_link/J1_link/J2_link/J3_link/J4_link/J5_link/J6_link/CupCompressedCollision_18": {"classifications": ["CLEAR", "ALLOWED_STAGE_CONTACT"], "first_time_s": 23.204166666666666, "last_time_s": 187.28333333333333, "minimum_separation_m": 2.072756615234539e-05}, "/Validation/Scene/carton_l07_c04 | /fanuc_m710id_70/Geometry/world/base_link/J1_link/J2_link/J3_link/J4_link/J5_link/J6_link/CupCompressedCollision_19": {"classifications": ["CLEAR", "ALLOWED_STAGE_CONTACT"], "first_time_s": 23.2375, "last_time_s": 187.28333333333333, "minimum_separation_m": 1.661479655012954e-05}, "/Validation/Scene/carton_l07_c04 | /fanuc_m710id_70/Geometry/world/base_link/J1_link/J2_link/J3_link/J4_link/J5_link/J6_link/CupCompressedCollision_20": {"classifications": ["CLEAR", "ALLOWED_STAGE_CONTACT"], "first_time_s": 23.275, "last_time_s": 187.28333333333333, "minimum_separation_m": 1.3172631042834837e-05}, "/Validation/Scene/carton_l07_c04 | /fanuc_m710id_70/Geometry/world/base_link/J1_link/J2_link/J3_link/J4_link/J5_link/J6_link/CupCompressedCollision_21": {"classifications": ["ALLOWED_STAGE_CONTACT"], "first_time_s": 34.462500000000006, "last_time_s": 187.28333333333333, "minimum_separation_m": 8.970526323537342e-06}, "/Validation/Scene/carton_l07_c04 | /fanuc_m710id_70/Geometry/world/base_link/J1_link/J2_link/J3_link/J4_link/J5_link/J6_link/CupCompressedCollision_22": {"classifications": ["ALLOWED_STAGE_CONTACT"], "first_time_s": 34.462500000000006, "last_time_s": 187.28333333333333, "minimum_separation_m": 4.962089406035375e-06}, "/Validation/Scene/carton_l07_c04 | /fanuc_m710id_70/Geometry/world/base_link/J1_link/J2_link/J3_link/J4_link/J5_link/J6_link/CupCompressedCollision_23": {"classifications": ["ALLOWED_STAGE_CONTACT"], "first_time_s": 34.462500000000006, "last_time_s": 187.28333333333333, "minimum_separation_m": -1.4901159772762185e-07}, "/Validation/Scene/carton_l07_c04 | /fanuc_m710id_70/Geometry/world/base_link/J1_link/J2_link/J3_link/J4_link/J5_link/J6_link/CupCompressedCollision_24": {"classifications": ["CLEAR", "ALLOWED_STAGE_CONTACT"], "first_time_s": 23.1375, "last_time_s": 187.28333333333333, "minimum_separation_m": 2.2038824681658298e-05}, "/Validation/Scene/carton_l07_c04 | /fanuc_m710id_70/Geometry/world/base_link/J1_link/J2_link/J3_link/J4_link/J5_link/J6_link/CupCompressedCollision_25": {"classifications": ["CLEAR", "ALLOWED_STAGE_CONTACT"], "first_time_s": 23.170833333333334, "last_time_s": 187.28333333333333, "minimum_separation_m": 1.840293589339126e-05}, "/Validation/Scene/carton_l07_c04 | /fanuc_m710id_70/Geometry/world/base_link/J1_link/J2_link/J3_link/J4_link/J5_link/J6_link/CupCompressedCollision_26": {"classifications": ["CLEAR", "ALLOWED_STAGE_CONTACT"], "first_time_s": 23.208333333333332, "last_time_s": 187.28333333333333, "minimum_separation_m": 1.4483931408904027e-05}, "/Validation/Scene/carton_l07_c04 | /fanuc_m710id_70/Geometry/world/base_link/J1_link/J2_link/J3_link/J4_link/J5_link/J6_link/CupCompressedCollision_27": {"classifications": ["ALLOWED_STAGE_CONTACT"], "first_time_s": 34.462500000000006, "last_time_s": 187.28333333333333, "minimum_separation_m": 1.0594806553854141e-05}, "/Validation/Scene/carton_l07_c04 | /fanuc_m710id_70/Geometry/world/base_link/J1_link/J2_link/J3_link/J4_link/J5_link/J6_link/CupCompressedCollision_28": {"classifications": ["ALLOWED_STAGE_CONTACT"], "first_time_s": 34.462500000000006, "last_time_s": 187.28333333333333, "minimum_separation_m": 6.333066721708747e-06}, "/Validation/Scene/carton_l07_c04 | /fanuc_m710id_70/Geometry/world/base_link/J1_link/J2_link/J3_link/J4_link/J5_link/J6_link/CupCompressedCollision_29": {"classifications": ["ALLOWED_STAGE_CONTACT"], "first_time_s": 34.462500000000006, "last_time_s": 187.28333333333333, "minimum_separation_m": -2.980227122861834e-07}, "/Validation/Scene/carton_l07_c04 | /fanuc_m710id_70/Geometry/world/base_link/J1_link/J2_link/J3_link/J4_link/J5_link/J6_link/CupCompressedCollision_30": {"classifications": ["CLEAR", "ALLOWED_STAGE_CONTACT"], "first_time_s": 23.120833333333334, "last_time_s": 187.28333333333333, "minimum_separation_m": 2.321600914001465e-05}, "/Validation/Scene/carton_l07_c04 | /fanuc_m710id_70/Geometry/world/base_link/J1_link/J2_link/J3_link/J4_link/J5_link/J6_link/CupCompressedCollision_31": {"classifications": ["CLEAR", "ALLOWED_STAGE_CONTACT"], "first_time_s": 23.1375, "last_time_s": 187.28333333333333, "minimum_separation_m": 1.937152774189599e-05}, "/Validation/Scene/carton_l07_c04 | /fanuc_m710id_70/Geometry/world/base_link/J1_link/J2_link/J3_link/J4_link/J5_link/J6_link/CupCompressedCollision_32": {"classifications": ["CLEAR", "ALLOWED_STAGE_CONTACT"], "first_time_s": 23.162499999999998, "last_time_s": 187.28333333333333, "minimum_separation_m": 1.548233922221698e-05}, "/Validation/Scene/carton_l07_c04 | /fanuc_m710id_70/Geometry/world/base_link/J1_link/J2_link/J3_link/J4_link/J5_link/J6_link/CupCompressedCollision_33": {"classifications": ["ALLOWED_STAGE_CONTACT"], "first_time_s": 34.462500000000006, "last_time_s": 187.28333333333333, "minimum_separation_m": 1.1324884326313622e-05}, "/Validation/Scene/carton_l07_c04 | /fanuc_m710id_70/Geometry/world/base_link/J1_link/J2_link/J3_link/J4_link/J5_link/J6_link/CupCompressedCollision_34": {"classifications": ["ALLOWED_STAGE_CONTACT"], "first_time_s": 34.462500000000006, "last_time_s": 187.28333333333333, "minimum_separation_m": 7.376209396170452e-06}, "/Validation/Scene/carton_l07_c04 | /fanuc_m710id_70/Geometry/world/base_link/J1_link/J2_link/J3_link/J4_link/J5_link/J6_link/CupCompressedCollision_35": {"classifications": ["ALLOWED_STAGE_CONTACT"], "first_time_s": 34.462500000000006, "last_time_s": 187.28333333333333, "minimum_separation_m": 5.9604584379258085e-08}, "/Validation/Scene/carton_l07_c04 | /fanuc_m710id_70/Geometry/world/base_link/J1_link/J2_link/J3_link/J4_link/J5_link/J6_link/CupCompressedCollision_36": {"classifications": ["CLEAR", "ALLOWED_STAGE_CONTACT"], "first_time_s": 32.050000000000004, "last_time_s": 187.28333333333333, "minimum_separation_m": 2.4780649255262688e-05}, "/Validation/Scene/carton_l07_c04 | /fanuc_m710id_70/Geometry/world/base_link/J1_link/J2_link/J3_link/J4_link/J5_link/J6_link/CupCompressedCollision_37": {"classifications": ["CLEAR", "ALLOWED_STAGE_CONTACT"], "first_time_s": 32.27916666666667, "last_time_s": 187.28333333333333, "minimum_separation_m": 2.074241820082534e-05}, "/Validation/Scene/carton_l07_c04 | /fanuc_m710id_70/Geometry/world/base_link/J1_link/J2_link/J3_link/J4_link/J5_link/J6_link/CupCompressedCollision_38": {"classifications": ["ALLOWED_STAGE_CONTACT"], "first_time_s": 34.458333333333336, "last_time_s": 187.28333333333333, "minimum_separation_m": 1.6242269339272752e-05}, "/Validation/Scene/carton_l07_c04 | /fanuc_m710id_70/Geometry/world/base_link/J1_link/J2_link/J3_link/J4_link/J5_link/J6_link/CupCompressedCollision_39": {"classifications": ["ALLOWED_STAGE_CONTACT"], "first_time_s": 34.462500000000006, "last_time_s": 187.28333333333333, "minimum_separation_m": 1.2308370060054585e-05}, "/Validation/Scene/carton_l07_c04 | /fanuc_m710id_70/Geometry/world/base_link/J1_link/J2_link/J3_link/J4_link/J5_link/J6_link/CupCompressedCollision_40": {"classifications": ["ALLOWED_STAGE_CONTACT"], "first_time_s": 34.462500000000006, "last_time_s": 187.28333333333333, "minimum_separation_m": 8.210543455788866e-06}, "/Validation/Scene/carton_l07_c04 | /fanuc_m710id_70/Geometry/world/base_link/J1_link/J2_link/J3_link/J4_link/J5_link/J6_link/CupCompressedCollision_41": {"classifications": ["ALLOWED_STAGE_CONTACT"], "first_time_s": 34.462500000000006, "last_time_s": 187.28333333333333, "minimum_separation_m": 0.0}, "/Validation/Scene/carton_l07_c04 | /fanuc_m710id_70/Geometry/world/base_link/J1_link/J2_link/J3_link/J4_link/J5_link/J6_link/CupCompressedCollision_42": {"classifications": ["CLEAR", "ALLOWED_STAGE_CONTACT"], "first_time_s": 32.10416666666667, "last_time_s": 187.28333333333333, "minimum_separation_m": 2.570451943029184e-05}, "/Validation/Scene/carton_l07_c04 | /fanuc_m710id_70/Geometry/world/base_link/J1_link/J2_link/J3_link/J4_link/J5_link/J6_link/CupCompressedCollision_43": {"classifications": ["CLEAR", "ALLOWED_STAGE_CONTACT"], "first_time_s": 32.32916666666667, "last_time_s": 187.28333333333333, "minimum_separation_m": 2.1547082724282518e-05}, "/Validation/Scene/carton_l07_c04 | /fanuc_m710id_70/Geometry/world/base_link/J1_link/J2_link/J3_link/J4_link/J5_link/J6_link/CupCompressedCollision_44": {"classifications": ["ALLOWED_STAGE_CONTACT"], "first_time_s": 34.458333333333336, "last_time_s": 187.28333333333333, "minimum_separation_m": 1.7270445823669434e-05}, "/Validation/Scene/carton_l07_c04 | /fanuc_m710id_70/Geometry/world/base_link/J1_link/J2_link/J3_link/J4_link/J5_link/J6_link/CupCompressedCollision_45": {"classifications": ["ALLOWED_STAGE_CONTACT"], "first_time_s": 34.462500000000006, "last_time_s": 187.28333333333333, "minimum_separation_m": 1.3440867405734025e-05}, "/Validation/Scene/carton_l07_c04 | /fanuc_m710id_70/Geometry/world/base_link/J1_link/J2_link/J3_link/J4_link/J5_link/J6_link/CupCompressedCollision_46": {"classifications": ["ALLOWED_STAGE_CONTACT"], "first_time_s": 34.462500000000006, "last_time_s": 187.28333333333333, "minimum_separation_m": 9.432435945200268e-06}, "/Validation/Scene/carton_l07_c04 | /fanuc_m710id_70/Geometry/world/base_link/J1_link/J2_link/J3_link/J4_link/J5_link/J6_link/CupCompressedCollision_47": {"classifications": ["ALLOWED_STAGE_CONTACT"], "first_time_s": 34.462500000000006, "last_time_s": 187.28333333333333, "minimum_separation_m": -2.980266629037942e-07}, "/Validation/Scene/carton_l07_c04 | /fanuc_m710id_70/Geometry/world/base_link/J1_link/J2_link/J3_link/J4_link/J5_link/J6_link/CupCompressedCollision_48": {"classifications": ["CLEAR", "ALLOWED_STAGE_CONTACT"], "first_time_s": 32.1875, "last_time_s": 187.28333333333333, "minimum_separation_m": 2.682209378690459e-05}, "/Validation/Scene/carton_l07_c04 | /fanuc_m710id_70/Geometry/world/base_link/J1_link/J2_link/J3_link/J4_link/J5_link/J6_link/CupCompressedCollision_49": {"classifications": ["CLEAR", "ALLOWED_STAGE_CONTACT"], "first_time_s": 32.375, "last_time_s": 187.28333333333333, "minimum_separation_m": 2.282857894897461e-05}, "/Validation/Scene/carton_l07_c04 | /fanuc_m710id_70/Geometry/world/base_link/J1_link/J2_link/J3_link/J4_link/J5_link/J6_link/CupCompressedCollision_50": {"classifications": ["ALLOWED_STAGE_CONTACT"], "first_time_s": 34.458333333333336, "last_time_s": 187.28333333333333, "minimum_separation_m": 1.850724220275879e-05}, "/Validation/Scene/carton_l07_c04 | /fanuc_m710id_70/Geometry/world/base_link/J1_link/J2_link/J3_link/J4_link/J5_link/J6_link/CupCompressedCollision_51": {"classifications": ["ALLOWED_STAGE_CONTACT"], "first_time_s": 34.462500000000006, "last_time_s": 187.28333333333333, "minimum_separation_m": 1.4409432878892403e-05}, "/Validation/Scene/carton_l07_c04 | /fanuc_m710id_70/Geometry/world/base_link/J1_link/J2_link/J3_link/J4_link/J5_link/J6_link/CupCompressedCollision_52": {"classifications": ["ALLOWED_STAGE_CONTACT"], "first_time_s": 34.462500000000006, "last_time_s": 187.28333333333333, "minimum_separation_m": 9.909298569255043e-06}, "/Validation/Scene/carton_l07_c04 | /fanuc_m710id_70/Geometry/world/base_link/J1_link/J2_link/J3_link/J4_link/J5_link/J6_link/CupCompressedCollision_53": {"classifications": ["ALLOWED_STAGE_CONTACT"], "first_time_s": 34.462500000000006, "last_time_s": 187.28333333333333, "minimum_separation_m": 1.4901206668582745e-06}, "/Validation/Scene/carton_l07_c04 | /fanuc_m710id_70/Geometry/world/base_link/J1_link/J2_link/J3_link/J4_link/J5_link/J6_link/CupCompressedCollision_54": {"classifications": ["ALLOWED_STAGE_CONTACT"], "first_time_s": 34.458333333333336, "last_time_s": 187.28333333333333, "minimum_separation_m": 2.8222859327797778e-05}, "/Validation/Scene/carton_l07_c04 | /fanuc_m710id_70/Geometry/world/base_link/J1_link/J2_link/J3_link/J4_link/J5_link/J6_link/CupCompressedCollision_55": {"classifications": ["ALLOWED_STAGE_CONTACT"], "first_time_s": 34.458333333333336, "last_time_s": 187.28333333333333, "minimum_separation_m": 2.4065375328063965e-05}, "/Validation/Scene/carton_l07_c04 | /fanuc_m710id_70/Geometry/world/base_link/J1_link/J2_link/J3_link/J4_link/J5_link/J6_link/CupCompressedCollision_56": {"classifications": ["ALLOWED_STAGE_CONTACT"], "first_time_s": 34.458333333333336, "last_time_s": 187.28333333333333, "minimum_separation_m": 1.9297007384011522e-05}, "/Validation/Scene/carton_l07_c04 | /fanuc_m710id_70/Geometry/world/base_link/J1_link/J2_link/J3_link/J4_link/J5_link/J6_link/CupCompressedCollision_57": {"classifications": ["ALLOWED_STAGE_CONTACT"], "first_time_s": 34.458333333333336, "last_time_s": 187.28333333333333, "minimum_separation_m": 1.542270001664292e-05}, "/Validation/Scene/carton_l07_c04 | /fanuc_m710id_70/Geometry/world/base_link/J1_link/J2_link/J3_link/J4_link/J5_link/J6_link/CupCompressedCollision_58": {"classifications": ["CLEAR", "ALLOWED_STAGE_CONTACT"], "first_time_s": 19.883333333333333, "last_time_s": 187.28333333333333, "minimum_separation_m": 1.0937458682747092e-05}, "/Validation/Scene/carton_l07_c04 | /fanuc_m710id_70/Geometry/world/base_link/J1_link/J2_link/J3_link/J4_link/J5_link/J6_link/CupCompressedCollision_59": {"classifications": ["ALLOWED_STAGE_CONTACT"], "first_time_s": 34.462500000000006, "last_time_s": 187.28333333333333, "minimum_separation_m": 2.682209014892578e-07}, "/Validation/Scene/carton_l07_c04 | /fanuc_m710id_70/Geometry/world/base_link/J1_link/J2_link/J3_link/J4_link/J5_link/J6_link/CupCompressedCollision_60": {"classifications": ["ALLOWED_STAGE_CONTACT"], "first_time_s": 34.458333333333336, "last_time_s": 187.28333333333333, "minimum_separation_m": 2.9504300982807763e-05}, "/Validation/Scene/carton_l07_c04 | /fanuc_m710id_70/Geometry/world/base_link/J1_link/J2_link/J3_link/J4_link/J5_link/J6_link/CupCompressedCollision_61": {"classifications": ["ALLOWED_STAGE_CONTACT"], "first_time_s": 34.458333333333336, "last_time_s": 187.28333333333333, "minimum_separation_m": 2.5630006348364986e-05}, "/Validation/Scene/carton_l07_c04 | /fanuc_m710id_70/Geometry/world/base_link/J1_link/J2_link/J3_link/J4_link/J5_link/J6_link/CupCompressedCollision_62": {"classifications": ["ALLOWED_STAGE_CONTACT"], "first_time_s": 34.458333333333336, "last_time_s": 187.28333333333333, "minimum_separation_m": 2.171099004044663e-05}, "/Validation/Scene/carton_l07_c04 | /fanuc_m710id_70/Geometry/world/base_link/J1_link/J2_link/J3_link/J4_link/J5_link/J6_link/CupCompressedCollision_63": {"classifications": ["ALLOWED_STAGE_CONTACT"], "first_time_s": 34.462500000000006, "last_time_s": 187.28333333333333, "minimum_separation_m": 1.6987323760986328e-05}, "/Validation/Scene/carton_l07_c04 | /fanuc_m710id_70/Geometry/world/base_link/J1_link/J2_link/J3_link/J4_link/J5_link/J6_link/CupCompressedCollision_64": {"classifications": ["CLEAR", "ALLOWED_STAGE_CONTACT"], "first_time_s": 19.945833333333333, "last_time_s": 187.28333333333333, "minimum_separation_m": 1.308322316617705e-05}, "/Validation/Scene/carton_l07_c04 | /fanuc_m710id_70/Geometry/world/base_link/J1_link/J2_link/J3_link/J4_link/J5_link/J6_link/CupCompressedCollision_65": {"classifications": ["ALLOWED_STAGE_CONTACT"], "first_time_s": 34.462500000000006, "last_time_s": 187.28333333333333, "minimum_separation_m": 5.289911769068567e-06}}}, {"active": false, "active_collider_pair_count": 0, "active_physical_collider_pair_count": 0, "actor0": "/Validation/Scene/trailer_ceiling", "actor1": "/fanuc_m710id_70/Geometry/world/base_link/J1_link/J2_link/J3_link/J4_link/J5_link/J6_link", "collider_pairs": [["/Validation/Scene/trailer_ceiling", "/fanuc_m710id_70/Geometry/world/base_link/J1_link/J2_link/J3_link/J4_link/J5_link/J6_link/SuctionToolRigidCollision_000"], ["/Validation/Scene/trailer_ceiling", "/fanuc_m710id_70/Geometry/world/base_link/J1_link/J2_link/J3_link/J4_link/J5_link/J6_link/CupCompressedCollision_71"], ["/Validation/Scene/trailer_ceiling", "/fanuc_m710id_70/Geometry/world/base_link/J1_link/J2_link/J3_link/J4_link/J5_link/J6_link/CupCompressedCollision_65"], ["/Validation/Scene/trailer_ceiling", "/fanuc_m710id_70/Geometry/world/base_link/J1_link/J2_link/J3_link/J4_link/J5_link/J6_link/SuctionToolRigidCollision_010"], ["/Validation/Scene/trailer_ceiling", "/fanuc_m710id_70/Geometry/world/base_link/J1_link/J2_link/J3_link/J4_link/J5_link/J6_link/SuctionToolRigidCollision_008"], ["/Validation/Scene/trailer_ceiling", "/fanuc_m710id_70/Geometry/world/base_link/J1_link/J2_link/J3_link/J4_link/J5_link/J6_link/CupCompressedCollision_59"], ["/Validation/Scene/trailer_ceiling", "/fanuc_m710id_70/Geometry/world/base_link/J1_link/J2_link/J3_link/J4_link/J5_link/J6_link/CupCompressedCollision_53"]], "contact_data_resolution_counts": {"lost": 7, "resolved": 821}, "event_count": 828, "first_contact_time_s": 16.383333333333333, "first_physical_contact_time_s": null, "first_physical_contact_trajectory_time_s": null, "found_event_count": 7, "impulse_semantics": "peak_norm_of_per_event_vector_sum_over_contact_points", "last_contact_time_s": 17.154166666666665, "last_event_type": "CONTACT_LOST", "last_header_maximum_separation_m": null, "last_header_minimum_separation_m": null, "last_physical_contact_time_s": null, "last_physical_contact_trajectory_time_s": null, "lost_event_count": 7, "maximum_separation_m": 0.021714769303798676, "minimum_separation_m": 0.006504423916339874, "peak_impulse_ns": 0.0, "persist_event_count": 814, "physical_contact_active": false, "physical_contact_event_count": 0, "physical_contact_observed": false, "physical_contact_tolerance_m": 0.003, "runtime_classification_event_counts": {"CLEAR": 821}, "runtime_collider_classifications": {"/Validation/Scene/trailer_ceiling | /fanuc_m710id_70/Geometry/world/base_link/J1_link/J2_link/J3_link/J4_link/J5_link/J6_link/CupCompressedCollision_53": {"classifications": ["CLEAR"], "first_time_s": 16.65833333333333, "last_time_s": 16.825, "minimum_separation_m": 0.019619004800915718}, "/Validation/Scene/trailer_ceiling | /fanuc_m710id_70/Geometry/world/base_link/J1_link/J2_link/J3_link/J4_link/J5_link/J6_link/CupCompressedCollision_59": {"classifications": ["CLEAR"], "first_time_s": 16.545833333333334, "last_time_s": 16.97083333333333, "minimum_separation_m": 0.01676132157444954}, "/Validation/Scene/trailer_ceiling | /fanuc_m710id_70/Geometry/world/base_link/J1_link/J2_link/J3_link/J4_link/J5_link/J6_link/CupCompressedCollision_65": {"classifications": ["CLEAR"], "first_time_s": 16.4875, "last_time_s": 17.037499999999998, "minimum_separation_m": 0.013903636485338211}, "/Validation/Scene/trailer_ceiling | /fanuc_m710id_70/Geometry/world/base_link/J1_link/J2_link/J3_link/J4_link/J5_link/J6_link/CupCompressedCollision_71": {"classifications": ["CLEAR"], "first_time_s": 16.445833333333333, "last_time_s": 17.0875, "minimum_separation_m": 0.011045951396226883}, "/Validation/Scene/trailer_ceiling | /fanuc_m710id_70/Geometry/world/base_link/J1_link/J2_link/J3_link/J4_link/J5_link/J6_link/SuctionToolRigidCollision_000": {"classifications": ["CLEAR"], "first_time_s": 16.383333333333333, "last_time_s": 17.15, "minimum_separation_m": 0.006504423916339874}, "/Validation/Scene/trailer_ceiling | /fanuc_m710id_70/Geometry/world/base_link/J1_link/J2_link/J3_link/J4_link/J5_link/J6_link/SuctionToolRigidCollision_008": {"classifications": ["CLEAR"], "first_time_s": 16.541666666666668, "last_time_s": 16.954166666666666, "minimum_separation_m": 0.01720999926328659}, "/Validation/Scene/trailer_ceiling | /fanuc_m710id_70/Geometry/world/base_link/J1_link/J2_link/J3_link/J4_link/J5_link/J6_link/SuctionToolRigidCollision_010": {"classifications": ["CLEAR"], "first_time_s": 16.53333333333333, "last_time_s": 16.9625, "minimum_separation_m": 0.016912318766117096}}}], "robot_scene_proximity_pairs": [{"active": false, "active_collider_pair_count": 0, "active_physical_collider_pair_count": 0, "actor0": "", "actor1": "/fanuc_m710id_70/Geometry/world/base_link/J1_link/J2_link/J3_link/J4_link/J5_link/J6_link", "collider_pairs": [["", "/fanuc_m710id_70/Geometry/world/base_link/J1_link/J2_link/J3_link/J4_link/J5_link/J6_link/CupCompressedCollision_06"], ["", "/fanuc_m710id_70/Geometry/world/base_link/J1_link/J2_link/J3_link/J4_link/J5_link/J6_link/CupCompressedCollision_07"], ["", "/fanuc_m710id_70/Geometry/world/base_link/J1_link/J2_link/J3_link/J4_link/J5_link/J6_link/CupCompressedCollision_08"], ["", "/fanuc_m710id_70/Geometry/world/base_link/J1_link/J2_link/J3_link/J4_link/J5_link/J6_link/CupCompressedCollision_09"], ["", "/fanuc_m710id_70/Geometry/world/base_link/J1_link/J2_link/J3_link/J4_link/J5_link/J6_link/CupCompressedCollision_10"], ["", "/fanuc_m710id_70/Geometry/world/base_link/J1_link/J2_link/J3_link/J4_link/J5_link/J6_link/CupCompressedCollision_11"], ["", "/fanuc_m710id_70/Geometry/world/base_link/J1_link/J2_link/J3_link/J4_link/J5_link/J6_link/CupCompressedCollision_12"], ["", "/fanuc_m710id_70/Geometry/world/base_link/J1_link/J2_link/J3_link/J4_link/J5_link/J6_link/CupCompressedCollision_13"], ["", "/fanuc_m710id_70/Geometry/world/base_link/J1_link/J2_link/J3_link/J4_link/J5_link/J6_link/CupCompressedCollision_14"], ["", "/fanuc_m710id_70/Geometry/world/base_link/J1_link/J2_link/J3_link/J4_link/J5_link/J6_link/CupCompressedCollision_15"], ["", "/fanuc_m710id_70/Geometry/world/base_link/J1_link/J2_link/J3_link/J4_link/J5_link/J6_link/CupCompressedCollision_16"], ["", "/fanuc_m710id_70/Geometry/world/base_link/J1_link/J2_link/J3_link/J4_link/J5_link/J6_link/CupCompressedCollision_17"], ["", "/fanuc_m710id_70/Geometry/world/base_link/J1_link/J2_link/J3_link/J4_link/J5_link/J6_link/CupCompressedCollision_18"], ["", "/fanuc_m710id_70/Geometry/world/base_link/J1_link/J2_link/J3_link/J4_link/J5_link/J6_link/CupCompressedCollision_19"], ["", "/fanuc_m710id_70/Geometry/world/base_link/J1_link/J2_link/J3_link/J4_link/J5_link/J6_link/CupCompressedCollision_20"], ["", "/fanuc_m710id_70/Geometry/world/base_link/J1_link/J2_link/J3_link/J4_link/J5_link/J6_link/CupCompressedCollision_21"], ["", "/fanuc_m710id_70/Geometry/world/base_link/J1_link/J2_link/J3_link/J4_link/J5_link/J6_link/CupCompressedCollision_22"], ["", "/fanuc_m710id_70/Geometry/world/base_link/J1_link/J2_link/J3_link/J4_link/J5_link/J6_link/CupCompressedCollision_23"], ["", "/fanuc_m710id_70/Geometry/world/base_link/J1_link/J2_link/J3_link/J4_link/J5_link/J6_link/CupCompressedCollision_24"], ["", "/fanuc_m710id_70/Geometry/world/base_link/J1_link/J2_link/J3_link/J4_link/J5_link/J6_link/CupCompressedCollision_25"], ["", "/fanuc_m710id_70/Geometry/world/base_link/J1_link/J2_link/J3_link/J4_link/J5_link/J6_link/CupCompressedCollision_26"], ["", "/fanuc_m710id_70/Geometry/world/base_link/J1_link/J2_link/J3_link/J4_link/J5_link/J6_link/CupCompressedCollision_27"], ["", "/fanuc_m710id_70/Geometry/world/base_link/J1_link/J2_link/J3_link/J4_link/J5_link/J6_link/CupCompressedCollision_28"], ["", "/fanuc_m710id_70/Geometry/world/base_link/J1_link/J2_link/J3_link/J4_link/J5_link/J6_link/CupCompressedCollision_29"], ["", "/fanuc_m710id_70/Geometry/world/base_link/J1_link/J2_link/J3_link/J4_link/J5_link/J6_link/CupCompressedCollision_30"], ["", "/fanuc_m710id_70/Geometry/world/base_link/J1_link/J2_link/J3_link/J4_link/J5_link/J6_link/CupCompressedCollision_31"], ["", "/fanuc_m710id_70/Geometry/world/base_link/J1_link/J2_link/J3_link/J4_link/J5_link/J6_link/CupCompressedCollision_32"], ["", "/fanuc_m710id_70/Geometry/world/base_link/J1_link/J2_link/J3_link/J4_link/J5_link/J6_link/CupCompressedCollision_33"], ["", "/fanuc_m710id_70/Geometry/world/base_link/J1_link/J2_link/J3_link/J4_link/J5_link/J6_link/CupCompressedCollision_34"], ["", "/fanuc_m710id_70/Geometry/world/base_link/J1_link/J2_link/J3_link/J4_link/J5_link/J6_link/CupCompressedCollision_35"], ["", "/fanuc_m710id_70/Geometry/world/base_link/J1_link/J2_link/J3_link/J4_link/J5_link/J6_link/CupCompressedCollision_36"], ["", "/fanuc_m710id_70/Geometry/world/base_link/J1_link/J2_link/J3_link/J4_link/J5_link/J6_link/CupCompressedCollision_37"], ["", "/fanuc_m710id_70/Geometry/world/base_link/J1_link/J2_link/J3_link/J4_link/J5_link/J6_link/CupCompressedCollision_38"], ["", "/fanuc_m710id_70/Geometry/world/base_link/J1_link/J2_link/J3_link/J4_link/J5_link/J6_link/CupCompressedCollision_39"], ["", "/fanuc_m710id_70/Geometry/world/base_link/J1_link/J2_link/J3_link/J4_link/J5_link/J6_link/CupCompressedCollision_40"], ["", "/fanuc_m710id_70/Geometry/world/base_link/J1_link/J2_link/J3_link/J4_link/J5_link/J6_link/CupCompressedCollision_41"], ["", "/fanuc_m710id_70/Geometry/world/base_link/J1_link/J2_link/J3_link/J4_link/J5_link/J6_link/CupCompressedCollision_42"], ["", "/fanuc_m710id_70/Geometry/world/base_link/J1_link/J2_link/J3_link/J4_link/J5_link/J6_link/CupCompressedCollision_43"], ["", "/fanuc_m710id_70/Geometry/world/base_link/J1_link/J2_link/J3_link/J4_link/J5_link/J6_link/CupCompressedCollision_44"], ["", "/fanuc_m710id_70/Geometry/world/base_link/J1_link/J2_link/J3_link/J4_link/J5_link/J6_link/CupCompressedCollision_45"], ["", "/fanuc_m710id_70/Geometry/world/base_link/J1_link/J2_link/J3_link/J4_link/J5_link/J6_link/CupCompressedCollision_46"], ["", "/fanuc_m710id_70/Geometry/world/base_link/J1_link/J2_link/J3_link/J4_link/J5_link/J6_link/CupCompressedCollision_47"], ["", "/fanuc_m710id_70/Geometry/world/base_link/J1_link/J2_link/J3_link/J4_link/J5_link/J6_link/CupCompressedCollision_48"], ["", "/fanuc_m710id_70/Geometry/world/base_link/J1_link/J2_link/J3_link/J4_link/J5_link/J6_link/CupCompressedCollision_49"], ["", "/fanuc_m710id_70/Geometry/world/base_link/J1_link/J2_link/J3_link/J4_link/J5_link/J6_link/CupCompressedCollision_50"], ["", "/fanuc_m710id_70/Geometry/world/base_link/J1_link/J2_link/J3_link/J4_link/J5_link/J6_link/CupCompressedCollision_51"], ["", "/fanuc_m710id_70/Geometry/world/base_link/J1_link/J2_link/J3_link/J4_link/J5_link/J6_link/CupCompressedCollision_52"], ["", "/fanuc_m710id_70/Geometry/world/base_link/J1_link/J2_link/J3_link/J4_link/J5_link/J6_link/CupCompressedCollision_53"], ["", "/fanuc_m710id_70/Geometry/world/base_link/J1_link/J2_link/J3_link/J4_link/J5_link/J6_link/CupCompressedCollision_54"], ["", "/fanuc_m710id_70/Geometry/world/base_link/J1_link/J2_link/J3_link/J4_link/J5_link/J6_link/CupCompressedCollision_55"], ["", "/fanuc_m710id_70/Geometry/world/base_link/J1_link/J2_link/J3_link/J4_link/J5_link/J6_link/CupCompressedCollision_56"], ["", "/fanuc_m710id_70/Geometry/world/base_link/J1_link/J2_link/J3_link/J4_link/J5_link/J6_link/CupCompressedCollision_57"], ["", "/fanuc_m710id_70/Geometry/world/base_link/J1_link/J2_link/J3_link/J4_link/J5_link/J6_link/CupCompressedCollision_58"], ["", "/fanuc_m710id_70/Geometry/world/base_link/J1_link/J2_link/J3_link/J4_link/J5_link/J6_link/CupCompressedCollision_59"], ["", "/fanuc_m710id_70/Geometry/world/base_link/J1_link/J2_link/J3_link/J4_link/J5_link/J6_link/CupCompressedCollision_60"], ["", "/fanuc_m710id_70/Geometry/world/base_link/J1_link/J2_link/J3_link/J4_link/J5_link/J6_link/CupCompressedCollision_61"], ["", "/fanuc_m710id_70/Geometry/world/base_link/J1_link/J2_link/J3_link/J4_link/J5_link/J6_link/CupCompressedCollision_62"], ["", "/fanuc_m710id_70/Geometry/world/base_link/J1_link/J2_link/J3_link/J4_link/J5_link/J6_link/CupCompressedCollision_63"], ["", "/fanuc_m710id_70/Geometry/world/base_link/J1_link/J2_link/J3_link/J4_link/J5_link/J6_link/CupCompressedCollision_64"], ["", "/fanuc_m710id_70/Geometry/world/base_link/J1_link/J2_link/J3_link/J4_link/J5_link/J6_link/CupCompressedCollision_65"]], "contact_data_resolution_counts": {"lost": 60}, "event_count": 60, "first_contact_time_s": 187.2875, "first_physical_contact_time_s": null, "first_physical_contact_trajectory_time_s": null, "found_event_count": 0, "impulse_semantics": "peak_norm_of_per_event_vector_sum_over_contact_points", "last_contact_time_s": 187.2875, "last_event_type": "CONTACT_LOST", "last_header_maximum_separation_m": null, "last_header_minimum_separation_m": null, "last_physical_contact_time_s": null, "last_physical_contact_trajectory_time_s": null, "lost_event_count": 60, "maximum_separation_m": null, "minimum_separation_m": null, "peak_impulse_ns": 0.0, "persist_event_count": 0, "physical_contact_active": false, "physical_contact_event_count": 0, "physical_contact_observed": false, "physical_contact_tolerance_m": 0.003}, {"active": false, "active_collider_pair_count": 0, "active_physical_collider_pair_count": 0, "actor0": "/Validation/Scene/carton_l06_c02", "actor1": "/fanuc_m710id_70/Geometry/world/base_link/J1_link/J2_link/J3_link/J4_link/J5_link/J6_link", "collider_pairs": [["/Validation/Scene/carton_l06_c02", "/fanuc_m710id_70/Geometry/world/base_link/J1_link/J2_link/J3_link/J4_link/J5_link/J6_link/CupCompressedCollision_00"], ["/Validation/Scene/carton_l06_c02", "/fanuc_m710id_70/Geometry/world/base_link/J1_link/J2_link/J3_link/J4_link/J5_link/J6_link/CupCompressedCollision_06"], ["/Validation/Scene/carton_l06_c02", "/fanuc_m710id_70/Geometry/world/base_link/J1_link/J2_link/J3_link/J4_link/J5_link/J6_link/CupCompressedCollision_12"]], "contact_data_resolution_counts": {"lost": 3, "resolved": 218}, "event_count": 221, "first_contact_time_s": 10.6, "first_physical_contact_time_s": null, "first_physical_contact_trajectory_time_s": null, "found_event_count": 3, "impulse_semantics": "peak_norm_of_per_event_vector_sum_over_contact_points", "last_contact_time_s": 11.016666666666666, "last_event_type": "CONTACT_LOST", "last_header_maximum_separation_m": null, "last_header_minimum_separation_m": null, "last_physical_contact_time_s": null, "last_physical_contact_trajectory_time_s": null, "lost_event_count": 3, "maximum_separation_m": 0.02430889941751957, "minimum_separation_m": 0.00747684994712472, "peak_impulse_ns": 0.0, "persist_event_count": 215, "physical_contact_active": false, "physical_contact_event_count": 0, "physical_contact_observed": false, "physical_contact_tolerance_m": 0.003, "runtime_classification_event_counts": {"ALLOWED_STAGE_CONTACT": 218}, "runtime_collider_classifications": {"/Validation/Scene/carton_l06_c02 | /fanuc_m710id_70/Geometry/world/base_link/J1_link/J2_link/J3_link/J4_link/J5_link/J6_link/CupCompressedCollision_00": {"classifications": ["ALLOWED_STAGE_CONTACT"], "first_time_s": 10.6, "last_time_s": 11.0125, "minimum_separation_m": 0.00747684994712472}, "/Validation/Scene/carton_l06_c02 | /fanuc_m710id_70/Geometry/world/base_link/J1_link/J2_link/J3_link/J4_link/J5_link/J6_link/CupCompressedCollision_06": {"classifications": ["ALLOWED_STAGE_CONTACT"], "first_time_s": 10.6625, "last_time_s": 10.995833333333334, "minimum_separation_m": 0.012367061339318752}, "/Validation/Scene/carton_l06_c02 | /fanuc_m710id_70/Geometry/world/base_link/J1_link/J2_link/J3_link/J4_link/J5_link/J6_link/CupCompressedCollision_12": {"classifications": ["ALLOWED_STAGE_CONTACT"], "first_time_s": 10.770833333333332, "last_time_s": 10.920833333333333, "minimum_separation_m": 0.01838872581720352}}}, {"active": false, "active_collider_pair_count": 0, "active_physical_collider_pair_count": 0, "actor0": "/Validation/Scene/carton_l06_c03", "actor1": "/fanuc_m710id_70/Geometry/world/base_link/J1_link/J2_link/J3_link/J4_link/J5_link/J6_link", "collider_pairs": [["/Validation/Scene/carton_l06_c03", "/fanuc_m710id_70/Geometry/world/base_link/J1_link/J2_link/J3_link/J4_link/J5_link/J6_link/CupCompressedCollision_66"], ["/Validation/Scene/carton_l06_c03", "/fanuc_m710id_70/Geometry/world/base_link/J1_link/J2_link/J3_link/J4_link/J5_link/J6_link/CupCompressedCollision_60"]], "contact_data_resolution_counts": {"lost": 2, "resolved": 888}, "event_count": 890, "first_contact_time_s": 34.55416666666667, "first_physical_contact_time_s": null, "first_physical_contact_trajectory_time_s": null, "found_event_count": 2, "impulse_semantics": "peak_norm_of_per_event_vector_sum_over_contact_points", "last_contact_time_s": 36.40833333333334, "last_event_type": "CONTACT_LOST", "last_header_maximum_separation_m": null, "last_header_minimum_separation_m": null, "last_physical_contact_time_s": null, "last_physical_contact_trajectory_time_s": null, "lost_event_count": 2, "maximum_separation_m": 0.01999851129949093, "minimum_separation_m": 0.007923537865281105, "peak_impulse_ns": 0.0, "persist_event_count": 886, "physical_contact_active": false, "physical_contact_event_count": 0, "physical_contact_observed": false, "physical_contact_tolerance_m": 0.003, "runtime_classification_event_counts": {"ALLOWED_STAGE_CONTACT": 888}, "runtime_collider_classifications": {"/Validation/Scene/carton_l06_c03 | /fanuc_m710id_70/Geometry/world/base_link/J1_link/J2_link/J3_link/J4_link/J5_link/J6_link/CupCompressedCollision_60": {"classifications": ["ALLOWED_STAGE_CONTACT"], "first_time_s": 34.55833333333334, "last_time_s": 36.400000000000006, "minimum_separation_m": 0.008076664991676807}, "/Validation/Scene/carton_l06_c03 | /fanuc_m710id_70/Geometry/world/base_link/J1_link/J2_link/J3_link/J4_link/J5_link/J6_link/CupCompressedCollision_66": {"classifications": ["ALLOWED_STAGE_CONTACT"], "first_time_s": 34.55416666666667, "last_time_s": 36.40416666666667, "minimum_separation_m": 0.007923537865281105}}}, {"active": false, "active_collider_pair_count": 0, "active_physical_collider_pair_count": 0, "actor0": "/Validation/Scene/carton_l06_c04", "actor1": "/fanuc_m710id_70/Geometry/world/base_link/J1_link/J2_link/J3_link/J4_link/J5_link/J6_link", "collider_pairs": [["/Validation/Scene/carton_l06_c04", "/fanuc_m710id_70/Geometry/world/base_link/J1_link/J2_link/J3_link/J4_link/J5_link/J6_link/CupCompressedCollision_54"], ["/Validation/Scene/carton_l06_c04", "/fanuc_m710id_70/Geometry/world/base_link/J1_link/J2_link/J3_link/J4_link/J5_link/J6_link/CupCompressedCollision_48"], ["/Validation/Scene/carton_l06_c04", "/fanuc_m710id_70/Geometry/world/base_link/J1_link/J2_link/J3_link/J4_link/J5_link/J6_link/CupCompressedCollision_42"], ["/Validation/Scene/carton_l06_c04", "/fanuc_m710id_70/Geometry/world/base_link/J1_link/J2_link/J3_link/J4_link/J5_link/J6_link/CupCompressedCollision_36"], ["/Validation/Scene/carton_l06_c04", "/fanuc_m710id_70/Geometry/world/base_link/J1_link/J2_link/J3_link/J4_link/J5_link/J6_link/CupCompressedCollision_30"], ["/Validation/Scene/carton_l06_c04", "/fanuc_m710id_70/Geometry/world/base_link/J1_link/J2_link/J3_link/J4_link/J5_link/J6_link/CupCompressedCollision_24"], ["/Validation/Scene/carton_l06_c04", "/fanuc_m710id_70/Geometry/world/base_link/J1_link/J2_link/J3_link/J4_link/J5_link/J6_link/CupCompressedCollision_18"], ["/Validation/Scene/carton_l06_c04", "/fanuc_m710id_70/Geometry/world/base_link/J1_link/J2_link/J3_link/J4_link/J5_link/J6_link/CupCompressedCollision_12"], ["/Validation/Scene/carton_l06_c04", "/fanuc_m710id_70/Geometry/world/base_link/J1_link/J2_link/J3_link/J4_link/J5_link/J6_link/CupCompressedCollision_06"], ["/Validation/Scene/carton_l06_c04", "/fanuc_m710id_70/Geometry/world/base_link/J1_link/J2_link/J3_link/J4_link/J5_link/J6_link/CupCompressedCollision_60"]], "contact_data_resolution_counts": {"lost": 12, "resolved": 4611}, "event_count": 4623, "first_contact_time_s": 34.53333333333334, "first_physical_contact_time_s": null, "first_physical_contact_trajectory_time_s": null, "found_event_count": 12, "impulse_semantics": "peak_norm_of_per_event_vector_sum_over_contact_points", "last_contact_time_s": 36.670833333333334, "last_event_type": "CONTACT_LOST", "last_header_maximum_separation_m": null, "last_header_minimum_separation_m": null, "last_physical_contact_time_s": null, "last_physical_contact_trajectory_time_s": null, "lost_event_count": 12, "maximum_separation_m": 0.019976437091827393, "minimum_separation_m": 0.007496935781091452, "peak_impulse_ns": 0.0, "persist_event_count": 4599, "physical_contact_active": false, "physical_contact_event_count": 0, "physical_contact_observed": false, "physical_contact_tolerance_m": 0.003, "runtime_classification_event_counts": {"ALLOWED_STAGE_CONTACT": 4611}, "runtime_collider_classifications": {"/Validation/Scene/carton_l06_c04 | /fanuc_m710id_70/Geometry/world/base_link/J1_link/J2_link/J3_link/J4_link/J5_link/J6_link/CupCompressedCollision_06": {"classifications": ["ALLOWED_STAGE_CONTACT"], "first_time_s": 34.587500000000006, "last_time_s": 36.38333333333333, "minimum_separation_m": 0.011582301929593086}, "/Validation/Scene/carton_l06_c04 | /fanuc_m710id_70/Geometry/world/base_link/J1_link/J2_link/J3_link/J4_link/J5_link/J6_link/CupCompressedCollision_12": {"classifications": ["ALLOWED_STAGE_CONTACT"], "first_time_s": 34.53333333333334, "last_time_s": 36.66666666666667, "minimum_separation_m": 0.007496935781091452}, "/Validation/Scene/carton_l06_c04 | /fanuc_m710id_70/Geometry/world/base_link/J1_link/J2_link/J3_link/J4_link/J5_link/J6_link/CupCompressedCollision_18": {"classifications": ["ALLOWED_STAGE_CONTACT"], "first_time_s": 34.53333333333334, "last_time_s": 36.66666666666667, "minimum_separation_m": 0.007506362162530422}, "/Validation/Scene/carton_l06_c04 | /fanuc_m710id_70/Geometry/world/base_link/J1_link/J2_link/J3_link/J4_link/J5_link/J6_link/CupCompressedCollision_24": {"classifications": ["ALLOWED_STAGE_CONTACT"], "first_time_s": 34.53333333333334, "last_time_s": 36.66666666666667, "minimum_separation_m": 0.007516697980463505}, "/Validation/Scene/carton_l06_c04 | /fanuc_m710id_70/Geometry/world/base_link/J1_link/J2_link/J3_link/J4_link/J5_link/J6_link/CupCompressedCollision_30": {"classifications": ["ALLOWED_STAGE_CONTACT"], "first_time_s": 34.53333333333334, "last_time_s": 36.66666666666667, "minimum_separation_m": 0.007527578622102737}, "/Validation/Scene/carton_l06_c04 | /fanuc_m710id_70/Geometry/world/base_link/J1_link/J2_link/J3_link/J4_link/J5_link/J6_link/CupCompressedCollision_36": {"classifications": ["ALLOWED_STAGE_CONTACT"], "first_time_s": 34.53333333333334, "last_time_s": 36.66666666666667, "minimum_separation_m": 0.0075386157259345055}, "/Validation/Scene/carton_l06_c04 | /fanuc_m710id_70/Geometry/world/base_link/J1_link/J2_link/J3_link/J4_link/J5_link/J6_link/CupCompressedCollision_42": {"classifications": ["ALLOWED_STAGE_CONTACT"], "first_time_s": 34.53333333333334, "last_time_s": 36.66666666666667, "minimum_separation_m": 0.007549193687736988}, "/Validation/Scene/carton_l06_c04 | /fanuc_m710id_70/Geometry/world/base_link/J1_link/J2_link/J3_link/J4_link/J5_link/J6_link/CupCompressedCollision_48": {"classifications": ["ALLOWED_STAGE_CONTACT"], "first_time_s": 34.53333333333334, "last_time_s": 36.66666666666667, "minimum_separation_m": 0.007559160236269236}, "/Validation/Scene/carton_l06_c04 | /fanuc_m710id_70/Geometry/world/base_link/J1_link/J2_link/J3_link/J4_link/J5_link/J6_link/CupCompressedCollision_54": {"classifications": ["ALLOWED_STAGE_CONTACT"], "first_time_s": 34.53333333333334, "last_time_s": 36.66666666666667, "minimum_separation_m": 0.007570261601358652}, "/Validation/Scene/carton_l06_c04 | /fanuc_m710id_70/Geometry/world/base_link/J1_link/J2_link/J3_link/J4_link/J5_link/J6_link/CupCompressedCollision_60": {"classifications": ["ALLOWED_STAGE_CONTACT"], "first_time_s": 34.59166666666667, "last_time_s": 36.38333333333333, "minimum_separation_m": 0.011881211772561073}}}, {"active": true, "active_collider_pair_count": 60, "active_physical_collider_pair_count": 60, "actor0": "/Validation/Scene/carton_l07_c04", "actor1": "/fanuc_m710id_70/Geometry/world/base_link/J1_link/J2_link/J3_link/J4_link/J5_link/J6_link", "collider_pairs": [["/Validation/Scene/carton_l07_c04", "/fanuc_m710id_70/Geometry/world/base_link/J1_link/J2_link/J3_link/J4_link/J5_link/J6_link/CupCompressedCollision_01"], ["/Validation/Scene/carton_l07_c04", "/fanuc_m710id_70/Geometry/world/base_link/J1_link/J2_link/J3_link/J4_link/J5_link/J6_link/CupCompressedCollision_00"], ["/Validation/Scene/carton_l07_c04", "/fanuc_m710id_70/Geometry/world/base_link/J1_link/J2_link/J3_link/J4_link/J5_link/J6_link/CupCompressedCollision_02"], ["/Validation/Scene/carton_l07_c04", "/fanuc_m710id_70/Geometry/world/base_link/J1_link/J2_link/J3_link/J4_link/J5_link/J6_link/CupCompressedCollision_07"], ["/Validation/Scene/carton_l07_c04", "/fanuc_m710id_70/Geometry/world/base_link/J1_link/J2_link/J3_link/J4_link/J5_link/J6_link/CupCompressedCollision_08"], ["/Validation/Scene/carton_l07_c04", "/fanuc_m710id_70/Geometry/world/base_link/J1_link/J2_link/J3_link/J4_link/J5_link/J6_link/CupCompressedCollision_58"], ["/Validation/Scene/carton_l07_c04", "/fanuc_m710id_70/Geometry/world/base_link/J1_link/J2_link/J3_link/J4_link/J5_link/J6_link/CupCompressedCollision_64"], ["/Validation/Scene/carton_l07_c04", "/fanuc_m710id_70/Geometry/world/base_link/J1_link/J2_link/J3_link/J4_link/J5_link/J6_link/CupCompressedCollision_30"], ["/Validation/Scene/carton_l07_c04", "/fanuc_m710id_70/Geometry/world/base_link/J1_link/J2_link/J3_link/J4_link/J5_link/J6_link/CupCompressedCollision_24"], ["/Validation/Scene/carton_l07_c04", "/fanuc_m710id_70/Geometry/world/base_link/J1_link/J2_link/J3_link/J4_link/J5_link/J6_link/CupCompressedCollision_31"], ["/Validation/Scene/carton_l07_c04", "/fanuc_m710id_70/Geometry/world/base_link/J1_link/J2_link/J3_link/J4_link/J5_link/J6_link/CupCompressedCollision_32"], ["/Validation/Scene/carton_l07_c04", "/fanuc_m710id_70/Geometry/world/base_link/J1_link/J2_link/J3_link/J4_link/J5_link/J6_link/CupCompressedCollision_25"], ["/Validation/Scene/carton_l07_c04", "/fanuc_m710id_70/Geometry/world/base_link/J1_link/J2_link/J3_link/J4_link/J5_link/J6_link/CupCompressedCollision_18"], ["/Validation/Scene/carton_l07_c04", "/fanuc_m710id_70/Geometry/world/base_link/J1_link/J2_link/J3_link/J4_link/J5_link/J6_link/CupCompressedCollision_26"], ["/Validation/Scene/carton_l07_c04", "/fanuc_m710id_70/Geometry/world/base_link/J1_link/J2_link/J3_link/J4_link/J5_link/J6_link/CupCompressedCollision_19"], ["/Validation/Scene/carton_l07_c04", "/fanuc_m710id_70/Geometry/world/base_link/J1_link/J2_link/J3_link/J4_link/J5_link/J6_link/CupCompressedCollision_12"], ["/Validation/Scene/carton_l07_c04", "/fanuc_m710id_70/Geometry/world/base_link/J1_link/J2_link/J3_link/J4_link/J5_link/J6_link/CupCompressedCollision_20"], ["/Validation/Scene/carton_l07_c04", "/fanuc_m710id_70/Geometry/world/base_link/J1_link/J2_link/J3_link/J4_link/J5_link/J6_link/CupCompressedCollision_13"], ["/Validation/Scene/carton_l07_c04", "/fanuc_m710id_70/Geometry/world/base_link/J1_link/J2_link/J3_link/J4_link/J5_link/J6_link/CupCompressedCollision_06"], ["/Validation/Scene/carton_l07_c04", "/fanuc_m710id_70/Geometry/world/base_link/J1_link/J2_link/J3_link/J4_link/J5_link/J6_link/CupCompressedCollision_14"], ["/Validation/Scene/carton_l07_c04", "/fanuc_m710id_70/Geometry/world/base_link/J1_link/J2_link/J3_link/J4_link/J5_link/J6_link/CupCompressedCollision_36"], ["/Validation/Scene/carton_l07_c04", "/fanuc_m710id_70/Geometry/world/base_link/J1_link/J2_link/J3_link/J4_link/J5_link/J6_link/CupCompressedCollision_42"], ["/Validation/Scene/carton_l07_c04", "/fanuc_m710id_70/Geometry/world/base_link/J1_link/J2_link/J3_link/J4_link/J5_link/J6_link/CupCompressedCollision_48"], ["/Validation/Scene/carton_l07_c04", "/fanuc_m710id_70/Geometry/world/base_link/J1_link/J2_link/J3_link/J4_link/J5_link/J6_link/CupCompressedCollision_37"], ["/Validation/Scene/carton_l07_c04", "/fanuc_m710id_70/Geometry/world/base_link/J1_link/J2_link/J3_link/J4_link/J5_link/J6_link/CupCompressedCollision_43"], ["/Validation/Scene/carton_l07_c04", "/fanuc_m710id_70/Geometry/world/base_link/J1_link/J2_link/J3_link/J4_link/J5_link/J6_link/CupCompressedCollision_49"], ["/Validation/Scene/carton_l07_c04", "/fanuc_m710id_70/Geometry/world/base_link/J1_link/J2_link/J3_link/J4_link/J5_link/J6_link/CupCompressedCollision_50"], ["/Validation/Scene/carton_l07_c04", "/fanuc_m710id_70/Geometry/world/base_link/J1_link/J2_link/J3_link/J4_link/J5_link/J6_link/CupCompressedCollision_61"], ["/Validation/Scene/carton_l07_c04", "/fanuc_m710id_70/Geometry/world/base_link/J1_link/J2_link/J3_link/J4_link/J5_link/J6_link/CupCompressedCollision_54"], ["/Validation/Scene/carton_l07_c04", "/fanuc_m710id_70/Geometry/world/base_link/J1_link/J2_link/J3_link/J4_link/J5_link/J6_link/CupCompressedCollision_60"], ["/Validation/Scene/carton_l07_c04", "/fanuc_m710id_70/Geometry/world/base_link/J1_link/J2_link/J3_link/J4_link/J5_link/J6_link/CupCompressedCollision_56"], ["/Validation/Scene/carton_l07_c04", "/fanuc_m710id_70/Geometry/world/base_link/J1_link/J2_link/J3_link/J4_link/J5_link/J6_link/CupCompressedCollision_62"], ["/Validation/Scene/carton_l07_c04", "/fanuc_m710id_70/Geometry/world/base_link/J1_link/J2_link/J3_link/J4_link/J5_link/J6_link/CupCompressedCollision_44"], ["/Validation/Scene/carton_l07_c04", "/fanuc_m710id_70/Geometry/world/base_link/J1_link/J2_link/J3_link/J4_link/J5_link/J6_link/CupCompressedCollision_57"], ["/Validation/Scene/carton_l07_c04", "/fanuc_m710id_70/Geometry/world/base_link/J1_link/J2_link/J3_link/J4_link/J5_link/J6_link/CupCompressedCollision_55"], ["/Validation/Scene/carton_l07_c04", "/fanuc_m710id_70/Geometry/world/base_link/J1_link/J2_link/J3_link/J4_link/J5_link/J6_link/CupCompressedCollision_38"], ["/Validation/Scene/carton_l07_c04", "/fanuc_m710id_70/Geometry/world/base_link/J1_link/J2_link/J3_link/J4_link/J5_link/J6_link/CupCompressedCollision_51"], ["/Validation/Scene/carton_l07_c04", "/fanuc_m710id_70/Geometry/world/base_link/J1_link/J2_link/J3_link/J4_link/J5_link/J6_link/CupCompressedCollision_63"], ["/Validation/Scene/carton_l07_c04", "/fanuc_m710id_70/Geometry/world/base_link/J1_link/J2_link/J3_link/J4_link/J5_link/J6_link/CupCompressedCollision_65"], ["/Validation/Scene/carton_l07_c04", "/fanuc_m710id_70/Geometry/world/base_link/J1_link/J2_link/J3_link/J4_link/J5_link/J6_link/CupCompressedCollision_45"], ["/Validation/Scene/carton_l07_c04", "/fanuc_m710id_70/Geometry/world/base_link/J1_link/J2_link/J3_link/J4_link/J5_link/J6_link/CupCompressedCollision_52"], ["/Validation/Scene/carton_l07_c04", "/fanuc_m710id_70/Geometry/world/base_link/J1_link/J2_link/J3_link/J4_link/J5_link/J6_link/CupCompressedCollision_59"], ["/Validation/Scene/carton_l07_c04", "/fanuc_m710id_70/Geometry/world/base_link/J1_link/J2_link/J3_link/J4_link/J5_link/J6_link/CupCompressedCollision_39"], ["/Validation/Scene/carton_l07_c04", "/fanuc_m710id_70/Geometry/world/base_link/J1_link/J2_link/J3_link/J4_link/J5_link/J6_link/CupCompressedCollision_46"], ["/Validation/Scene/carton_l07_c04", "/fanuc_m710id_70/Geometry/world/base_link/J1_link/J2_link/J3_link/J4_link/J5_link/J6_link/CupCompressedCollision_53"], ["/Validation/Scene/carton_l07_c04", "/fanuc_m710id_70/Geometry/world/base_link/J1_link/J2_link/J3_link/J4_link/J5_link/J6_link/CupCompressedCollision_33"], ["/Validation/Scene/carton_l07_c04", "/fanuc_m710id_70/Geometry/world/base_link/J1_link/J2_link/J3_link/J4_link/J5_link/J6_link/CupCompressedCollision_40"], ["/Validation/Scene/carton_l07_c04", "/fanuc_m710id_70/Geometry/world/base_link/J1_link/J2_link/J3_link/J4_link/J5_link/J6_link/CupCompressedCollision_47"], ["/Validation/Scene/carton_l07_c04", "/fanuc_m710id_70/Geometry/world/base_link/J1_link/J2_link/J3_link/J4_link/J5_link/J6_link/CupCompressedCollision_27"], ["/Validation/Scene/carton_l07_c04", "/fanuc_m710id_70/Geometry/world/base_link/J1_link/J2_link/J3_link/J4_link/J5_link/J6_link/CupCompressedCollision_34"], ["/Validation/Scene/carton_l07_c04", "/fanuc_m710id_70/Geometry/world/base_link/J1_link/J2_link/J3_link/J4_link/J5_link/J6_link/CupCompressedCollision_41"], ["/Validation/Scene/carton_l07_c04", "/fanuc_m710id_70/Geometry/world/base_link/J1_link/J2_link/J3_link/J4_link/J5_link/J6_link/CupCompressedCollision_21"], ["/Validation/Scene/carton_l07_c04", "/fanuc_m710id_70/Geometry/world/base_link/J1_link/J2_link/J3_link/J4_link/J5_link/J6_link/CupCompressedCollision_28"], ["/Validation/Scene/carton_l07_c04", "/fanuc_m710id_70/Geometry/world/base_link/J1_link/J2_link/J3_link/J4_link/J5_link/J6_link/CupCompressedCollision_35"], ["/Validation/Scene/carton_l07_c04", "/fanuc_m710id_70/Geometry/world/base_link/J1_link/J2_link/J3_link/J4_link/J5_link/J6_link/CupCompressedCollision_15"], ["/Validation/Scene/carton_l07_c04", "/fanuc_m710id_70/Geometry/world/base_link/J1_link/J2_link/J3_link/J4_link/J5_link/J6_link/CupCompressedCollision_22"], ["/Validation/Scene/carton_l07_c04", "/fanuc_m710id_70/Geometry/world/base_link/J1_link/J2_link/J3_link/J4_link/J5_link/J6_link/CupCompressedCollision_29"], ["/Validation/Scene/carton_l07_c04", "/fanuc_m710id_70/Geometry/world/base_link/J1_link/J2_link/J3_link/J4_link/J5_link/J6_link/CupCompressedCollision_09"], ["/Validation/Scene/carton_l07_c04", "/fanuc_m710id_70/Geometry/world/base_link/J1_link/J2_link/J3_link/J4_link/J5_link/J6_link/CupCompressedCollision_16"], ["/Validation/Scene/carton_l07_c04", "/fanuc_m710id_70/Geometry/world/base_link/J1_link/J2_link/J3_link/J4_link/J5_link/J6_link/CupCompressedCollision_23"], ["/Validation/Scene/carton_l07_c04", "/fanuc_m710id_70/Geometry/world/base_link/J1_link/J2_link/J3_link/J4_link/J5_link/J6_link/CupCompressedCollision_10"], ["/Validation/Scene/carton_l07_c04", "/fanuc_m710id_70/Geometry/world/base_link/J1_link/J2_link/J3_link/J4_link/J5_link/J6_link/CupCompressedCollision_17"], ["/Validation/Scene/carton_l07_c04", "/fanuc_m710id_70/Geometry/world/base_link/J1_link/J2_link/J3_link/J4_link/J5_link/J6_link/CupCompressedCollision_11"]], "contact_data_resolution_counts": {"lost": 46, "resolved": 2208083}, "event_count": 2208129, "first_contact_time_s": 14.704166666666666, "first_physical_contact_time_s": 35.15833333333334, "first_physical_contact_trajectory_time_s": 35.05000000000093, "found_event_count": 106, "impulse_semantics": "peak_norm_of_per_event_vector_sum_over_contact_points", "last_contact_time_s": 187.28333333333333, "last_event_type": "CONTACT_PERSIST", "last_header_maximum_separation_m": 0.0013967901468276978, "last_header_minimum_separation_m": 0.0013934075832366943, "last_physical_contact_time_s": 187.28333333333333, "last_physical_contact_trajectory_time_s": 187.17387974498772, "lost_event_count": 46, "maximum_separation_m": 0.027151331305503845, "minimum_separation_m": -1.1622905731201172e-06, "peak_impulse_ns": 0.7331900643491868, "persist_event_count": 2207977, "physical_contact_active": true, "physical_contact_event_count": 2190660, "physical_contact_observed": true, "physical_contact_tolerance_m": 0.003, "runtime_classification_event_counts": {"ALLOWED_STAGE_CONTACT": 2200710, "CLEAR": 7373}, "runtime_collider_classifications": {"/Validation/Scene/carton_l07_c04 | /fanuc_m710id_70/Geometry/world/base_link/J1_link/J2_link/J3_link/J4_link/J5_link/J6_link/CupCompressedCollision_00": {"classifications": ["CLEAR"], "first_time_s": 14.708333333333332, "last_time_s": 33.025000000000006, "minimum_separation_m": 0.010531648993492126}, "/Validation/Scene/carton_l07_c04 | /fanuc_m710id_70/Geometry/world/base_link/J1_link/J2_link/J3_link/J4_link/J5_link/J6_link/CupCompressedCollision_01": {"classifications": ["CLEAR"], "first_time_s": 14.704166666666666, "last_time_s": 32.920833333333334, "minimum_separation_m": 0.0057786633260548115}, "/Validation/Scene/carton_l07_c04 | /fanuc_m710id_70/Geometry/world/base_link/J1_link/J2_link/J3_link/J4_link/J5_link/J6_link/CupCompressedCollision_02": {"classifications": ["CLEAR"], "first_time_s": 14.820833333333333, "last_time_s": 32.39166666666667, "minimum_separation_m": 0.016843203455209732}, "/Validation/Scene/carton_l07_c04 | /fanuc_m710id_70/Geometry/world/base_link/J1_link/J2_link/J3_link/J4_link/J5_link/J6_link/CupCompressedCollision_06": {"classifications": ["CLEAR", "ALLOWED_STAGE_CONTACT"], "first_time_s": 23.325, "last_time_s": 187.28333333333333, "minimum_separation_m": 1.8998982341145165e-05}, "/Validation/Scene/carton_l07_c04 | /fanuc_m710id_70/Geometry/world/base_link/J1_link/J2_link/J3_link/J4_link/J5_link/J6_link/CupCompressedCollision_07": {"classifications": ["CLEAR", "ALLOWED_STAGE_CONTACT"], "first_time_s": 14.904166666666667, "last_time_s": 187.28333333333333, "minimum_separation_m": 1.5556812286376953e-05}, "/Validation/Scene/carton_l07_c04 | /fanuc_m710id_70/Geometry/world/base_link/J1_link/J2_link/J3_link/J4_link/J5_link/J6_link/CupCompressedCollision_08": {"classifications": ["CLEAR", "ALLOWED_STAGE_CONTACT"], "first_time_s": 14.979166666666666, "last_time_s": 187.28333333333333, "minimum_separation_m": 1.1995444765489083e-05}, "/Validation/Scene/carton_l07_c04 | /fanuc_m710id_70/Geometry/world/base_link/J1_link/J2_link/J3_link/J4_link/J5_link/J6_link/CupCompressedCollision_09": {"classifications": ["ALLOWED_STAGE_CONTACT"], "first_time_s": 34.462500000000006, "last_time_s": 187.28333333333333, "minimum_separation_m": 7.674103471799754e-06}, "/Validation/Scene/carton_l07_c04 | /fanuc_m710id_70/Geometry/world/base_link/J1_link/J2_link/J3_link/J4_link/J5_link/J6_link/CupCompressedCollision_10": {"classifications": ["ALLOWED_STAGE_CONTACT"], "first_time_s": 34.462500000000006, "last_time_s": 187.28333333333333, "minimum_separation_m": 4.068010639457498e-06}, "/Validation/Scene/carton_l07_c04 | /fanuc_m710id_70/Geometry/world/base_link/J1_link/J2_link/J3_link/J4_link/J5_link/J6_link/CupCompressedCollision_11": {"classifications": ["ALLOWED_STAGE_CONTACT"], "first_time_s": 34.462500000000006, "last_time_s": 187.28333333333333, "minimum_separation_m": 3.725290298461914e-07}, "/Validation/Scene/carton_l07_c04 | /fanuc_m710id_70/Geometry/world/base_link/J1_link/J2_link/J3_link/J4_link/J5_link/J6_link/CupCompressedCollision_12": {"classifications": ["CLEAR", "ALLOWED_STAGE_CONTACT"], "first_time_s": 23.266666666666666, "last_time_s": 187.28333333333333, "minimum_separation_m": 1.9028819224331528e-05}, "/Validation/Scene/carton_l07_c04 | /fanuc_m710id_70/Geometry/world/base_link/J1_link/J2_link/J3_link/J4_link/J5_link/J6_link/CupCompressedCollision_13": {"classifications": ["CLEAR", "ALLOWED_STAGE_CONTACT"], "first_time_s": 23.3, "last_time_s": 187.28333333333333, "minimum_separation_m": 1.5646226529497653e-05}, "/Validation/Scene/carton_l07_c04 | /fanuc_m710id_70/Geometry/world/base_link/J1_link/J2_link/J3_link/J4_link/J5_link/J6_link/CupCompressedCollision_14": {"classifications": ["CLEAR", "ALLOWED_STAGE_CONTACT"], "first_time_s": 23.34583333333333, "last_time_s": 187.28333333333333, "minimum_separation_m": 1.1399391951272264e-05}, "/Validation/Scene/carton_l07_c04 | /fanuc_m710id_70/Geometry/world/base_link/J1_link/J2_link/J3_link/J4_link/J5_link/J6_link/CupCompressedCollision_15": {"classifications": ["ALLOWED_STAGE_CONTACT"], "first_time_s": 34.462500000000006, "last_time_s": 187.28333333333333, "minimum_separation_m": 7.480417480110191e-06}, "/Validation/Scene/carton_l07_c04 | /fanuc_m710id_70/Geometry/world/base_link/J1_link/J2_link/J3_link/J4_link/J5_link/J6_link/CupCompressedCollision_16": {"classifications": ["ALLOWED_STAGE_CONTACT"], "first_time_s": 34.462500000000006, "last_time_s": 187.28333333333333, "minimum_separation_m": 3.8147272789501585e-06}, "/Validation/Scene/carton_l07_c04 | /fanuc_m710id_70/Geometry/world/base_link/J1_link/J2_link/J3_link/J4_link/J5_link/J6_link/CupCompressedCollision_17": {"classifications": ["ALLOWED_STAGE_CONTACT"], "first_time_s": 34.462500000000006, "last_time_s": 187.28333333333333, "minimum_separation_m": -1.1622905731201172e-06}, "/Validation/Scene/carton_l07_c04 | /fanuc_m710id_70/Geometry/world/base_link/J1_link/J2_link/J3_link/J4_link/J5_link/J6_link/CupCompressedCollision_18": {"classifications": ["CLEAR", "ALLOWED_STAGE_CONTACT"], "first_time_s": 23.204166666666666, "last_time_s": 187.28333333333333, "minimum_separation_m": 2.072756615234539e-05}, "/Validation/Scene/carton_l07_c04 | /fanuc_m710id_70/Geometry/world/base_link/J1_link/J2_link/J3_link/J4_link/J5_link/J6_link/CupCompressedCollision_19": {"classifications": ["CLEAR", "ALLOWED_STAGE_CONTACT"], "first_time_s": 23.2375, "last_time_s": 187.28333333333333, "minimum_separation_m": 1.661479655012954e-05}, "/Validation/Scene/carton_l07_c04 | /fanuc_m710id_70/Geometry/world/base_link/J1_link/J2_link/J3_link/J4_link/J5_link/J6_link/CupCompressedCollision_20": {"classifications": ["CLEAR", "ALLOWED_STAGE_CONTACT"], "first_time_s": 23.275, "last_time_s": 187.28333333333333, "minimum_separation_m": 1.3172631042834837e-05}, "/Validation/Scene/carton_l07_c04 | /fanuc_m710id_70/Geometry/world/base_link/J1_link/J2_link/J3_link/J4_link/J5_link/J6_link/CupCompressedCollision_21": {"classifications": ["ALLOWED_STAGE_CONTACT"], "first_time_s": 34.462500000000006, "last_time_s": 187.28333333333333, "minimum_separation_m": 8.970526323537342e-06}, "/Validation/Scene/carton_l07_c04 | /fanuc_m710id_70/Geometry/world/base_link/J1_link/J2_link/J3_link/J4_link/J5_link/J6_link/CupCompressedCollision_22": {"classifications": ["ALLOWED_STAGE_CONTACT"], "first_time_s": 34.462500000000006, "last_time_s": 187.28333333333333, "minimum_separation_m": 4.962089406035375e-06}, "/Validation/Scene/carton_l07_c04 | /fanuc_m710id_70/Geometry/world/base_link/J1_link/J2_link/J3_link/J4_link/J5_link/J6_link/CupCompressedCollision_23": {"classifications": ["ALLOWED_STAGE_CONTACT"], "first_time_s": 34.462500000000006, "last_time_s": 187.28333333333333, "minimum_separation_m": -1.4901159772762185e-07}, "/Validation/Scene/carton_l07_c04 | /fanuc_m710id_70/Geometry/world/base_link/J1_link/J2_link/J3_link/J4_link/J5_link/J6_link/CupCompressedCollision_24": {"classifications": ["CLEAR", "ALLOWED_STAGE_CONTACT"], "first_time_s": 23.1375, "last_time_s": 187.28333333333333, "minimum_separation_m": 2.2038824681658298e-05}, "/Validation/Scene/carton_l07_c04 | /fanuc_m710id_70/Geometry/world/base_link/J1_link/J2_link/J3_link/J4_link/J5_link/J6_link/CupCompressedCollision_25": {"classifications": ["CLEAR", "ALLOWED_STAGE_CONTACT"], "first_time_s": 23.170833333333334, "last_time_s": 187.28333333333333, "minimum_separation_m": 1.840293589339126e-05}, "/Validation/Scene/carton_l07_c04 | /fanuc_m710id_70/Geometry/world/base_link/J1_link/J2_link/J3_link/J4_link/J5_link/J6_link/CupCompressedCollision_26": {"classifications": ["CLEAR", "ALLOWED_STAGE_CONTACT"], "first_time_s": 23.208333333333332, "last_time_s": 187.28333333333333, "minimum_separation_m": 1.4483931408904027e-05}, "/Validation/Scene/carton_l07_c04 | /fanuc_m710id_70/Geometry/world/base_link/J1_link/J2_link/J3_link/J4_link/J5_link/J6_link/CupCompressedCollision_27": {"classifications": ["ALLOWED_STAGE_CONTACT"], "first_time_s": 34.462500000000006, "last_time_s": 187.28333333333333, "minimum_separation_m": 1.0594806553854141e-05}, "/Validation/Scene/carton_l07_c04 | /fanuc_m710id_70/Geometry/world/base_link/J1_link/J2_link/J3_link/J4_link/J5_link/J6_link/CupCompressedCollision_28": {"classifications": ["ALLOWED_STAGE_CONTACT"], "first_time_s": 34.462500000000006, "last_time_s": 187.28333333333333, "minimum_separation_m": 6.333066721708747e-06}, "/Validation/Scene/carton_l07_c04 | /fanuc_m710id_70/Geometry/world/base_link/J1_link/J2_link/J3_link/J4_link/J5_link/J6_link/CupCompressedCollision_29": {"classifications": ["ALLOWED_STAGE_CONTACT"], "first_time_s": 34.462500000000006, "last_time_s": 187.28333333333333, "minimum_separation_m": -2.980227122861834e-07}, "/Validation/Scene/carton_l07_c04 | /fanuc_m710id_70/Geometry/world/base_link/J1_link/J2_link/J3_link/J4_link/J5_link/J6_link/CupCompressedCollision_30": {"classifications": ["CLEAR", "ALLOWED_STAGE_CONTACT"], "first_time_s": 23.120833333333334, "last_time_s": 187.28333333333333, "minimum_separation_m": 2.321600914001465e-05}, "/Validation/Scene/carton_l07_c04 | /fanuc_m710id_70/Geometry/world/base_link/J1_link/J2_link/J3_link/J4_link/J5_link/J6_link/CupCompressedCollision_31": {"classifications": ["CLEAR", "ALLOWED_STAGE_CONTACT"], "first_time_s": 23.1375, "last_time_s": 187.28333333333333, "minimum_separation_m": 1.937152774189599e-05}, "/Validation/Scene/carton_l07_c04 | /fanuc_m710id_70/Geometry/world/base_link/J1_link/J2_link/J3_link/J4_link/J5_link/J6_link/CupCompressedCollision_32": {"classifications": ["CLEAR", "ALLOWED_STAGE_CONTACT"], "first_time_s": 23.162499999999998, "last_time_s": 187.28333333333333, "minimum_separation_m": 1.548233922221698e-05}, "/Validation/Scene/carton_l07_c04 | /fanuc_m710id_70/Geometry/world/base_link/J1_link/J2_link/J3_link/J4_link/J5_link/J6_link/CupCompressedCollision_33": {"classifications": ["ALLOWED_STAGE_CONTACT"], "first_time_s": 34.462500000000006, "last_time_s": 187.28333333333333, "minimum_separation_m": 1.1324884326313622e-05}, "/Validation/Scene/carton_l07_c04 | /fanuc_m710id_70/Geometry/world/base_link/J1_link/J2_link/J3_link/J4_link/J5_link/J6_link/CupCompressedCollision_34": {"classifications": ["ALLOWED_STAGE_CONTACT"], "first_time_s": 34.462500000000006, "last_time_s": 187.28333333333333, "minimum_separation_m": 7.376209396170452e-06}, "/Validation/Scene/carton_l07_c04 | /fanuc_m710id_70/Geometry/world/base_link/J1_link/J2_link/J3_link/J4_link/J5_link/J6_link/CupCompressedCollision_35": {"classifications": ["ALLOWED_STAGE_CONTACT"], "first_time_s": 34.462500000000006, "last_time_s": 187.28333333333333, "minimum_separation_m": 5.9604584379258085e-08}, "/Validation/Scene/carton_l07_c04 | /fanuc_m710id_70/Geometry/world/base_link/J1_link/J2_link/J3_link/J4_link/J5_link/J6_link/CupCompressedCollision_36": {"classifications": ["CLEAR", "ALLOWED_STAGE_CONTACT"], "first_time_s": 32.050000000000004, "last_time_s": 187.28333333333333, "minimum_separation_m": 2.4780649255262688e-05}, "/Validation/Scene/carton_l07_c04 | /fanuc_m710id_70/Geometry/world/base_link/J1_link/J2_link/J3_link/J4_link/J5_link/J6_link/CupCompressedCollision_37": {"classifications": ["CLEAR", "ALLOWED_STAGE_CONTACT"], "first_time_s": 32.27916666666667, "last_time_s": 187.28333333333333, "minimum_separation_m": 2.074241820082534e-05}, "/Validation/Scene/carton_l07_c04 | /fanuc_m710id_70/Geometry/world/base_link/J1_link/J2_link/J3_link/J4_link/J5_link/J6_link/CupCompressedCollision_38": {"classifications": ["ALLOWED_STAGE_CONTACT"], "first_time_s": 34.458333333333336, "last_time_s": 187.28333333333333, "minimum_separation_m": 1.6242269339272752e-05}, "/Validation/Scene/carton_l07_c04 | /fanuc_m710id_70/Geometry/world/base_link/J1_link/J2_link/J3_link/J4_link/J5_link/J6_link/CupCompressedCollision_39": {"classifications": ["ALLOWED_STAGE_CONTACT"], "first_time_s": 34.462500000000006, "last_time_s": 187.28333333333333, "minimum_separation_m": 1.2308370060054585e-05}, "/Validation/Scene/carton_l07_c04 | /fanuc_m710id_70/Geometry/world/base_link/J1_link/J2_link/J3_link/J4_link/J5_link/J6_link/CupCompressedCollision_40": {"classifications": ["ALLOWED_STAGE_CONTACT"], "first_time_s": 34.462500000000006, "last_time_s": 187.28333333333333, "minimum_separation_m": 8.210543455788866e-06}, "/Validation/Scene/carton_l07_c04 | /fanuc_m710id_70/Geometry/world/base_link/J1_link/J2_link/J3_link/J4_link/J5_link/J6_link/CupCompressedCollision_41": {"classifications": ["ALLOWED_STAGE_CONTACT"], "first_time_s": 34.462500000000006, "last_time_s": 187.28333333333333, "minimum_separation_m": 0.0}, "/Validation/Scene/carton_l07_c04 | /fanuc_m710id_70/Geometry/world/base_link/J1_link/J2_link/J3_link/J4_link/J5_link/J6_link/CupCompressedCollision_42": {"classifications": ["CLEAR", "ALLOWED_STAGE_CONTACT"], "first_time_s": 32.10416666666667, "last_time_s": 187.28333333333333, "minimum_separation_m": 2.570451943029184e-05}, "/Validation/Scene/carton_l07_c04 | /fanuc_m710id_70/Geometry/world/base_link/J1_link/J2_link/J3_link/J4_link/J5_link/J6_link/CupCompressedCollision_43": {"classifications": ["CLEAR", "ALLOWED_STAGE_CONTACT"], "first_time_s": 32.32916666666667, "last_time_s": 187.28333333333333, "minimum_separation_m": 2.1547082724282518e-05}, "/Validation/Scene/carton_l07_c04 | /fanuc_m710id_70/Geometry/world/base_link/J1_link/J2_link/J3_link/J4_link/J5_link/J6_link/CupCompressedCollision_44": {"classifications": ["ALLOWED_STAGE_CONTACT"], "first_time_s": 34.458333333333336, "last_time_s": 187.28333333333333, "minimum_separation_m": 1.7270445823669434e-05}, "/Validation/Scene/carton_l07_c04 | /fanuc_m710id_70/Geometry/world/base_link/J1_link/J2_link/J3_link/J4_link/J5_link/J6_link/CupCompressedCollision_45": {"classifications": ["ALLOWED_STAGE_CONTACT"], "first_time_s": 34.462500000000006, "last_time_s": 187.28333333333333, "minimum_separation_m": 1.3440867405734025e-05}, "/Validation/Scene/carton_l07_c04 | /fanuc_m710id_70/Geometry/world/base_link/J1_link/J2_link/J3_link/J4_link/J5_link/J6_link/CupCompressedCollision_46": {"classifications": ["ALLOWED_STAGE_CONTACT"], "first_time_s": 34.462500000000006, "last_time_s": 187.28333333333333, "minimum_separation_m": 9.432435945200268e-06}, "/Validation/Scene/carton_l07_c04 | /fanuc_m710id_70/Geometry/world/base_link/J1_link/J2_link/J3_link/J4_link/J5_link/J6_link/CupCompressedCollision_47": {"classifications": ["ALLOWED_STAGE_CONTACT"], "first_time_s": 34.462500000000006, "last_time_s": 187.28333333333333, "minimum_separation_m": -2.980266629037942e-07}, "/Validation/Scene/carton_l07_c04 | /fanuc_m710id_70/Geometry/world/base_link/J1_link/J2_link/J3_link/J4_link/J5_link/J6_link/CupCompressedCollision_48": {"classifications": ["CLEAR", "ALLOWED_STAGE_CONTACT"], "first_time_s": 32.1875, "last_time_s": 187.28333333333333, "minimum_separation_m": 2.682209378690459e-05}, "/Validation/Scene/carton_l07_c04 | /fanuc_m710id_70/Geometry/world/base_link/J1_link/J2_link/J3_link/J4_link/J5_link/J6_link/CupCompressedCollision_49": {"classifications": ["CLEAR", "ALLOWED_STAGE_CONTACT"], "first_time_s": 32.375, "last_time_s": 187.28333333333333, "minimum_separation_m": 2.282857894897461e-05}, "/Validation/Scene/carton_l07_c04 | /fanuc_m710id_70/Geometry/world/base_link/J1_link/J2_link/J3_link/J4_link/J5_link/J6_link/CupCompressedCollision_50": {"classifications": ["ALLOWED_STAGE_CONTACT"], "first_time_s": 34.458333333333336, "last_time_s": 187.28333333333333, "minimum_separation_m": 1.850724220275879e-05}, "/Validation/Scene/carton_l07_c04 | /fanuc_m710id_70/Geometry/world/base_link/J1_link/J2_link/J3_link/J4_link/J5_link/J6_link/CupCompressedCollision_51": {"classifications": ["ALLOWED_STAGE_CONTACT"], "first_time_s": 34.462500000000006, "last_time_s": 187.28333333333333, "minimum_separation_m": 1.4409432878892403e-05}, "/Validation/Scene/carton_l07_c04 | /fanuc_m710id_70/Geometry/world/base_link/J1_link/J2_link/J3_link/J4_link/J5_link/J6_link/CupCompressedCollision_52": {"classifications": ["ALLOWED_STAGE_CONTACT"], "first_time_s": 34.462500000000006, "last_time_s": 187.28333333333333, "minimum_separation_m": 9.909298569255043e-06}, "/Validation/Scene/carton_l07_c04 | /fanuc_m710id_70/Geometry/world/base_link/J1_link/J2_link/J3_link/J4_link/J5_link/J6_link/CupCompressedCollision_53": {"classifications": ["ALLOWED_STAGE_CONTACT"], "first_time_s": 34.462500000000006, "last_time_s": 187.28333333333333, "minimum_separation_m": 1.4901206668582745e-06}, "/Validation/Scene/carton_l07_c04 | /fanuc_m710id_70/Geometry/world/base_link/J1_link/J2_link/J3_link/J4_link/J5_link/J6_link/CupCompressedCollision_54": {"classifications": ["ALLOWED_STAGE_CONTACT"], "first_time_s": 34.458333333333336, "last_time_s": 187.28333333333333, "minimum_separation_m": 2.8222859327797778e-05}, "/Validation/Scene/carton_l07_c04 | /fanuc_m710id_70/Geometry/world/base_link/J1_link/J2_link/J3_link/J4_link/J5_link/J6_link/CupCompressedCollision_55": {"classifications": ["ALLOWED_STAGE_CONTACT"], "first_time_s": 34.458333333333336, "last_time_s": 187.28333333333333, "minimum_separation_m": 2.4065375328063965e-05}, "/Validation/Scene/carton_l07_c04 | /fanuc_m710id_70/Geometry/world/base_link/J1_link/J2_link/J3_link/J4_link/J5_link/J6_link/CupCompressedCollision_56": {"classifications": ["ALLOWED_STAGE_CONTACT"], "first_time_s": 34.458333333333336, "last_time_s": 187.28333333333333, "minimum_separation_m": 1.9297007384011522e-05}, "/Validation/Scene/carton_l07_c04 | /fanuc_m710id_70/Geometry/world/base_link/J1_link/J2_link/J3_link/J4_link/J5_link/J6_link/CupCompressedCollision_57": {"classifications": ["ALLOWED_STAGE_CONTACT"], "first_time_s": 34.458333333333336, "last_time_s": 187.28333333333333, "minimum_separation_m": 1.542270001664292e-05}, "/Validation/Scene/carton_l07_c04 | /fanuc_m710id_70/Geometry/world/base_link/J1_link/J2_link/J3_link/J4_link/J5_link/J6_link/CupCompressedCollision_58": {"classifications": ["CLEAR", "ALLOWED_STAGE_CONTACT"], "first_time_s": 19.883333333333333, "last_time_s": 187.28333333333333, "minimum_separation_m": 1.0937458682747092e-05}, "/Validation/Scene/carton_l07_c04 | /fanuc_m710id_70/Geometry/world/base_link/J1_link/J2_link/J3_link/J4_link/J5_link/J6_link/CupCompressedCollision_59": {"classifications": ["ALLOWED_STAGE_CONTACT"], "first_time_s": 34.462500000000006, "last_time_s": 187.28333333333333, "minimum_separation_m": 2.682209014892578e-07}, "/Validation/Scene/carton_l07_c04 | /fanuc_m710id_70/Geometry/world/base_link/J1_link/J2_link/J3_link/J4_link/J5_link/J6_link/CupCompressedCollision_60": {"classifications": ["ALLOWED_STAGE_CONTACT"], "first_time_s": 34.458333333333336, "last_time_s": 187.28333333333333, "minimum_separation_m": 2.9504300982807763e-05}, "/Validation/Scene/carton_l07_c04 | /fanuc_m710id_70/Geometry/world/base_link/J1_link/J2_link/J3_link/J4_link/J5_link/J6_link/CupCompressedCollision_61": {"classifications": ["ALLOWED_STAGE_CONTACT"], "first_time_s": 34.458333333333336, "last_time_s": 187.28333333333333, "minimum_separation_m": 2.5630006348364986e-05}, "/Validation/Scene/carton_l07_c04 | /fanuc_m710id_70/Geometry/world/base_link/J1_link/J2_link/J3_link/J4_link/J5_link/J6_link/CupCompressedCollision_62": {"classifications": ["ALLOWED_STAGE_CONTACT"], "first_time_s": 34.458333333333336, "last_time_s": 187.28333333333333, "minimum_separation_m": 2.171099004044663e-05}, "/Validation/Scene/carton_l07_c04 | /fanuc_m710id_70/Geometry/world/base_link/J1_link/J2_link/J3_link/J4_link/J5_link/J6_link/CupCompressedCollision_63": {"classifications": ["ALLOWED_STAGE_CONTACT"], "first_time_s": 34.462500000000006, "last_time_s": 187.28333333333333, "minimum_separation_m": 1.6987323760986328e-05}, "/Validation/Scene/carton_l07_c04 | /fanuc_m710id_70/Geometry/world/base_link/J1_link/J2_link/J3_link/J4_link/J5_link/J6_link/CupCompressedCollision_64": {"classifications": ["CLEAR", "ALLOWED_STAGE_CONTACT"], "first_time_s": 19.945833333333333, "last_time_s": 187.28333333333333, "minimum_separation_m": 1.308322316617705e-05}, "/Validation/Scene/carton_l07_c04 | /fanuc_m710id_70/Geometry/world/base_link/J1_link/J2_link/J3_link/J4_link/J5_link/J6_link/CupCompressedCollision_65": {"classifications": ["ALLOWED_STAGE_CONTACT"], "first_time_s": 34.462500000000006, "last_time_s": 187.28333333333333, "minimum_separation_m": 5.289911769068567e-06}}}, {"active": false, "active_collider_pair_count": 0, "active_physical_collider_pair_count": 0, "actor0": "/Validation/Scene/trailer_ceiling", "actor1": "/fanuc_m710id_70/Geometry/world/base_link/J1_link/J2_link/J3_link/J4_link/J5_link/J6_link", "collider_pairs": [["/Validation/Scene/trailer_ceiling", "/fanuc_m710id_70/Geometry/world/base_link/J1_link/J2_link/J3_link/J4_link/J5_link/J6_link/SuctionToolRigidCollision_000"], ["/Validation/Scene/trailer_ceiling", "/fanuc_m710id_70/Geometry/world/base_link/J1_link/J2_link/J3_link/J4_link/J5_link/J6_link/CupCompressedCollision_71"], ["/Validation/Scene/trailer_ceiling", "/fanuc_m710id_70/Geometry/world/base_link/J1_link/J2_link/J3_link/J4_link/J5_link/J6_link/CupCompressedCollision_65"], ["/Validation/Scene/trailer_ceiling", "/fanuc_m710id_70/Geometry/world/base_link/J1_link/J2_link/J3_link/J4_link/J5_link/J6_link/SuctionToolRigidCollision_010"], ["/Validation/Scene/trailer_ceiling", "/fanuc_m710id_70/Geometry/world/base_link/J1_link/J2_link/J3_link/J4_link/J5_link/J6_link/SuctionToolRigidCollision_008"], ["/Validation/Scene/trailer_ceiling", "/fanuc_m710id_70/Geometry/world/base_link/J1_link/J2_link/J3_link/J4_link/J5_link/J6_link/CupCompressedCollision_59"], ["/Validation/Scene/trailer_ceiling", "/fanuc_m710id_70/Geometry/world/base_link/J1_link/J2_link/J3_link/J4_link/J5_link/J6_link/CupCompressedCollision_53"]], "contact_data_resolution_counts": {"lost": 7, "resolved": 821}, "event_count": 828, "first_contact_time_s": 16.383333333333333, "first_physical_contact_time_s": null, "first_physical_contact_trajectory_time_s": null, "found_event_count": 7, "impulse_semantics": "peak_norm_of_per_event_vector_sum_over_contact_points", "last_contact_time_s": 17.154166666666665, "last_event_type": "CONTACT_LOST", "last_header_maximum_separation_m": null, "last_header_minimum_separation_m": null, "last_physical_contact_time_s": null, "last_physical_contact_trajectory_time_s": null, "lost_event_count": 7, "maximum_separation_m": 0.021714769303798676, "minimum_separation_m": 0.006504423916339874, "peak_impulse_ns": 0.0, "persist_event_count": 814, "physical_contact_active": false, "physical_contact_event_count": 0, "physical_contact_observed": false, "physical_contact_tolerance_m": 0.003, "runtime_classification_event_counts": {"CLEAR": 821}, "runtime_collider_classifications": {"/Validation/Scene/trailer_ceiling | /fanuc_m710id_70/Geometry/world/base_link/J1_link/J2_link/J3_link/J4_link/J5_link/J6_link/CupCompressedCollision_53": {"classifications": ["CLEAR"], "first_time_s": 16.65833333333333, "last_time_s": 16.825, "minimum_separation_m": 0.019619004800915718}, "/Validation/Scene/trailer_ceiling | /fanuc_m710id_70/Geometry/world/base_link/J1_link/J2_link/J3_link/J4_link/J5_link/J6_link/CupCompressedCollision_59": {"classifications": ["CLEAR"], "first_time_s": 16.545833333333334, "last_time_s": 16.97083333333333, "minimum_separation_m": 0.01676132157444954}, "/Validation/Scene/trailer_ceiling | /fanuc_m710id_70/Geometry/world/base_link/J1_link/J2_link/J3_link/J4_link/J5_link/J6_link/CupCompressedCollision_65": {"classifications": ["CLEAR"], "first_time_s": 16.4875, "last_time_s": 17.037499999999998, "minimum_separation_m": 0.013903636485338211}, "/Validation/Scene/trailer_ceiling | /fanuc_m710id_70/Geometry/world/base_link/J1_link/J2_link/J3_link/J4_link/J5_link/J6_link/CupCompressedCollision_71": {"classifications": ["CLEAR"], "first_time_s": 16.445833333333333, "last_time_s": 17.0875, "minimum_separation_m": 0.011045951396226883}, "/Validation/Scene/trailer_ceiling | /fanuc_m710id_70/Geometry/world/base_link/J1_link/J2_link/J3_link/J4_link/J5_link/J6_link/SuctionToolRigidCollision_000": {"classifications": ["CLEAR"], "first_time_s": 16.383333333333333, "last_time_s": 17.15, "minimum_separation_m": 0.006504423916339874}, "/Validation/Scene/trailer_ceiling | /fanuc_m710id_70/Geometry/world/base_link/J1_link/J2_link/J3_link/J4_link/J5_link/J6_link/SuctionToolRigidCollision_008": {"classifications": ["CLEAR"], "first_time_s": 16.541666666666668, "last_time_s": 16.954166666666666, "minimum_separation_m": 0.01720999926328659}, "/Validation/Scene/trailer_ceiling | /fanuc_m710id_70/Geometry/world/base_link/J1_link/J2_link/J3_link/J4_link/J5_link/J6_link/SuctionToolRigidCollision_010": {"classifications": ["CLEAR"], "first_time_s": 16.53333333333333, "last_time_s": 16.9625, "minimum_separation_m": 0.016912318766117096}}}], "robot_tool_mass_accounting": {"T_grasp_body_tool": [[1.0, 0.0, 0.0, 0.175], [0.0, 1.0, 0.0, 0.0], [0.0, 0.0, 1.0, 0.0], [0.0, 0.0, 0.0, 1.0]], "applied_articulation_mass_kg": 600.347, "applied_policy": "FIXED_TOOL_COMBINED_INTO_J6_RIGID_BODY_EXACTLY_ONCE", "declared_attachment_link": "J6_link", "declared_policy": "FIXED_TOOL_COMBINED_INTO_J6_RIGID_BODY_EXACTLY_ONCE", "grasp_body_link": "J6_link", "independent_tool_rigid_body_created": false, "policy": "FIXED_TOOL_COMBINED_INTO_J6_RIGID_BODY_EXACTLY_ONCE", "source_robot_mass_kg": 580.347, "tool_com_in_grasp_body_m": [0.324810098, 0.000777904, 0.002622005], "tool_inertia_at_com_in_grasp_body_kg_m2": [[0.629784544, 0.001445978, 0.004337304], [0.001445978, 0.191270136, -0.004253938], [0.004337304, -0.004253938, 0.535363874]], "tool_mass_kg": 20.0}, "root_prim_path": "/fanuc_m710id_70", "runtime_feedback": {"first_failure": null, "last_observation": {"attached": false, "constraint_removal_observed": true, "last_issued_command": {"drive_position_target_rad": [-0.7517377734184265, 0.28991979360580444, -0.04296031594276428, -3.141658067703247, 1.214489221572876, 0.7519455552101135], "reference_q_rad": [-0.7517377734184265, 0.30384528636932373, -0.05249103531241417, -3.1415627002716064, 1.2144720554351807, 0.7519455552101135], "reference_qd_rad_s": [0.0, 0.0, 0.0, -0.0, 0.0, -0.0], "simulation_time_s": 197.33333333333334, "trajectory_time_s": 196.6900472379469}, "legally_released": true, "observation_point": "after_physics", "physical_step": 47361, "q_rad": [-0.7517407536506653, 0.3038911521434784, -0.0524793341755867, -3.141575574874878, 1.2144834995269775, 0.751950740814209], "qd_rad_s": [-0.0004562310059554875, -0.005664764903485775, 0.013228422962129116, -0.0014728429960086942, 0.010475420393049717, 0.00021752227621618658], "read_errors": {}, "reference_q_rad": [-0.7517377734184265, 0.30384528636932373, -0.05249103531241417, -3.1415627002716064, 1.2144720554351807, 0.7519455552101135], "reference_qd_rad_s": [0.0, 0.0, 0.0, -0.0, 0.0, -0.0], "release_independence_confirmed": true, "release_requested": true, "simulation_time_s": 197.3375, "source_identity": {"adapter_sha256": "979088d60dd0322d12eb9dfe0305354447d21c1a199685110fb52ce8a3625425", "execution_source_commit": null, "physics_helpers_sha256": "f86016c0db23c36a24c0c3eeac4a547de28a1e0f107b1a00befa5aa673053529", "qualification_sha256": "a577bd1792de3751df98147b59a323d146cb5b5decb1e471702b4475b891e9bb"}, "stage": "withdrawal", "target": "carton_l07_c04", "task_segment": 0, "tracking_error_rad": [2.9802322387695312e-06, 4.5865774154663086e-05, 1.1701136827468872e-05, 1.2874603271484375e-05, 1.1444091796875e-05, 5.185604095458984e-06], "trajectory_time_basis": "last_issued_unbiased_zero_order_hold_reference", "trajectory_time_s": 196.6900472379469, "unexpected_contact_count": 0, "world_physics_time_s": 198.24167700577527, "world_session_id": "1790577723.9653654"}, "last_valid_actual_state": {"attached": false, "constraint_removal_observed": true, "last_issued_command": {"drive_position_target_rad": [-0.7517377734184265, 0.28991979360580444, -0.04296031594276428, -3.141658067703247, 1.214489221572876, 0.7519455552101135], "reference_q_rad": [-0.7517377734184265, 0.30384528636932373, -0.05249103531241417, -3.1415627002716064, 1.2144720554351807, 0.7519455552101135], "reference_qd_rad_s": [0.0, 0.0, 0.0, -0.0, 0.0, -0.0], "simulation_time_s": 197.33333333333334, "trajectory_time_s": 196.6900472379469}, "legally_released": true, "observation_point": "after_physics", "physical_step": 47361, "q_rad": [-0.7517407536506653, 0.3038911521434784, -0.0524793341755867, -3.141575574874878, 1.2144834995269775, 0.751950740814209], "qd_rad_s": [-0.0004562310059554875, -0.005664764903485775, 0.013228422962129116, -0.0014728429960086942, 0.010475420393049717, 0.00021752227621618658], "read_errors": {}, "reference_q_rad": [-0.7517377734184265, 0.30384528636932373, -0.05249103531241417, -3.1415627002716064, 1.2144720554351807, 0.7519455552101135], "reference_qd_rad_s": [0.0, 0.0, 0.0, -0.0, 0.0, -0.0], "release_independence_confirmed": true, "release_requested": true, "simulation_time_s": 197.3375, "source_identity": {"adapter_sha256": "979088d60dd0322d12eb9dfe0305354447d21c1a199685110fb52ce8a3625425", "execution_source_commit": null, "physics_helpers_sha256": "f86016c0db23c36a24c0c3eeac4a547de28a1e0f107b1a00befa5aa673053529", "qualification_sha256": "a577bd1792de3751df98147b59a323d146cb5b5decb1e471702b4475b891e9bb"}, "stage": "withdrawal", "target": "carton_l07_c04", "task_segment": 0, "tracking_error_rad": [2.9802322387695312e-06, 4.5865774154663086e-05, 1.1701136827468872e-05, 1.2874603271484375e-05, 1.1444091796875e-05, 5.185604095458984e-06], "trajectory_time_basis": "last_issued_unbiased_zero_order_hold_reference", "trajectory_time_s": 196.6900472379469, "unexpected_contact_count": 0, "world_physics_time_s": 198.24167700577527, "world_session_id": "1790577723.9653654"}, "observations": 94722, "schema": "m710_runtime_feedback_v1", "stop_handling": null, "thresholds": {"joint_names": ["J1", "J2", "J3", "J4", "J5", "J6"], "lower_rad": [-3.2288591161895095, -1.3089969389957472, -1.4049900478554354, -6.981317007977318, -2.181661564992912, -6.981317007977318], "policy": {"attachment_position_tolerance_m": 0.02, "attachment_rotation_tolerance_rad": 0.1, "joint_position_tolerance_rad": 1e-09, "joint_velocity_tolerance_rad_s": 1e-05, "minimum_payload_displacement_m": 0.02, "placement_tolerance_m": 0.08, "tracking_error_limit_rad": 0.05}, "source": "ReplayQualificationPolicy and bound official joint limits; no debounce", "upper_rad": [3.2288591161895095, 2.6179938779914944, 3.5779249665883754, 6.981317007977318, 2.181661564992912, 6.981317007977318], "velocity_rad_s": [3.1415927410125732, 3.1415927410125732, 3.1415927410125732, 4.537856101989746, 4.537856101989746, 6.457718372344971]}}, "runtime_stop_reason": null, "scene_primitive_count": 45, "self_collision_monitoring_enabled": true, "simulation_execution_qualified": true, "simulation_execution_ready": true, "simulation_profile": {"ideal_outfeed": true, "ideal_reception": true, "ideal_suction": true, "machine_qualification_claimed": false, "name": "proof_of_concept", "physical_execution_scope": "actual_grasp_transport_constraint_removal_and_robot_departure"}, "simulation_realtime_factor": 0.08911101870667444, "srdf_allowed_self_collision_pairs": [{"actor1": "/fanuc_m710id_70/Geometry/world/base_link", "actor2": "/fanuc_m710id_70/Geometry/world/base_link/J1_link", "collider_pairs": [["/fanuc_m710id_70/Geometry/world/base_link/base_1/base_1", "/fanuc_m710id_70/Geometry/world/base_link/J1_link/j1_1/j1_1"]], "link1": "base_link", "link2": "J1_link", "materialized_collision_instances": ["/fanuc_m710id_70/Geometry/world/base_link/J1_link/J2_link/J3_link/J4_link/J5_link/J6_link/j6_1", "/fanuc_m710id_70/Geometry/world/base_link/J1_link/J2_link/J3_link/J4_link/J5_link/j5_1", "/fanuc_m710id_70/Geometry/world/base_link/J1_link/J2_link/J3_link/J4_link/j4_1", "/fanuc_m710id_70/Geometry/world/base_link/J1_link/J2_link/J3_link/j3_1", "/fanuc_m710id_70/Geometry/world/base_link/J1_link/J2_link/j2_1", "/fanuc_m710id_70/Geometry/world/base_link/J1_link/j1_1", "/fanuc_m710id_70/Geometry/world/base_link/base_1"], "reason": "Adjacent", "scope": "OFFICIAL_ROBOT_COLLIDERS_ONLY"}, {"actor1": "/fanuc_m710id_70/Geometry/world/base_link/J1_link", "actor2": "/fanuc_m710id_70/Geometry/world/base_link/J1_link/J2_link", "collider_pairs": [["/fanuc_m710id_70/Geometry/world/base_link/J1_link/j1_1/j1_1", "/fanuc_m710id_70/Geometry/world/base_link/J1_link/J2_link/j2_1/j2_1"]], "link1": "J1_link", "link2": "J2_link", "materialized_collision_instances": ["/fanuc_m710id_70/Geometry/world/base_link/J1_link/J2_link/J3_link/J4_link/J5_link/J6_link/j6_1", "/fanuc_m710id_70/Geometry/world/base_link/J1_link/J2_link/J3_link/J4_link/J5_link/j5_1", "/fanuc_m710id_70/Geometry/world/base_link/J1_link/J2_link/J3_link/J4_link/j4_1", "/fanuc_m710id_70/Geometry/world/base_link/J1_link/J2_link/J3_link/j3_1", "/fanuc_m710id_70/Geometry/world/base_link/J1_link/J2_link/j2_1", "/fanuc_m710id_70/Geometry/world/base_link/J1_link/j1_1", "/fanuc_m710id_70/Geometry/world/base_link/base_1"], "reason": "Adjacent", "scope": "OFFICIAL_ROBOT_COLLIDERS_ONLY"}, {"actor1": "/fanuc_m710id_70/Geometry/world/base_link/J1_link/J2_link", "actor2": "/fanuc_m710id_70/Geometry/world/base_link/J1_link/J2_link/J3_link", "collider_pairs": [["/fanuc_m710id_70/Geometry/world/base_link/J1_link/J2_link/j2_1/j2_1", "/fanuc_m710id_70/Geometry/world/base_link/J1_link/J2_link/J3_link/j3_1/j3_1"]], "link1": "J2_link", "link2": "J3_link", "materialized_collision_instances": ["/fanuc_m710id_70/Geometry/world/base_link/J1_link/J2_link/J3_link/J4_link/J5_link/J6_link/j6_1", "/fanuc_m710id_70/Geometry/world/base_link/J1_link/J2_link/J3_link/J4_link/J5_link/j5_1", "/fanuc_m710id_70/Geometry/world/base_link/J1_link/J2_link/J3_link/J4_link/j4_1", "/fanuc_m710id_70/Geometry/world/base_link/J1_link/J2_link/J3_link/j3_1", "/fanuc_m710id_70/Geometry/world/base_link/J1_link/J2_link/j2_1", "/fanuc_m710id_70/Geometry/world/base_link/J1_link/j1_1", "/fanuc_m710id_70/Geometry/world/base_link/base_1"], "reason": "Adjacent", "scope": "OFFICIAL_ROBOT_COLLIDERS_ONLY"}, {"actor1": "/fanuc_m710id_70/Geometry/world/base_link/J1_link/J2_link/J3_link", "actor2": "/fanuc_m710id_70/Geometry/world/base_link/J1_link/J2_link/J3_link/J4_link", "collider_pairs": [["/fanuc_m710id_70/Geometry/world/base_link/J1_link/J2_link/J3_link/j3_1/j3_1", "/fanuc_m710id_70/Geometry/world/base_link/J1_link/J2_link/J3_link/J4_link/j4_1/j4_1"]], "link1": "J3_link", "link2": "J4_link", "materialized_collision_instances": ["/fanuc_m710id_70/Geometry/world/base_link/J1_link/J2_link/J3_link/J4_link/J5_link/J6_link/j6_1", "/fanuc_m710id_70/Geometry/world/base_link/J1_link/J2_link/J3_link/J4_link/J5_link/j5_1", "/fanuc_m710id_70/Geometry/world/base_link/J1_link/J2_link/J3_link/J4_link/j4_1", "/fanuc_m710id_70/Geometry/world/base_link/J1_link/J2_link/J3_link/j3_1", "/fanuc_m710id_70/Geometry/world/base_link/J1_link/J2_link/j2_1", "/fanuc_m710id_70/Geometry/world/base_link/J1_link/j1_1", "/fanuc_m710id_70/Geometry/world/base_link/base_1"], "reason": "Adjacent", "scope": "OFFICIAL_ROBOT_COLLIDERS_ONLY"}, {"actor1": "/fanuc_m710id_70/Geometry/world/base_link/J1_link/J2_link/J3_link/J4_link", "actor2": "/fanuc_m710id_70/Geometry/world/base_link/J1_link/J2_link/J3_link/J4_link/J5_link", "collider_pairs": [["/fanuc_m710id_70/Geometry/world/base_link/J1_link/J2_link/J3_link/J4_link/j4_1/j4_1", "/fanuc_m710id_70/Geometry/world/base_link/J1_link/J2_link/J3_link/J4_link/J5_link/j5_1/j5_1"]], "link1": "J4_link", "link2": "J5_link", "materialized_collision_instances": ["/fanuc_m710id_70/Geometry/world/base_link/J1_link/J2_link/J3_link/J4_link/J5_link/J6_link/j6_1", "/fanuc_m710id_70/Geometry/world/base_link/J1_link/J2_link/J3_link/J4_link/J5_link/j5_1", "/fanuc_m710id_70/Geometry/world/base_link/J1_link/J2_link/J3_link/J4_link/j4_1", "/fanuc_m710id_70/Geometry/world/base_link/J1_link/J2_link/J3_link/j3_1", "/fanuc_m710id_70/Geometry/world/base_link/J1_link/J2_link/j2_1", "/fanuc_m710id_70/Geometry/world/base_link/J1_link/j1_1", "/fanuc_m710id_70/Geometry/world/base_link/base_1"], "reason": "Adjacent", "scope": "OFFICIAL_ROBOT_COLLIDERS_ONLY"}, {"actor1": "/fanuc_m710id_70/Geometry/world/base_link/J1_link/J2_link/J3_link/J4_link/J5_link", "actor2": "/fanuc_m710id_70/Geometry/world/base_link/J1_link/J2_link/J3_link/J4_link/J5_link/J6_link", "collider_pairs": [["/fanuc_m710id_70/Geometry/world/base_link/J1_link/J2_link/J3_link/J4_link/J5_link/j5_1/j5_1", "/fanuc_m710id_70/Geometry/world/base_link/J1_link/J2_link/J3_link/J4_link/J5_link/J6_link/j6_1/j6_1"]], "link1": "J5_link", "link2": "J6_link", "materialized_collision_instances": ["/fanuc_m710id_70/Geometry/world/base_link/J1_link/J2_link/J3_link/J4_link/J5_link/J6_link/j6_1", "/fanuc_m710id_70/Geometry/world/base_link/J1_link/J2_link/J3_link/J4_link/J5_link/j5_1", "/fanuc_m710id_70/Geometry/world/base_link/J1_link/J2_link/J3_link/J4_link/j4_1", "/fanuc_m710id_70/Geometry/world/base_link/J1_link/J2_link/J3_link/j3_1", "/fanuc_m710id_70/Geometry/world/base_link/J1_link/J2_link/j2_1", "/fanuc_m710id_70/Geometry/world/base_link/J1_link/j1_1", "/fanuc_m710id_70/Geometry/world/base_link/base_1"], "reason": "Adjacent", "scope": "OFFICIAL_ROBOT_COLLIDERS_ONLY"}], "srdf_collision_filter_complete": true, "stack_clearance_semantics": {"active_evidence_reason": null, "confirmed_violation": null, "counts": {"RESOLVED": 44948, "contact_headers": 16399, "headers_with_negative_point_separation": 6084, "headers_with_physical_response": 4438, "physical_steps": 44948, "small_positive_point_separation_with_clear_box_geometry": 0}, "evidence_file": "stack_clearance_steps.json", "first_evidence_conflict": null, "geometry_enter_gap_m": 0.0052, "geometry_maintain_gap_m": 0.005, "issue_history": [], "physical_monitoring_ended_at_ideal_takeover": true, "shape_fingerprint": "3bbb495c1b5e4d1234266da8be71c84aa8939c7c428019b613e6a1e2f4660118", "source": "POST_STEP_VERIFIED_NATIVE_BOX_GEOMETRY", "transitions": [{"basis": "POST_STEP_VERIFIED_BOX_GEOMETRY", "clearance_m": 0.005239004547212378, "contact_evidence_status": "RESOLVED", "from_free": false, "nearest_neighbor": "carton_l06_c04", "policy_fingerprint": "91e8bebb851170e3620b5e2fc1bda49b5a72d1e62c8b3a3cd0dbed3c05d928e5", "shape_fingerprint": "3bbb495c1b5e4d1234266da8be71c84aa8939c7c428019b613e6a1e2f4660118", "step": 14619, "time_s": 60.916666666666664, "to_free": true}]}, "surface_gripper_solver_coaxial_limit_per_constraint_n": null, "surface_gripper_solver_limits_partition_active_head_capacity": true, "surface_gripper_solver_shear_limit_per_constraint_n": null, "surface_gripper_torque_limit_applied": false, "synthetic_ground_created": false, "target": "carton_l07_c04", "target_carton_dynamic": true, "target_center_at_conveyor_start_m": null, "target_center_at_release_m": [-0.35993292927742004, -0.6100566983222961, 0.9249003529548645], "target_cup_release_clearance_gate": {"constraint_independence_is_separate": true, "events": [{"event": "target_cup_release_clearance_started", "maximum_wait_s": 1.0, "time_s": 187.2625}, {"event": "target_cup_clearance_ended_by_assumed_reception", "physical_clearance_certified": false, "time_s": 187.28333333333333}], "maximum_wait_s": 1.0, "normal_rule_resumes_after_all_known_target_cup_proximity_lost": false, "pending": false, "policy_source": "actual_state_gates.maximum_release_clearance_wait_s; independent bounded timer", "required_pair_entry_clearance_m": 0.0052}, "target_final_center_m": [-3.3509228229522705, -0.6100643277168274, 0.9000172019004822], "target_landing_center_m": [-0.35992926359176636, -0.6100643277168274, 0.9227736592292786], "target_landing_time_s": 187.28333333333333, "tracking_error_limit_rad": 0.05, "unexpected_robot_scene_contacts": [], "urdf_import_wall_seconds": 0.011030599474906921, "urdf_imported_this_run": false, "usd_path": "/root/autodl-tmp/m710-official-dynamics-20260910/isaac_usd/m710id_70_official_8/m710id_70_official.usda", "velocity_feedforward": {"enabled": true, "endpoint_and_held_velocity_rad_s": 0.0, "method": "validated_position_path_piecewise_linear_derivative_right_segment_at_internal_knots"}, "workflow_cycle_completed": true, "wrist_tool_collision_exemptions": [{"collider1": "/fanuc_m710id_70/Geometry/world/base_link/J1_link/J2_link/J3_link/J4_link/J5_link/J6_link/j6_1/j6_1", "collider2": "/fanuc_m710id_70/Geometry/world/base_link/J1_link/J2_link/J3_link/J4_link/J5_link/J6_link/CupCompressedCollision_00", "reason": "USER_APPROVED_SIMULATION_EXEMPTION", "scope": "OFFICIAL_J5_J6_VERSUS_OWNED_TOOL_COLLIDERS"}, {"collider1": "/fanuc_m710id_70/Geometry/world/base_link/J1_link/J2_link/J3_link/J4_link/J5_link/J6_link/j6_1/j6_1", "collider2": "/fanuc_m710id_70/Geometry/world/base_link/J1_link/J2_link/J3_link/J4_link/J5_link/J6_link/CupCompressedCollision_01", "reason": "USER_APPROVED_SIMULATION_EXEMPTION", "scope": "OFFICIAL_J5_J6_VERSUS_OWNED_TOOL_COLLIDERS"}, {"collider1": "/fanuc_m710id_70/Geometry/world/base_link/J1_link/J2_link/J3_link/J4_link/J5_link/J6_link/j6_1/j6_1", "collider2": "/fanuc_m710id_70/Geometry/world/base_link/J1_link/J2_link/J3_link/J4_link/J5_link/J6_link/CupCompressedCollision_02", "reason": "USER_APPROVED_SIMULATION_EXEMPTION", "scope": "OFFICIAL_J5_J6_VERSUS_OWNED_TOOL_COLLIDERS"}, {"collider1": "/fanuc_m710id_70/Geometry/world/base_link/J1_link/J2_link/J3_link/J4_link/J5_link/J6_link/j6_1/j6_1", "collider2": "/fanuc_m710id_70/Geometry/world/base_link/J1_link/J2_link/J3_link/J4_link/J5_link/J6_link/CupCompressedCollision_03", "reason": "USER_APPROVED_SIMULATION_EXEMPTION", "scope": "OFFICIAL_J5_J6_VERSUS_OWNED_TOOL_COLLIDERS"}, {"collider1": "/fanuc_m710id_70/Geometry/world/base_link/J1_link/J2_link/J3_link/J4_link/J5_link/J6_link/j6_1/j6_1", "collider2": "/fanuc_m710id_70/Geometry/world/base_link/J1_link/J2_link/J3_link/J4_link/J5_link/J6_link/CupCompressedCollision_04", "reason": "USER_APPROVED_SIMULATION_EXEMPTION", "scope": "OFFICIAL_J5_J6_VERSUS_OWNED_TOOL_COLLIDERS"}, {"collider1": "/fanuc_m710id_70/Geometry/world/base_link/J1_link/J2_link/J3_link/J4_link/J5_link/J6_link/j6_1/j6_1", "collider2": "/fanuc_m710id_70/Geometry/world/base_link/J1_link/J2_link/J3_link/J4_link/J5_link/J6_link/CupCompressedCollision_05", "reason": "USER_APPROVED_SIMULATION_EXEMPTION", "scope": "OFFICIAL_J5_J6_VERSUS_OWNED_TOOL_COLLIDERS"}, {"collider1": "/fanuc_m710id_70/Geometry/world/base_link/J1_link/J2_link/J3_link/J4_link/J5_link/J6_link/j6_1/j6_1", "collider2": "/fanuc_m710id_70/Geometry/world/base_link/J1_link/J2_link/J3_link/J4_link/J5_link/J6_link/CupCompressedCollision_06", "reason": "USER_APPROVED_SIMULATION_EXEMPTION", "scope": "OFFICIAL_J5_J6_VERSUS_OWNED_TOOL_COLLIDERS"}, {"collider1": "/fanuc_m710id_70/Geometry/world/base_link/J1_link/J2_link/J3_link/J4_link/J5_link/J6_link/j6_1/j6_1", "collider2": "/fanuc_m710id_70/Geometry/world/base_link/J1_link/J2_link/J3_link/J4_link/J5_link/J6_link/CupCompressedCollision_07", "reason": "USER_APPROVED_SIMULATION_EXEMPTION", "scope": "OFFICIAL_J5_J6_VERSUS_OWNED_TOOL_COLLIDERS"}, {"collider1": "/fanuc_m710id_70/Geometry/world/base_link/J1_link/J2_link/J3_link/J4_link/J5_link/J6_link/j6_1/j6_1", "collider2": "/fanuc_m710id_70/Geometry/world/base_link/J1_link/J2_link/J3_link/J4_link/J5_link/J6_link/CupCompressedCollision_08", "reason": "USER_APPROVED_SIMULATION_EXEMPTION", "scope": "OFFICIAL_J5_J6_VERSUS_OWNED_TOOL_COLLIDERS"}, {"collider1": "/fanuc_m710id_70/Geometry/world/base_link/J1_link/J2_link/J3_link/J4_link/J5_link/J6_link/j6_1/j6_1", "collider2": "/fanuc_m710id_70/Geometry/world/base_link/J1_link/J2_link/J3_link/J4_link/J5_link/J6_link/CupCompressedCollision_09", "reason": "USER_APPROVED_SIMULATION_EXEMPTION", "scope": "OFFICIAL_J5_J6_VERSUS_OWNED_TOOL_COLLIDERS"}, {"collider1": "/fanuc_m710id_70/Geometry/world/base_link/J1_link/J2_link/J3_link/J4_link/J5_link/J6_link/j6_1/j6_1", "collider2": "/fanuc_m710id_70/Geometry/world/base_link/J1_link/J2_link/J3_link/J4_link/J5_link/J6_link/CupCompressedCollision_10", "reason": "USER_APPROVED_SIMULATION_EXEMPTION", "scope": "OFFICIAL_J5_J6_VERSUS_OWNED_TOOL_COLLIDERS"}, {"collider1": "/fanuc_m710id_70/Geometry/world/base_link/J1_link/J2_link/J3_link/J4_link/J5_link/J6_link/j6_1/j6_1", "collider2": "/fanuc_m710id_70/Geometry/world/base_link/J1_link/J2_link/J3_link/J4_link/J5_link/J6_link/CupCompressedCollision_11", "reason": "USER_APPROVED_SIMULATION_EXEMPTION", "scope": "OFFICIAL_J5_J6_VERSUS_OWNED_TOOL_COLLIDERS"}, {"collider1": "/fanuc_m710id_70/Geometry/world/base_link/J1_link/J2_link/J3_link/J4_link/J5_link/J6_link/j6_1/j6_1", "collider2": "/fanuc_m710id_70/Geometry/world/base_link/J1_link/J2_link/J3_link/J4_link/J5_link/J6_link/CupCompressedCollision_12", "reason": "USER_APPROVED_SIMULATION_EXEMPTION", "scope": "OFFICIAL_J5_J6_VERSUS_OWNED_TOOL_COLLIDERS"}, {"collider1": "/fanuc_m710id_70/Geometry/world/base_link/J1_link/J2_link/J3_link/J4_link/J5_link/J6_link/j6_1/j6_1", "collider2": "/fanuc_m710id_70/Geometry/world/base_link/J1_link/J2_link/J3_link/J4_link/J5_link/J6_link/CupCompressedCollision_13", "reason": "USER_APPROVED_SIMULATION_EXEMPTION", "scope": "OFFICIAL_J5_J6_VERSUS_OWNED_TOOL_COLLIDERS"}, {"collider1": "/fanuc_m710id_70/Geometry/world/base_link/J1_link/J2_link/J3_link/J4_link/J5_link/J6_link/j6_1/j6_1", "collider2": "/fanuc_m710id_70/Geometry/world/base_link/J1_link/J2_link/J3_link/J4_link/J5_link/J6_link/CupCompressedCollision_14", "reason": "USER_APPROVED_SIMULATION_EXEMPTION", "scope": "OFFICIAL_J5_J6_VERSUS_OWNED_TOOL_COLLIDERS"}, {"collider1": "/fanuc_m710id_70/Geometry/world/base_link/J1_link/J2_link/J3_link/J4_link/J5_link/J6_link/j6_1/j6_1", "collider2": "/fanuc_m710id_70/Geometry/world/base_link/J1_link/J2_link/J3_link/J4_link/J5_link/J6_link/CupCompressedCollision_15", "reason": "USER_APPROVED_SIMULATION_EXEMPTION", "scope": "OFFICIAL_J5_J6_VERSUS_OWNED_TOOL_COLLIDERS"}, {"collider1": "/fanuc_m710id_70/Geometry/world/base_link/J1_link/J2_link/J3_link/J4_link/J5_link/J6_link/j6_1/j6_1", "collider2": "/fanuc_m710id_70/Geometry/world/base_link/J1_link/J2_link/J3_link/J4_link/J5_link/J6_link/CupCompressedCollision_16", "reason": "USER_APPROVED_SIMULATION_EXEMPTION", "scope": "OFFICIAL_J5_J6_VERSUS_OWNED_TOOL_COLLIDERS"}, {"collider1": "/fanuc_m710id_70/Geometry/world/base_link/J1_link/J2_link/J3_link/J4_link/J5_link/J6_link/j6_1/j6_1", "collider2": "/fanuc_m710id_70/Geometry/world/base_link/J1_link/J2_link/J3_link/J4_link/J5_link/J6_link/CupCompressedCollision_17", "reason": "USER_APPROVED_SIMULATION_EXEMPTION", "scope": "OFFICIAL_J5_J6_VERSUS_OWNED_TOOL_COLLIDERS"}, {"collider1": "/fanuc_m710id_70/Geometry/world/base_link/J1_link/J2_link/J3_link/J4_link/J5_link/J6_link/j6_1/j6_1", "collider2": "/fanuc_m710id_70/Geometry/world/base_link/J1_link/J2_link/J3_link/J4_link/J5_link/J6_link/CupCompressedCollision_18", "reason": "USER_APPROVED_SIMULATION_EXEMPTION", "scope": "OFFICIAL_J5_J6_VERSUS_OWNED_TOOL_COLLIDERS"}, {"collider1": "/fanuc_m710id_70/Geometry/world/base_link/J1_link/J2_link/J3_link/J4_link/J5_link/J6_link/j6_1/j6_1", "collider2": "/fanuc_m710id_70/Geometry/world/base_link/J1_link/J2_link/J3_link/J4_link/J5_link/J6_link/CupCompressedCollision_19", "reason": "USER_APPROVED_SIMULATION_EXEMPTION", "scope": "OFFICIAL_J5_J6_VERSUS_OWNED_TOOL_COLLIDERS"}, {"collider1": "/fanuc_m710id_70/Geometry/world/base_link/J1_link/J2_link/J3_link/J4_link/J5_link/J6_link/j6_1/j6_1", "collider2": "/fanuc_m710id_70/Geometry/world/base_link/J1_link/J2_link/J3_link/J4_link/J5_link/J6_link/CupCompressedCollision_20", "reason": "USER_APPROVED_SIMULATION_EXEMPTION", "scope": "OFFICIAL_J5_J6_VERSUS_OWNED_TOOL_COLLIDERS"}, {"collider1": "/fanuc_m710id_70/Geometry/world/base_link/J1_link/J2_link/J3_link/J4_link/J5_link/J6_link/j6_1/j6_1", "collider2": "/fanuc_m710id_70/Geometry/world/base_link/J1_link/J2_link/J3_link/J4_link/J5_link/J6_link/CupCompressedCollision_21", "reason": "USER_APPROVED_SIMULATION_EXEMPTION", "scope": "OFFICIAL_J5_J6_VERSUS_OWNED_TOOL_COLLIDERS"}, {"collider1": "/fanuc_m710id_70/Geometry/world/base_link/J1_link/J2_link/J3_link/J4_link/J5_link/J6_link/j6_1/j6_1", "collider2": "/fanuc_m710id_70/Geometry/world/base_link/J1_link/J2_link/J3_link/J4_link/J5_link/J6_link/CupCompressedCollision_22", "reason": "USER_APPROVED_SIMULATION_EXEMPTION", "scope": "OFFICIAL_J5_J6_VERSUS_OWNED_TOOL_COLLIDERS"}, {"collider1": "/fanuc_m710id_70/Geometry/world/base_link/J1_link/J2_link/J3_link/J4_link/J5_link/J6_link/j6_1/j6_1", "collider2": "/fanuc_m710id_70/Geometry/world/base_link/J1_link/J2_link/J3_link/J4_link/J5_link/J6_link/CupCompressedCollision_23", "reason": "USER_APPROVED_SIMULATION_EXEMPTION", "scope": "OFFICIAL_J5_J6_VERSUS_OWNED_TOOL_COLLIDERS"}, {"collider1": "/fanuc_m710id_70/Geometry/world/base_link/J1_link/J2_link/J3_link/J4_link/J5_link/J6_link/j6_1/j6_1", "collider2": "/fanuc_m710id_70/Geometry/world/base_link/J1_link/J2_link/J3_link/J4_link/J5_link/J6_link/CupCompressedCollision_24", "reason": "USER_APPROVED_SIMULATION_EXEMPTION", "scope": "OFFICIAL_J5_J6_VERSUS_OWNED_TOOL_COLLIDERS"}, {"collider1": "/fanuc_m710id_70/Geometry/world/base_link/J1_link/J2_link/J3_link/J4_link/J5_link/J6_link/j6_1/j6_1", "collider2": "/fanuc_m710id_70/Geometry/world/base_link/J1_link/J2_link/J3_link/J4_link/J5_link/J6_link/CupCompressedCollision_25", "reason": "USER_APPROVED_SIMULATION_EXEMPTION", "scope": "OFFICIAL_J5_J6_VERSUS_OWNED_TOOL_COLLIDERS"}, {"collider1": "/fanuc_m710id_70/Geometry/world/base_link/J1_link/J2_link/J3_link/J4_link/J5_link/J6_link/j6_1/j6_1", "collider2": "/fanuc_m710id_70/Geometry/world/base_link/J1_link/J2_link/J3_link/J4_link/J5_link/J6_link/CupCompressedCollision_26", "reason": "USER_APPROVED_SIMULATION_EXEMPTION", "scope": "OFFICIAL_J5_J6_VERSUS_OWNED_TOOL_COLLIDERS"}, {"collider1": "/fanuc_m710id_70/Geometry/world/base_link/J1_link/J2_link/J3_link/J4_link/J5_link/J6_link/j6_1/j6_1", "collider2": "/fanuc_m710id_70/Geometry/world/base_link/J1_link/J2_link/J3_link/J4_link/J5_link/J6_link/CupCompressedCollision_27", "reason": "USER_APPROVED_SIMULATION_EXEMPTION", "scope": "OFFICIAL_J5_J6_VERSUS_OWNED_TOOL_COLLIDERS"}, {"collider1": "/fanuc_m710id_70/Geometry/world/base_link/J1_link/J2_link/J3_link/J4_link/J5_link/J6_link/j6_1/j6_1", "collider2": "/fanuc_m710id_70/Geometry/world/base_link/J1_link/J2_link/J3_link/J4_link/J5_link/J6_link/CupCompressedCollision_28", "reason": "USER_APPROVED_SIMULATION_EXEMPTION", "scope": "OFFICIAL_J5_J6_VERSUS_OWNED_TOOL_COLLIDERS"}, {"collider1": "/fanuc_m710id_70/Geometry/world/base_link/J1_link/J2_link/J3_link/J4_link/J5_link/J6_link/j6_1/j6_1", "collider2": "/fanuc_m710id_70/Geometry/world/base_link/J1_link/J2_link/J3_link/J4_link/J5_link/J6_link/CupCompressedCollision_29", "reason": "USER_APPROVED_SIMULATION_EXEMPTION", "scope": "OFFICIAL_J5_J6_VERSUS_OWNED_TOOL_COLLIDERS"}, {"collider1": "/fanuc_m710id_70/Geometry/world/base_link/J1_link/J2_link/J3_link/J4_link/J5_link/J6_link/j6_1/j6_1", "collider2": "/fanuc_m710id_70/Geometry/world/base_link/J1_link/J2_link/J3_link/J4_link/J5_link/J6_link/CupCompressedCollision_30", "reason": "USER_APPROVED_SIMULATION_EXEMPTION", "scope": "OFFICIAL_J5_J6_VERSUS_OWNED_TOOL_COLLIDERS"}, {"collider1": "/fanuc_m710id_70/Geometry/world/base_link/J1_link/J2_link/J3_link/J4_link/J5_link/J6_link/j6_1/j6_1", "collider2": "/fanuc_m710id_70/Geometry/world/base_link/J1_link/J2_link/J3_link/J4_link/J5_link/J6_link/CupCompressedCollision_31", "reason": "USER_APPROVED_SIMULATION_EXEMPTION", "scope": "OFFICIAL_J5_J6_VERSUS_OWNED_TOOL_COLLIDERS"}, {"collider1": "/fanuc_m710id_70/Geometry/world/base_link/J1_link/J2_link/J3_link/J4_link/J5_link/J6_link/j6_1/j6_1", "collider2": "/fanuc_m710id_70/Geometry/world/base_link/J1_link/J2_link/J3_link/J4_link/J5_link/J6_link/CupCompressedCollision_32", "reason": "USER_APPROVED_SIMULATION_EXEMPTION", "scope": "OFFICIAL_J5_J6_VERSUS_OWNED_TOOL_COLLIDERS"}, {"collider1": "/fanuc_m710id_70/Geometry/world/base_link/J1_link/J2_link/J3_link/J4_link/J5_link/J6_link/j6_1/j6_1", "collider2": "/fanuc_m710id_70/Geometry/world/base_link/J1_link/J2_link/J3_link/J4_link/J5_link/J6_link/CupCompressedCollision_33", "reason": "USER_APPROVED_SIMULATION_EXEMPTION", "scope": "OFFICIAL_J5_J6_VERSUS_OWNED_TOOL_COLLIDERS"}, {"collider1": "/fanuc_m710id_70/Geometry/world/base_link/J1_link/J2_link/J3_link/J4_link/J5_link/J6_link/j6_1/j6_1", "collider2": "/fanuc_m710id_70/Geometry/world/base_link/J1_link/J2_link/J3_link/J4_link/J5_link/J6_link/CupCompressedCollision_34", "reason": "USER_APPROVED_SIMULATION_EXEMPTION", "scope": "OFFICIAL_J5_J6_VERSUS_OWNED_TOOL_COLLIDERS"}, {"collider1": "/fanuc_m710id_70/Geometry/world/base_link/J1_link/J2_link/J3_link/J4_link/J5_link/J6_link/j6_1/j6_1", "collider2": "/fanuc_m710id_70/Geometry/world/base_link/J1_link/J2_link/J3_link/J4_link/J5_link/J6_link/CupCompressedCollision_35", "reason": "USER_APPROVED_SIMULATION_EXEMPTION", "scope": "OFFICIAL_J5_J6_VERSUS_OWNED_TOOL_COLLIDERS"}, {"collider1": "/fanuc_m710id_70/Geometry/world/base_link/J1_link/J2_link/J3_link/J4_link/J5_link/J6_link/j6_1/j6_1", "collider2": "/fanuc_m710id_70/Geometry/world/base_link/J1_link/J2_link/J3_link/J4_link/J5_link/J6_link/CupCompressedCollision_36", "reason": "USER_APPROVED_SIMULATION_EXEMPTION", "scope": "OFFICIAL_J5_J6_VERSUS_OWNED_TOOL_COLLIDERS"}, {"collider1": "/fanuc_m710id_70/Geometry/world/base_link/J1_link/J2_link/J3_link/J4_link/J5_link/J6_link/j6_1/j6_1", "collider2": "/fanuc_m710id_70/Geometry/world/base_link/J1_link/J2_link/J3_link/J4_link/J5_link/J6_link/CupCompressedCollision_37", "reason": "USER_APPROVED_SIMULATION_EXEMPTION", "scope": "OFFICIAL_J5_J6_VERSUS_OWNED_TOOL_COLLIDERS"}, {"collider1": "/fanuc_m710id_70/Geometry/world/base_link/J1_link/J2_link/J3_link/J4_link/J5_link/J6_link/j6_1/j6_1", "collider2": "/fanuc_m710id_70/Geometry/world/base_link/J1_link/J2_link/J3_link/J4_link/J5_link/J6_link/CupCompressedCollision_38", "reason": "USER_APPROVED_SIMULATION_EXEMPTION", "scope": "OFFICIAL_J5_J6_VERSUS_OWNED_TOOL_COLLIDERS"}, {"collider1": "/fanuc_m710id_70/Geometry/world/base_link/J1_link/J2_link/J3_link/J4_link/J5_link/J6_link/j6_1/j6_1", "collider2": "/fanuc_m710id_70/Geometry/world/base_link/J1_link/J2_link/J3_link/J4_link/J5_link/J6_link/CupCompressedCollision_39", "reason": "USER_APPROVED_SIMULATION_EXEMPTION", "scope": "OFFICIAL_J5_J6_VERSUS_OWNED_TOOL_COLLIDERS"}, {"collider1": "/fanuc_m710id_70/Geometry/world/base_link/J1_link/J2_link/J3_link/J4_link/J5_link/J6_link/j6_1/j6_1", "collider2": "/fanuc_m710id_70/Geometry/world/base_link/J1_link/J2_link/J3_link/J4_link/J5_link/J6_link/CupCompressedCollision_40", "reason": "USER_APPROVED_SIMULATION_EXEMPTION", "scope": "OFFICIAL_J5_J6_VERSUS_OWNED_TOOL_COLLIDERS"}, {"collider1": "/fanuc_m710id_70/Geometry/world/base_link/J1_link/J2_link/J3_link/J4_link/J5_link/J6_link/j6_1/j6_1", "collider2": "/fanuc_m710id_70/Geometry/world/base_link/J1_link/J2_link/J3_link/J4_link/J5_link/J6_link/CupCompressedCollision_41", "reason": "USER_APPROVED_SIMULATION_EXEMPTION", "scope": "OFFICIAL_J5_J6_VERSUS_OWNED_TOOL_COLLIDERS"}, {"collider1": "/fanuc_m710id_70/Geometry/world/base_link/J1_link/J2_link/J3_link/J4_link/J5_link/J6_link/j6_1/j6_1", "collider2": "/fanuc_m710id_70/Geometry/world/base_link/J1_link/J2_link/J3_link/J4_link/J5_link/J6_link/CupCompressedCollision_42", "reason": "USER_APPROVED_SIMULATION_EXEMPTION", "scope": "OFFICIAL_J5_J6_VERSUS_OWNED_TOOL_COLLIDERS"}, {"collider1": "/fanuc_m710id_70/Geometry/world/base_link/J1_link/J2_link/J3_link/J4_link/J5_link/J6_link/j6_1/j6_1", "collider2": "/fanuc_m710id_70/Geometry/world/base_link/J1_link/J2_link/J3_link/J4_link/J5_link/J6_link/CupCompressedCollision_43", "reason": "USER_APPROVED_SIMULATION_EXEMPTION", "scope": "OFFICIAL_J5_J6_VERSUS_OWNED_TOOL_COLLIDERS"}, {"collider1": "/fanuc_m710id_70/Geometry/world/base_link/J1_link/J2_link/J3_link/J4_link/J5_link/J6_link/j6_1/j6_1", "collider2": "/fanuc_m710id_70/Geometry/world/base_link/J1_link/J2_link/J3_link/J4_link/J5_link/J6_link/CupCompressedCollision_44", "reason": "USER_APPROVED_SIMULATION_EXEMPTION", "scope": "OFFICIAL_J5_J6_VERSUS_OWNED_TOOL_COLLIDERS"}, {"collider1": "/fanuc_m710id_70/Geometry/world/base_link/J1_link/J2_link/J3_link/J4_link/J5_link/J6_link/j6_1/j6_1", "collider2": "/fanuc_m710id_70/Geometry/world/base_link/J1_link/J2_link/J3_link/J4_link/J5_link/J6_link/CupCompressedCollision_45", "reason": "USER_APPROVED_SIMULATION_EXEMPTION", "scope": "OFFICIAL_J5_J6_VERSUS_OWNED_TOOL_COLLIDERS"}, {"collider1": "/fanuc_m710id_70/Geometry/world/base_link/J1_link/J2_link/J3_link/J4_link/J5_link/J6_link/j6_1/j6_1", "collider2": "/fanuc_m710id_70/Geometry/world/base_link/J1_link/J2_link/J3_link/J4_link/J5_link/J6_link/CupCompressedCollision_46", "reason": "USER_APPROVED_SIMULATION_EXEMPTION", "scope": "OFFICIAL_J5_J6_VERSUS_OWNED_TOOL_COLLIDERS"}, {"collider1": "/fanuc_m710id_70/Geometry/world/base_link/J1_link/J2_link/J3_link/J4_link/J5_link/J6_link/j6_1/j6_1", "collider2": "/fanuc_m710id_70/Geometry/world/base_link/J1_link/J2_link/J3_link/J4_link/J5_link/J6_link/CupCompressedCollision_47", "reason": "USER_APPROVED_SIMULATION_EXEMPTION", "scope": "OFFICIAL_J5_J6_VERSUS_OWNED_TOOL_COLLIDERS"}, {"collider1": "/fanuc_m710id_70/Geometry/world/base_link/J1_link/J2_link/J3_link/J4_link/J5_link/J6_link/j6_1/j6_1", "collider2": "/fanuc_m710id_70/Geometry/world/base_link/J1_link/J2_link/J3_link/J4_link/J5_link/J6_link/CupCompressedCollision_48", "reason": "USER_APPROVED_SIMULATION_EXEMPTION", "scope": "OFFICIAL_J5_J6_VERSUS_OWNED_TOOL_COLLIDERS"}, {"collider1": "/fanuc_m710id_70/Geometry/world/base_link/J1_link/J2_link/J3_link/J4_link/J5_link/J6_link/j6_1/j6_1", "collider2": "/fanuc_m710id_70/Geometry/world/base_link/J1_link/J2_link/J3_link/J4_link/J5_link/J6_link/CupCompressedCollision_49", "reason": "USER_APPROVED_SIMULATION_EXEMPTION", "scope": "OFFICIAL_J5_J6_VERSUS_OWNED_TOOL_COLLIDERS"}, {"collider1": "/fanuc_m710id_70/Geometry/world/base_link/J1_link/J2_link/J3_link/J4_link/J5_link/J6_link/j6_1/j6_1", "collider2": "/fanuc_m710id_70/Geometry/world/base_link/J1_link/J2_link/J3_link/J4_link/J5_link/J6_link/CupCompressedCollision_50", "reason": "USER_APPROVED_SIMULATION_EXEMPTION", "scope": "OFFICIAL_J5_J6_VERSUS_OWNED_TOOL_COLLIDERS"}, {"collider1": "/fanuc_m710id_70/Geometry/world/base_link/J1_link/J2_link/J3_link/J4_link/J5_link/J6_link/j6_1/j6_1", "collider2": "/fanuc_m710id_70/Geometry/world/base_link/J1_link/J2_link/J3_link/J4_link/J5_link/J6_link/CupCompressedCollision_51", "reason": "USER_APPROVED_SIMULATION_EXEMPTION", "scope": "OFFICIAL_J5_J6_VERSUS_OWNED_TOOL_COLLIDERS"}, {"collider1": "/fanuc_m710id_70/Geometry/world/base_link/J1_link/J2_link/J3_link/J4_link/J5_link/J6_link/j6_1/j6_1", "collider2": "/fanuc_m710id_70/Geometry/world/base_link/J1_link/J2_link/J3_link/J4_link/J5_link/J6_link/CupCompressedCollision_52", "reason": "USER_APPROVED_SIMULATION_EXEMPTION", "scope": "OFFICIAL_J5_J6_VERSUS_OWNED_TOOL_COLLIDERS"}, {"collider1": "/fanuc_m710id_70/Geometry/world/base_link/J1_link/J2_link/J3_link/J4_link/J5_link/J6_link/j6_1/j6_1", "collider2": "/fanuc_m710id_70/Geometry/world/base_link/J1_link/J2_link/J3_link/J4_link/J5_link/J6_link/CupCompressedCollision_53", "reason": "USER_APPROVED_SIMULATION_EXEMPTION", "scope": "OFFICIAL_J5_J6_VERSUS_OWNED_TOOL_COLLIDERS"}, {"collider1": "/fanuc_m710id_70/Geometry/world/base_link/J1_link/J2_link/J3_link/J4_link/J5_link/J6_link/j6_1/j6_1", "collider2": "/fanuc_m710id_70/Geometry/world/base_link/J1_link/J2_link/J3_link/J4_link/J5_link/J6_link/CupCompressedCollision_54", "reason": "USER_APPROVED_SIMULATION_EXEMPTION", "scope": "OFFICIAL_J5_J6_VERSUS_OWNED_TOOL_COLLIDERS"}, {"collider1": "/fanuc_m710id_70/Geometry/world/base_link/J1_link/J2_link/J3_link/J4_link/J5_link/J6_link/j6_1/j6_1", "collider2": "/fanuc_m710id_70/Geometry/world/base_link/J1_link/J2_link/J3_link/J4_link/J5_link/J6_link/CupCompressedCollision_55", "reason": "USER_APPROVED_SIMULATION_EXEMPTION", "scope": "OFFICIAL_J5_J6_VERSUS_OWNED_TOOL_COLLIDERS"}, {"collider1": "/fanuc_m710id_70/Geometry/world/base_link/J1_link/J2_link/J3_link/J4_link/J5_link/J6_link/j6_1/j6_1", "collider2": "/fanuc_m710id_70/Geometry/world/base_link/J1_link/J2_link/J3_link/J4_link/J5_link/J6_link/CupCompressedCollision_56", "reason": "USER_APPROVED_SIMULATION_EXEMPTION", "scope": "OFFICIAL_J5_J6_VERSUS_OWNED_TOOL_COLLIDERS"}, {"collider1": "/fanuc_m710id_70/Geometry/world/base_link/J1_link/J2_link/J3_link/J4_link/J5_link/J6_link/j6_1/j6_1", "collider2": "/fanuc_m710id_70/Geometry/world/base_link/J1_link/J2_link/J3_link/J4_link/J5_link/J6_link/CupCompressedCollision_57", "reason": "USER_APPROVED_SIMULATION_EXEMPTION", "scope": "OFFICIAL_J5_J6_VERSUS_OWNED_TOOL_COLLIDERS"}, {"collider1": "/fanuc_m710id_70/Geometry/world/base_link/J1_link/J2_link/J3_link/J4_link/J5_link/J6_link/j6_1/j6_1", "collider2": "/fanuc_m710id_70/Geometry/world/base_link/J1_link/J2_link/J3_link/J4_link/J5_link/J6_link/CupCompressedCollision_58", "reason": "USER_APPROVED_SIMULATION_EXEMPTION", "scope": "OFFICIAL_J5_J6_VERSUS_OWNED_TOOL_COLLIDERS"}, {"collider1": "/fanuc_m710id_70/Geometry/world/base_link/J1_link/J2_link/J3_link/J4_link/J5_link/J6_link/j6_1/j6_1", "collider2": "/fanuc_m710id_70/Geometry/world/base_link/J1_link/J2_link/J3_link/J4_link/J5_link/J6_link/CupCompressedCollision_59", "reason": "USER_APPROVED_SIMULATION_EXEMPTION", "scope": "OFFICIAL_J5_J6_VERSUS_OWNED_TOOL_COLLIDERS"}, {"collider1": "/fanuc_m710id_70/Geometry/world/base_link/J1_link/J2_link/J3_link/J4_link/J5_link/J6_link/j6_1/j6_1", "collider2": "/fanuc_m710id_70/Geometry/world/base_link/J1_link/J2_link/J3_link/J4_link/J5_link/J6_link/CupCompressedCollision_60", "reason": "USER_APPROVED_SIMULATION_EXEMPTION", "scope": "OFFICIAL_J5_J6_VERSUS_OWNED_TOOL_COLLIDERS"}, {"collider1": "/fanuc_m710id_70/Geometry/world/base_link/J1_link/J2_link/J3_link/J4_link/J5_link/J6_link/j6_1/j6_1", "collider2": "/fanuc_m710id_70/Geometry/world/base_link/J1_link/J2_link/J3_link/J4_link/J5_link/J6_link/CupCompressedCollision_61", "reason": "USER_APPROVED_SIMULATION_EXEMPTION", "scope": "OFFICIAL_J5_J6_VERSUS_OWNED_TOOL_COLLIDERS"}, {"collider1": "/fanuc_m710id_70/Geometry/world/base_link/J1_link/J2_link/J3_link/J4_link/J5_link/J6_link/j6_1/j6_1", "collider2": "/fanuc_m710id_70/Geometry/world/base_link/J1_link/J2_link/J3_link/J4_link/J5_link/J6_link/CupCompressedCollision_62", "reason": "USER_APPROVED_SIMULATION_EXEMPTION", "scope": "OFFICIAL_J5_J6_VERSUS_OWNED_TOOL_COLLIDERS"}, {"collider1": "/fanuc_m710id_70/Geometry/world/base_link/J1_link/J2_link/J3_link/J4_link/J5_link/J6_link/j6_1/j6_1", "collider2": "/fanuc_m710id_70/Geometry/world/base_link/J1_link/J2_link/J3_link/J4_link/J5_link/J6_link/CupCompressedCollision_63", "reason": "USER_APPROVED_SIMULATION_EXEMPTION", "scope": "OFFICIAL_J5_J6_VERSUS_OWNED_TOOL_COLLIDERS"}, {"collider1": "/fanuc_m710id_70/Geometry/world/base_link/J1_link/J2_link/J3_link/J4_link/J5_link/J6_link/j6_1/j6_1", "collider2": "/fanuc_m710id_70/Geometry/world/base_link/J1_link/J2_link/J3_link/J4_link/J5_link/J6_link/CupCompressedCollision_64", "reason": "USER_APPROVED_SIMULATION_EXEMPTION", "scope": "OFFICIAL_J5_J6_VERSUS_OWNED_TOOL_COLLIDERS"}, {"collider1": "/fanuc_m710id_70/Geometry/world/base_link/J1_link/J2_link/J3_link/J4_link/J5_link/J6_link/j6_1/j6_1", "collider2": "/fanuc_m710id_70/Geometry/world/base_link/J1_link/J2_link/J3_link/J4_link/J5_link/J6_link/CupCompressedCollision_65", "reason": "USER_APPROVED_SIMULATION_EXEMPTION", "scope": "OFFICIAL_J5_J6_VERSUS_OWNED_TOOL_COLLIDERS"}, {"collider1": "/fanuc_m710id_70/Geometry/world/base_link/J1_link/J2_link/J3_link/J4_link/J5_link/J6_link/j6_1/j6_1", "collider2": "/fanuc_m710id_70/Geometry/world/base_link/J1_link/J2_link/J3_link/J4_link/J5_link/J6_link/CupCompressedCollision_66", "reason": "USER_APPROVED_SIMULATION_EXEMPTION", "scope": "OFFICIAL_J5_J6_VERSUS_OWNED_TOOL_COLLIDERS"}, {"collider1": "/fanuc_m710id_70/Geometry/world/base_link/J1_link/J2_link/J3_link/J4_link/J5_link/J6_link/j6_1/j6_1", "collider2": "/fanuc_m710id_70/Geometry/world/base_link/J1_link/J2_link/J3_link/J4_link/J5_link/J6_link/CupCompressedCollision_67", "reason": "USER_APPROVED_SIMULATION_EXEMPTION", "scope": "OFFICIAL_J5_J6_VERSUS_OWNED_TOOL_COLLIDERS"}, {"collider1": "/fanuc_m710id_70/Geometry/world/base_link/J1_link/J2_link/J3_link/J4_link/J5_link/J6_link/j6_1/j6_1", "collider2": "/fanuc_m710id_70/Geometry/world/base_link/J1_link/J2_link/J3_link/J4_link/J5_link/J6_link/CupCompressedCollision_68", "reason": "USER_APPROVED_SIMULATION_EXEMPTION", "scope": "OFFICIAL_J5_J6_VERSUS_OWNED_TOOL_COLLIDERS"}, {"collider1": "/fanuc_m710id_70/Geometry/world/base_link/J1_link/J2_link/J3_link/J4_link/J5_link/J6_link/j6_1/j6_1", "collider2": "/fanuc_m710id_70/Geometry/world/base_link/J1_link/J2_link/J3_link/J4_link/J5_link/J6_link/CupCompressedCollision_69", "reason": "USER_APPROVED_SIMULATION_EXEMPTION", "scope": "OFFICIAL_J5_J6_VERSUS_OWNED_TOOL_COLLIDERS"}, {"collider1": "/fanuc_m710id_70/Geometry/world/base_link/J1_link/J2_link/J3_link/J4_link/J5_link/J6_link/j6_1/j6_1", "collider2": "/fanuc_m710id_70/Geometry/world/base_link/J1_link/J2_link/J3_link/J4_link/J5_link/J6_link/CupCompressedCollision_70", "reason": "USER_APPROVED_SIMULATION_EXEMPTION", "scope": "OFFICIAL_J5_J6_VERSUS_OWNED_TOOL_COLLIDERS"}, {"collider1": "/fanuc_m710id_70/Geometry/world/base_link/J1_link/J2_link/J3_link/J4_link/J5_link/J6_link/j6_1/j6_1", "collider2": "/fanuc_m710id_70/Geometry/world/base_link/J1_link/J2_link/J3_link/J4_link/J5_link/J6_link/CupCompressedCollision_71", "reason": "USER_APPROVED_SIMULATION_EXEMPTION", "scope": "OFFICIAL_J5_J6_VERSUS_OWNED_TOOL_COLLIDERS"}, {"collider1": "/fanuc_m710id_70/Geometry/world/base_link/J1_link/J2_link/J3_link/J4_link/J5_link/J6_link/j6_1/j6_1", "collider2": "/fanuc_m710id_70/Geometry/world/base_link/J1_link/J2_link/J3_link/J4_link/J5_link/J6_link/SuctionToolRigidCollision_000", "reason": "USER_APPROVED_SIMULATION_EXEMPTION", "scope": "OFFICIAL_J5_J6_VERSUS_OWNED_TOOL_COLLIDERS"}, {"collider1": "/fanuc_m710id_70/Geometry/world/base_link/J1_link/J2_link/J3_link/J4_link/J5_link/J6_link/j6_1/j6_1", "collider2": "/fanuc_m710id_70/Geometry/world/base_link/J1_link/J2_link/J3_link/J4_link/J5_link/J6_link/SuctionToolRigidCollision_001", "reason": "USER_APPROVED_SIMULATION_EXEMPTION", "scope": "OFFICIAL_J5_J6_VERSUS_OWNED_TOOL_COLLIDERS"}, {"collider1": "/fanuc_m710id_70/Geometry/world/base_link/J1_link/J2_link/J3_link/J4_link/J5_link/J6_link/j6_1/j6_1", "collider2": "/fanuc_m710id_70/Geometry/world/base_link/J1_link/J2_link/J3_link/J4_link/J5_link/J6_link/SuctionToolRigidCollision_002", "reason": "USER_APPROVED_SIMULATION_EXEMPTION", "scope": "OFFICIAL_J5_J6_VERSUS_OWNED_TOOL_COLLIDERS"}, {"collider1": "/fanuc_m710id_70/Geometry/world/base_link/J1_link/J2_link/J3_link/J4_link/J5_link/J6_link/j6_1/j6_1", "collider2": "/fanuc_m710id_70/Geometry/world/base_link/J1_link/J2_link/J3_link/J4_link/J5_link/J6_link/SuctionToolRigidCollision_003", "reason": "USER_APPROVED_SIMULATION_EXEMPTION", "scope": "OFFICIAL_J5_J6_VERSUS_OWNED_TOOL_COLLIDERS"}, {"collider1": "/fanuc_m710id_70/Geometry/world/base_link/J1_link/J2_link/J3_link/J4_link/J5_link/J6_link/j6_1/j6_1", "collider2": "/fanuc_m710id_70/Geometry/world/base_link/J1_link/J2_link/J3_link/J4_link/J5_link/J6_link/SuctionToolRigidCollision_004", "reason": "USER_APPROVED_SIMULATION_EXEMPTION", "scope": "OFFICIAL_J5_J6_VERSUS_OWNED_TOOL_COLLIDERS"}, {"collider1": "/fanuc_m710id_70/Geometry/world/base_link/J1_link/J2_link/J3_link/J4_link/J5_link/J6_link/j6_1/j6_1", "collider2": "/fanuc_m710id_70/Geometry/world/base_link/J1_link/J2_link/J3_link/J4_link/J5_link/J6_link/SuctionToolRigidCollision_005", "reason": "USER_APPROVED_SIMULATION_EXEMPTION", "scope": "OFFICIAL_J5_J6_VERSUS_OWNED_TOOL_COLLIDERS"}, {"collider1": "/fanuc_m710id_70/Geometry/world/base_link/J1_link/J2_link/J3_link/J4_link/J5_link/J6_link/j6_1/j6_1", "collider2": "/fanuc_m710id_70/Geometry/world/base_link/J1_link/J2_link/J3_link/J4_link/J5_link/J6_link/SuctionToolRigidCollision_006", "reason": "USER_APPROVED_SIMULATION_EXEMPTION", "scope": "OFFICIAL_J5_J6_VERSUS_OWNED_TOOL_COLLIDERS"}, {"collider1": "/fanuc_m710id_70/Geometry/world/base_link/J1_link/J2_link/J3_link/J4_link/J5_link/J6_link/j6_1/j6_1", "collider2": "/fanuc_m710id_70/Geometry/world/base_link/J1_link/J2_link/J3_link/J4_link/J5_link/J6_link/SuctionToolRigidCollision_007", "reason": "USER_APPROVED_SIMULATION_EXEMPTION", "scope": "OFFICIAL_J5_J6_VERSUS_OWNED_TOOL_COLLIDERS"}, {"collider1": "/fanuc_m710id_70/Geometry/world/base_link/J1_link/J2_link/J3_link/J4_link/J5_link/J6_link/j6_1/j6_1", "collider2": "/fanuc_m710id_70/Geometry/world/base_link/J1_link/J2_link/J3_link/J4_link/J5_link/J6_link/SuctionToolRigidCollision_008", "reason": "USER_APPROVED_SIMULATION_EXEMPTION", "scope": "OFFICIAL_J5_J6_VERSUS_OWNED_TOOL_COLLIDERS"}, {"collider1": "/fanuc_m710id_70/Geometry/world/base_link/J1_link/J2_link/J3_link/J4_link/J5_link/J6_link/j6_1/j6_1", "collider2": "/fanuc_m710id_70/Geometry/world/base_link/J1_link/J2_link/J3_link/J4_link/J5_link/J6_link/SuctionToolRigidCollision_009", "reason": "USER_APPROVED_SIMULATION_EXEMPTION", "scope": "OFFICIAL_J5_J6_VERSUS_OWNED_TOOL_COLLIDERS"}, {"collider1": "/fanuc_m710id_70/Geometry/world/base_link/J1_link/J2_link/J3_link/J4_link/J5_link/J6_link/j6_1/j6_1", "collider2": "/fanuc_m710id_70/Geometry/world/base_link/J1_link/J2_link/J3_link/J4_link/J5_link/J6_link/SuctionToolRigidCollision_010", "reason": "USER_APPROVED_SIMULATION_EXEMPTION", "scope": "OFFICIAL_J5_J6_VERSUS_OWNED_TOOL_COLLIDERS"}, {"collider1": "/fanuc_m710id_70/Geometry/world/base_link/J1_link/J2_link/J3_link/J4_link/J5_link/J6_link/j6_1/j6_1", "collider2": "/fanuc_m710id_70/Geometry/world/base_link/J1_link/J2_link/J3_link/J4_link/J5_link/J6_link/SuctionToolRigidCollision_011", "reason": "USER_APPROVED_SIMULATION_EXEMPTION", "scope": "OFFICIAL_J5_J6_VERSUS_OWNED_TOOL_COLLIDERS"}, {"collider1": "/fanuc_m710id_70/Geometry/world/base_link/J1_link/J2_link/J3_link/J4_link/J5_link/J6_link/j6_1/j6_1", "collider2": "/fanuc_m710id_70/Geometry/world/base_link/J1_link/J2_link/J3_link/J4_link/J5_link/J6_link/SuctionToolRigidCollision_012", "reason": "USER_APPROVED_SIMULATION_EXEMPTION", "scope": "OFFICIAL_J5_J6_VERSUS_OWNED_TOOL_COLLIDERS"}, {"collider1": "/fanuc_m710id_70/Geometry/world/base_link/J1_link/J2_link/J3_link/J4_link/J5_link/J6_link/j6_1/j6_1", "collider2": "/fanuc_m710id_70/Geometry/world/base_link/J1_link/J2_link/J3_link/J4_link/J5_link/J6_link/SuctionToolRigidCollision_013", "reason": "USER_APPROVED_SIMULATION_EXEMPTION", "scope": "OFFICIAL_J5_J6_VERSUS_OWNED_TOOL_COLLIDERS"}, {"collider1": "/fanuc_m710id_70/Geometry/world/base_link/J1_link/J2_link/J3_link/J4_link/J5_link/J6_link/j6_1/j6_1", "collider2": "/fanuc_m710id_70/Geometry/world/base_link/J1_link/J2_link/J3_link/J4_link/J5_link/J6_link/SuctionToolRigidCollision_014", "reason": "USER_APPROVED_SIMULATION_EXEMPTION", "scope": "OFFICIAL_J5_J6_VERSUS_OWNED_TOOL_COLLIDERS"}, {"collider1": "/fanuc_m710id_70/Geometry/world/base_link/J1_link/J2_link/J3_link/J4_link/J5_link/J6_link/j6_1/j6_1", "collider2": "/fanuc_m710id_70/Geometry/world/base_link/J1_link/J2_link/J3_link/J4_link/J5_link/J6_link/SuctionToolRigidCollision_015", "reason": "USER_APPROVED_SIMULATION_EXEMPTION", "scope": "OFFICIAL_J5_J6_VERSUS_OWNED_TOOL_COLLIDERS"}, {"collider1": "/fanuc_m710id_70/Geometry/world/base_link/J1_link/J2_link/J3_link/J4_link/J5_link/J6_link/j6_1/j6_1", "collider2": "/fanuc_m710id_70/Geometry/world/base_link/J1_link/J2_link/J3_link/J4_link/J5_link/J6_link/SuctionToolRigidCollision_016", "reason": "USER_APPROVED_SIMULATION_EXEMPTION", "scope": "OFFICIAL_J5_J6_VERSUS_OWNED_TOOL_COLLIDERS"}, {"collider1": "/fanuc_m710id_70/Geometry/world/base_link/J1_link/J2_link/J3_link/J4_link/J5_link/J6_link/j6_1/j6_1", "collider2": "/fanuc_m710id_70/Geometry/world/base_link/J1_link/J2_link/J3_link/J4_link/J5_link/J6_link/SuctionToolRigidCollision_017", "reason": "USER_APPROVED_SIMULATION_EXEMPTION", "scope": "OFFICIAL_J5_J6_VERSUS_OWNED_TOOL_COLLIDERS"}, {"collider1": "/fanuc_m710id_70/Geometry/world/base_link/J1_link/J2_link/J3_link/J4_link/J5_link/J6_link/j6_1/j6_1", "collider2": "/fanuc_m710id_70/Geometry/world/base_link/J1_link/J2_link/J3_link/J4_link/J5_link/J6_link/SuctionToolRigidCollision_018", "reason": "USER_APPROVED_SIMULATION_EXEMPTION", "scope": "OFFICIAL_J5_J6_VERSUS_OWNED_TOOL_COLLIDERS"}, {"collider1": "/fanuc_m710id_70/Geometry/world/base_link/J1_link/J2_link/J3_link/J4_link/J5_link/J6_link/j6_1/j6_1", "collider2": "/fanuc_m710id_70/Geometry/world/base_link/J1_link/J2_link/J3_link/J4_link/J5_link/J6_link/SuctionToolRigidCollision_019", "reason": "USER_APPROVED_SIMULATION_EXEMPTION", "scope": "OFFICIAL_J5_J6_VERSUS_OWNED_TOOL_COLLIDERS"}, {"collider1": "/fanuc_m710id_70/Geometry/world/base_link/J1_link/J2_link/J3_link/J4_link/J5_link/J6_link/j6_1/j6_1", "collider2": "/fanuc_m710id_70/Geometry/world/base_link/J1_link/J2_link/J3_link/J4_link/J5_link/J6_link/SuctionToolRigidCollision_020", "reason": "USER_APPROVED_SIMULATION_EXEMPTION", "scope": "OFFICIAL_J5_J6_VERSUS_OWNED_TOOL_COLLIDERS"}, {"collider1": "/fanuc_m710id_70/Geometry/world/base_link/J1_link/J2_link/J3_link/J4_link/J5_link/J6_link/j6_1/j6_1", "collider2": "/fanuc_m710id_70/Geometry/world/base_link/J1_link/J2_link/J3_link/J4_link/J5_link/J6_link/SuctionToolRigidCollision_021", "reason": "USER_APPROVED_SIMULATION_EXEMPTION", "scope": "OFFICIAL_J5_J6_VERSUS_OWNED_TOOL_COLLIDERS"}, {"collider1": "/fanuc_m710id_70/Geometry/world/base_link/J1_link/J2_link/J3_link/J4_link/J5_link/J6_link/j6_1/j6_1", "collider2": "/fanuc_m710id_70/Geometry/world/base_link/J1_link/J2_link/J3_link/J4_link/J5_link/J6_link/SuctionToolRigidCollision_022", "reason": "USER_APPROVED_SIMULATION_EXEMPTION", "scope": "OFFICIAL_J5_J6_VERSUS_OWNED_TOOL_COLLIDERS"}, {"collider1": "/fanuc_m710id_70/Geometry/world/base_link/J1_link/J2_link/J3_link/J4_link/J5_link/J6_link/j6_1/j6_1", "collider2": "/fanuc_m710id_70/Geometry/world/base_link/J1_link/J2_link/J3_link/J4_link/J5_link/J6_link/SuctionToolRigidCollision_023", "reason": "USER_APPROVED_SIMULATION_EXEMPTION", "scope": "OFFICIAL_J5_J6_VERSUS_OWNED_TOOL_COLLIDERS"}, {"collider1": "/fanuc_m710id_70/Geometry/world/base_link/J1_link/J2_link/J3_link/J4_link/J5_link/J6_link/j6_1/j6_1", "collider2": "/fanuc_m710id_70/Geometry/world/base_link/J1_link/J2_link/J3_link/J4_link/J5_link/J6_link/SuctionToolRigidCollision_024", "reason": "USER_APPROVED_SIMULATION_EXEMPTION", "scope": "OFFICIAL_J5_J6_VERSUS_OWNED_TOOL_COLLIDERS"}, {"collider1": "/fanuc_m710id_70/Geometry/world/base_link/J1_link/J2_link/J3_link/J4_link/J5_link/J6_link/j6_1/j6_1", "collider2": "/fanuc_m710id_70/Geometry/world/base_link/J1_link/J2_link/J3_link/J4_link/J5_link/J6_link/SuctionToolRigidCollision_025", "reason": "USER_APPROVED_SIMULATION_EXEMPTION", "scope": "OFFICIAL_J5_J6_VERSUS_OWNED_TOOL_COLLIDERS"}, {"collider1": "/fanuc_m710id_70/Geometry/world/base_link/J1_link/J2_link/J3_link/J4_link/J5_link/J6_link/j6_1/j6_1", "collider2": "/fanuc_m710id_70/Geometry/world/base_link/J1_link/J2_link/J3_link/J4_link/J5_link/J6_link/SuctionToolRigidCollision_026", "reason": "USER_APPROVED_SIMULATION_EXEMPTION", "scope": "OFFICIAL_J5_J6_VERSUS_OWNED_TOOL_COLLIDERS"}, {"collider1": "/fanuc_m710id_70/Geometry/world/base_link/J1_link/J2_link/J3_link/J4_link/J5_link/J6_link/j6_1/j6_1", "collider2": "/fanuc_m710id_70/Geometry/world/base_link/J1_link/J2_link/J3_link/J4_link/J5_link/J6_link/SuctionToolRigidCollision_027", "reason": "USER_APPROVED_SIMULATION_EXEMPTION", "scope": "OFFICIAL_J5_J6_VERSUS_OWNED_TOOL_COLLIDERS"}, {"collider1": "/fanuc_m710id_70/Geometry/world/base_link/J1_link/J2_link/J3_link/J4_link/J5_link/J6_link/j6_1/j6_1", "collider2": "/fanuc_m710id_70/Geometry/world/base_link/J1_link/J2_link/J3_link/J4_link/J5_link/J6_link/SuctionToolRigidCollision_028", "reason": "USER_APPROVED_SIMULATION_EXEMPTION", "scope": "OFFICIAL_J5_J6_VERSUS_OWNED_TOOL_COLLIDERS"}, {"collider1": "/fanuc_m710id_70/Geometry/world/base_link/J1_link/J2_link/J3_link/J4_link/J5_link/J6_link/j6_1/j6_1", "collider2": "/fanuc_m710id_70/Geometry/world/base_link/J1_link/J2_link/J3_link/J4_link/J5_link/J6_link/SuctionToolRigidCollision_029", "reason": "USER_APPROVED_SIMULATION_EXEMPTION", "scope": "OFFICIAL_J5_J6_VERSUS_OWNED_TOOL_COLLIDERS"}, {"collider1": "/fanuc_m710id_70/Geometry/world/base_link/J1_link/J2_link/J3_link/J4_link/J5_link/J6_link/j6_1/j6_1", "collider2": "/fanuc_m710id_70/Geometry/world/base_link/J1_link/J2_link/J3_link/J4_link/J5_link/J6_link/SuctionToolRigidCollision_030", "reason": "USER_APPROVED_SIMULATION_EXEMPTION", "scope": "OFFICIAL_J5_J6_VERSUS_OWNED_TOOL_COLLIDERS"}, {"collider1": "/fanuc_m710id_70/Geometry/world/base_link/J1_link/J2_link/J3_link/J4_link/J5_link/J6_link/j6_1/j6_1", "collider2": "/fanuc_m710id_70/Geometry/world/base_link/J1_link/J2_link/J3_link/J4_link/J5_link/J6_link/SuctionToolRigidCollision_031", "reason": "USER_APPROVED_SIMULATION_EXEMPTION", "scope": "OFFICIAL_J5_J6_VERSUS_OWNED_TOOL_COLLIDERS"}, {"collider1": "/fanuc_m710id_70/Geometry/world/base_link/J1_link/J2_link/J3_link/J4_link/J5_link/J6_link/j6_1/j6_1", "collider2": "/fanuc_m710id_70/Geometry/world/base_link/J1_link/J2_link/J3_link/J4_link/J5_link/J6_link/SuctionToolRigidCollision_032", "reason": "USER_APPROVED_SIMULATION_EXEMPTION", "scope": "OFFICIAL_J5_J6_VERSUS_OWNED_TOOL_COLLIDERS"}, {"collider1": "/fanuc_m710id_70/Geometry/world/base_link/J1_link/J2_link/J3_link/J4_link/J5_link/J6_link/j6_1/j6_1", "collider2": "/fanuc_m710id_70/Geometry/world/base_link/J1_link/J2_link/J3_link/J4_link/J5_link/J6_link/SuctionToolRigidCollision_033", "reason": "USER_APPROVED_SIMULATION_EXEMPTION", "scope": "OFFICIAL_J5_J6_VERSUS_OWNED_TOOL_COLLIDERS"}, {"collider1": "/fanuc_m710id_70/Geometry/world/base_link/J1_link/J2_link/J3_link/J4_link/J5_link/J6_link/j6_1/j6_1", "collider2": "/fanuc_m710id_70/Geometry/world/base_link/J1_link/J2_link/J3_link/J4_link/J5_link/J6_link/SuctionToolRigidCollision_034", "reason": "USER_APPROVED_SIMULATION_EXEMPTION", "scope": "OFFICIAL_J5_J6_VERSUS_OWNED_TOOL_COLLIDERS"}, {"collider1": "/fanuc_m710id_70/Geometry/world/base_link/J1_link/J2_link/J3_link/J4_link/J5_link/J6_link/j6_1/j6_1", "collider2": "/fanuc_m710id_70/Geometry/world/base_link/J1_link/J2_link/J3_link/J4_link/J5_link/J6_link/SuctionToolRigidCollision_035", "reason": "USER_APPROVED_SIMULATION_EXEMPTION", "scope": "OFFICIAL_J5_J6_VERSUS_OWNED_TOOL_COLLIDERS"}, {"collider1": "/fanuc_m710id_70/Geometry/world/base_link/J1_link/J2_link/J3_link/J4_link/J5_link/J6_link/j6_1/j6_1", "collider2": "/fanuc_m710id_70/Geometry/world/base_link/J1_link/J2_link/J3_link/J4_link/J5_link/J6_link/SuctionToolRigidCollision_036", "reason": "USER_APPROVED_SIMULATION_EXEMPTION", "scope": "OFFICIAL_J5_J6_VERSUS_OWNED_TOOL_COLLIDERS"}, {"collider1": "/fanuc_m710id_70/Geometry/world/base_link/J1_link/J2_link/J3_link/J4_link/J5_link/J6_link/j6_1/j6_1", "collider2": "/fanuc_m710id_70/Geometry/world/base_link/J1_link/J2_link/J3_link/J4_link/J5_link/J6_link/SuctionToolRigidCollision_037", "reason": "USER_APPROVED_SIMULATION_EXEMPTION", "scope": "OFFICIAL_J5_J6_VERSUS_OWNED_TOOL_COLLIDERS"}, {"collider1": "/fanuc_m710id_70/Geometry/world/base_link/J1_link/J2_link/J3_link/J4_link/J5_link/J6_link/j6_1/j6_1", "collider2": "/fanuc_m710id_70/Geometry/world/base_link/J1_link/J2_link/J3_link/J4_link/J5_link/J6_link/SuctionToolRigidCollision_038", "reason": "USER_APPROVED_SIMULATION_EXEMPTION", "scope": "OFFICIAL_J5_J6_VERSUS_OWNED_TOOL_COLLIDERS"}, {"collider1": "/fanuc_m710id_70/Geometry/world/base_link/J1_link/J2_link/J3_link/J4_link/J5_link/J6_link/j6_1/j6_1", "collider2": "/fanuc_m710id_70/Geometry/world/base_link/J1_link/J2_link/J3_link/J4_link/J5_link/J6_link/SuctionToolRigidCollision_039", "reason": "USER_APPROVED_SIMULATION_EXEMPTION", "scope": "OFFICIAL_J5_J6_VERSUS_OWNED_TOOL_COLLIDERS"}, {"collider1": "/fanuc_m710id_70/Geometry/world/base_link/J1_link/J2_link/J3_link/J4_link/J5_link/J6_link/j6_1/j6_1", "collider2": "/fanuc_m710id_70/Geometry/world/base_link/J1_link/J2_link/J3_link/J4_link/J5_link/J6_link/SuctionToolRigidCollision_040", "reason": "USER_APPROVED_SIMULATION_EXEMPTION", "scope": "OFFICIAL_J5_J6_VERSUS_OWNED_TOOL_COLLIDERS"}, {"collider1": "/fanuc_m710id_70/Geometry/world/base_link/J1_link/J2_link/J3_link/J4_link/J5_link/J6_link/j6_1/j6_1", "collider2": "/fanuc_m710id_70/Geometry/world/base_link/J1_link/J2_link/J3_link/J4_link/J5_link/J6_link/SuctionToolRigidCollision_041", "reason": "USER_APPROVED_SIMULATION_EXEMPTION", "scope": "OFFICIAL_J5_J6_VERSUS_OWNED_TOOL_COLLIDERS"}, {"collider1": "/fanuc_m710id_70/Geometry/world/base_link/J1_link/J2_link/J3_link/J4_link/J5_link/J6_link/j6_1/j6_1", "collider2": "/fanuc_m710id_70/Geometry/world/base_link/J1_link/J2_link/J3_link/J4_link/J5_link/J6_link/SuctionToolRigidCollision_042", "reason": "USER_APPROVED_SIMULATION_EXEMPTION", "scope": "OFFICIAL_J5_J6_VERSUS_OWNED_TOOL_COLLIDERS"}, {"collider1": "/fanuc_m710id_70/Geometry/world/base_link/J1_link/J2_link/J3_link/J4_link/J5_link/J6_link/j6_1/j6_1", "collider2": "/fanuc_m710id_70/Geometry/world/base_link/J1_link/J2_link/J3_link/J4_link/J5_link/J6_link/SuctionToolRigidCollision_043", "reason": "USER_APPROVED_SIMULATION_EXEMPTION", "scope": "OFFICIAL_J5_J6_VERSUS_OWNED_TOOL_COLLIDERS"}, {"collider1": "/fanuc_m710id_70/Geometry/world/base_link/J1_link/J2_link/J3_link/J4_link/J5_link/J6_link/j6_1/j6_1", "collider2": "/fanuc_m710id_70/Geometry/world/base_link/J1_link/J2_link/J3_link/J4_link/J5_link/J6_link/SuctionToolRigidCollision_044", "reason": "USER_APPROVED_SIMULATION_EXEMPTION", "scope": "OFFICIAL_J5_J6_VERSUS_OWNED_TOOL_COLLIDERS"}, {"collider1": "/fanuc_m710id_70/Geometry/world/base_link/J1_link/J2_link/J3_link/J4_link/J5_link/J6_link/j6_1/j6_1", "collider2": "/fanuc_m710id_70/Geometry/world/base_link/J1_link/J2_link/J3_link/J4_link/J5_link/J6_link/SuctionToolRigidCollision_045", "reason": "USER_APPROVED_SIMULATION_EXEMPTION", "scope": "OFFICIAL_J5_J6_VERSUS_OWNED_TOOL_COLLIDERS"}, {"collider1": "/fanuc_m710id_70/Geometry/world/base_link/J1_link/J2_link/J3_link/J4_link/J5_link/J6_link/j6_1/j6_1", "collider2": "/fanuc_m710id_70/Geometry/world/base_link/J1_link/J2_link/J3_link/J4_link/J5_link/J6_link/SuctionToolRigidCollision_046", "reason": "USER_APPROVED_SIMULATION_EXEMPTION", "scope": "OFFICIAL_J5_J6_VERSUS_OWNED_TOOL_COLLIDERS"}, {"collider1": "/fanuc_m710id_70/Geometry/world/base_link/J1_link/J2_link/J3_link/J4_link/J5_link/J6_link/j6_1/j6_1", "collider2": "/fanuc_m710id_70/Geometry/world/base_link/J1_link/J2_link/J3_link/J4_link/J5_link/J6_link/SuctionToolRigidCollision_047", "reason": "USER_APPROVED_SIMULATION_EXEMPTION", "scope": "OFFICIAL_J5_J6_VERSUS_OWNED_TOOL_COLLIDERS"}, {"collider1": "/fanuc_m710id_70/Geometry/world/base_link/J1_link/J2_link/J3_link/J4_link/J5_link/J6_link/j6_1/j6_1", "collider2": "/fanuc_m710id_70/Geometry/world/base_link/J1_link/J2_link/J3_link/J4_link/J5_link/J6_link/SuctionToolRigidCollision_048", "reason": "USER_APPROVED_SIMULATION_EXEMPTION", "scope": "OFFICIAL_J5_J6_VERSUS_OWNED_TOOL_COLLIDERS"}, {"collider1": "/fanuc_m710id_70/Geometry/world/base_link/J1_link/J2_link/J3_link/J4_link/J5_link/J6_link/j6_1/j6_1", "collider2": "/fanuc_m710id_70/Geometry/world/base_link/J1_link/J2_link/J3_link/J4_link/J5_link/J6_link/SuctionToolRigidCollision_049", "reason": "USER_APPROVED_SIMULATION_EXEMPTION", "scope": "OFFICIAL_J5_J6_VERSUS_OWNED_TOOL_COLLIDERS"}, {"collider1": "/fanuc_m710id_70/Geometry/world/base_link/J1_link/J2_link/J3_link/J4_link/J5_link/J6_link/j6_1/j6_1", "collider2": "/fanuc_m710id_70/Geometry/world/base_link/J1_link/J2_link/J3_link/J4_link/J5_link/J6_link/SuctionToolRigidCollision_050", "reason": "USER_APPROVED_SIMULATION_EXEMPTION", "scope": "OFFICIAL_J5_J6_VERSUS_OWNED_TOOL_COLLIDERS"}, {"collider1": "/fanuc_m710id_70/Geometry/world/base_link/J1_link/J2_link/J3_link/J4_link/J5_link/J6_link/j6_1/j6_1", "collider2": "/fanuc_m710id_70/Geometry/world/base_link/J1_link/J2_link/J3_link/J4_link/J5_link/J6_link/SuctionToolRigidCollision_051", "reason": "USER_APPROVED_SIMULATION_EXEMPTION", "scope": "OFFICIAL_J5_J6_VERSUS_OWNED_TOOL_COLLIDERS"}, {"collider1": "/fanuc_m710id_70/Geometry/world/base_link/J1_link/J2_link/J3_link/J4_link/J5_link/J6_link/j6_1/j6_1", "collider2": "/fanuc_m710id_70/Geometry/world/base_link/J1_link/J2_link/J3_link/J4_link/J5_link/J6_link/SuctionToolRigidCollision_052", "reason": "USER_APPROVED_SIMULATION_EXEMPTION", "scope": "OFFICIAL_J5_J6_VERSUS_OWNED_TOOL_COLLIDERS"}, {"collider1": "/fanuc_m710id_70/Geometry/world/base_link/J1_link/J2_link/J3_link/J4_link/J5_link/J6_link/j6_1/j6_1", "collider2": "/fanuc_m710id_70/Geometry/world/base_link/J1_link/J2_link/J3_link/J4_link/J5_link/J6_link/SuctionToolRigidCollision_053", "reason": "USER_APPROVED_SIMULATION_EXEMPTION", "scope": "OFFICIAL_J5_J6_VERSUS_OWNED_TOOL_COLLIDERS"}, {"collider1": "/fanuc_m710id_70/Geometry/world/base_link/J1_link/J2_link/J3_link/J4_link/J5_link/J6_link/j6_1/j6_1", "collider2": "/fanuc_m710id_70/Geometry/world/base_link/J1_link/J2_link/J3_link/J4_link/J5_link/J6_link/SuctionToolRigidCollision_054", "reason": "USER_APPROVED_SIMULATION_EXEMPTION", "scope": "OFFICIAL_J5_J6_VERSUS_OWNED_TOOL_COLLIDERS"}, {"collider1": "/fanuc_m710id_70/Geometry/world/base_link/J1_link/J2_link/J3_link/J4_link/J5_link/J6_link/j6_1/j6_1", "collider2": "/fanuc_m710id_70/Geometry/world/base_link/J1_link/J2_link/J3_link/J4_link/J5_link/J6_link/SuctionToolRigidCollision_055", "reason": "USER_APPROVED_SIMULATION_EXEMPTION", "scope": "OFFICIAL_J5_J6_VERSUS_OWNED_TOOL_COLLIDERS"}, {"collider1": "/fanuc_m710id_70/Geometry/world/base_link/J1_link/J2_link/J3_link/J4_link/J5_link/J6_link/j6_1/j6_1", "collider2": "/fanuc_m710id_70/Geometry/world/base_link/J1_link/J2_link/J3_link/J4_link/J5_link/J6_link/SuctionToolRigidCollision_056", "reason": "USER_APPROVED_SIMULATION_EXEMPTION", "scope": "OFFICIAL_J5_J6_VERSUS_OWNED_TOOL_COLLIDERS"}, {"collider1": "/fanuc_m710id_70/Geometry/world/base_link/J1_link/J2_link/J3_link/J4_link/J5_link/J6_link/j6_1/j6_1", "collider2": "/fanuc_m710id_70/Geometry/world/base_link/J1_link/J2_link/J3_link/J4_link/J5_link/J6_link/SuctionToolRigidCollision_057", "reason": "USER_APPROVED_SIMULATION_EXEMPTION", "scope": "OFFICIAL_J5_J6_VERSUS_OWNED_TOOL_COLLIDERS"}, {"collider1": "/fanuc_m710id_70/Geometry/world/base_link/J1_link/J2_link/J3_link/J4_link/J5_link/J6_link/j6_1/j6_1", "collider2": "/fanuc_m710id_70/Geometry/world/base_link/J1_link/J2_link/J3_link/J4_link/J5_link/J6_link/SuctionToolRigidCollision_058", "reason": "USER_APPROVED_SIMULATION_EXEMPTION", "scope": "OFFICIAL_J5_J6_VERSUS_OWNED_TOOL_COLLIDERS"}, {"collider1": "/fanuc_m710id_70/Geometry/world/base_link/J1_link/J2_link/J3_link/J4_link/J5_link/J6_link/j6_1/j6_1", "collider2": "/fanuc_m710id_70/Geometry/world/base_link/J1_link/J2_link/J3_link/J4_link/J5_link/J6_link/SuctionToolRigidCollision_059", "reason": "USER_APPROVED_SIMULATION_EXEMPTION", "scope": "OFFICIAL_J5_J6_VERSUS_OWNED_TOOL_COLLIDERS"}, {"collider1": "/fanuc_m710id_70/Geometry/world/base_link/J1_link/J2_link/J3_link/J4_link/J5_link/J6_link/j6_1/j6_1", "collider2": "/fanuc_m710id_70/Geometry/world/base_link/J1_link/J2_link/J3_link/J4_link/J5_link/J6_link/SuctionToolRigidCollision_060", "reason": "USER_APPROVED_SIMULATION_EXEMPTION", "scope": "OFFICIAL_J5_J6_VERSUS_OWNED_TOOL_COLLIDERS"}, {"collider1": "/fanuc_m710id_70/Geometry/world/base_link/J1_link/J2_link/J3_link/J4_link/J5_link/J6_link/j6_1/j6_1", "collider2": "/fanuc_m710id_70/Geometry/world/base_link/J1_link/J2_link/J3_link/J4_link/J5_link/J6_link/SuctionToolRigidCollision_061", "reason": "USER_APPROVED_SIMULATION_EXEMPTION", "scope": "OFFICIAL_J5_J6_VERSUS_OWNED_TOOL_COLLIDERS"}, {"collider1": "/fanuc_m710id_70/Geometry/world/base_link/J1_link/J2_link/J3_link/J4_link/J5_link/J6_link/j6_1/j6_1", "collider2": "/fanuc_m710id_70/Geometry/world/base_link/J1_link/J2_link/J3_link/J4_link/J5_link/J6_link/SuctionToolRigidCollision_062", "reason": "USER_APPROVED_SIMULATION_EXEMPTION", "scope": "OFFICIAL_J5_J6_VERSUS_OWNED_TOOL_COLLIDERS"}, {"collider1": "/fanuc_m710id_70/Geometry/world/base_link/J1_link/J2_link/J3_link/J4_link/J5_link/J6_link/j6_1/j6_1", "collider2": "/fanuc_m710id_70/Geometry/world/base_link/J1_link/J2_link/J3_link/J4_link/J5_link/J6_link/SuctionToolRigidCollision_063", "reason": "USER_APPROVED_SIMULATION_EXEMPTION", "scope": "OFFICIAL_J5_J6_VERSUS_OWNED_TOOL_COLLIDERS"}, {"collider1": "/fanuc_m710id_70/Geometry/world/base_link/J1_link/J2_link/J3_link/J4_link/J5_link/J6_link/j6_1/j6_1", "collider2": "/fanuc_m710id_70/Geometry/world/base_link/J1_link/J2_link/J3_link/J4_link/J5_link/J6_link/SuctionToolRigidCollision_064", "reason": "USER_APPROVED_SIMULATION_EXEMPTION", "scope": "OFFICIAL_J5_J6_VERSUS_OWNED_TOOL_COLLIDERS"}, {"collider1": "/fanuc_m710id_70/Geometry/world/base_link/J1_link/J2_link/J3_link/J4_link/J5_link/J6_link/j6_1/j6_1", "collider2": "/fanuc_m710id_70/Geometry/world/base_link/J1_link/J2_link/J3_link/J4_link/J5_link/J6_link/SuctionToolRigidCollision_065", "reason": "USER_APPROVED_SIMULATION_EXEMPTION", "scope": "OFFICIAL_J5_J6_VERSUS_OWNED_TOOL_COLLIDERS"}, {"collider1": "/fanuc_m710id_70/Geometry/world/base_link/J1_link/J2_link/J3_link/J4_link/J5_link/J6_link/j6_1/j6_1", "collider2": "/fanuc_m710id_70/Geometry/world/base_link/J1_link/J2_link/J3_link/J4_link/J5_link/J6_link/SuctionToolRigidCollision_066", "reason": "USER_APPROVED_SIMULATION_EXEMPTION", "scope": "OFFICIAL_J5_J6_VERSUS_OWNED_TOOL_COLLIDERS"}, {"collider1": "/fanuc_m710id_70/Geometry/world/base_link/J1_link/J2_link/J3_link/J4_link/J5_link/J6_link/j6_1/j6_1", "collider2": "/fanuc_m710id_70/Geometry/world/base_link/J1_link/J2_link/J3_link/J4_link/J5_link/J6_link/SuctionToolRigidCollision_067", "reason": "USER_APPROVED_SIMULATION_EXEMPTION", "scope": "OFFICIAL_J5_J6_VERSUS_OWNED_TOOL_COLLIDERS"}, {"collider1": "/fanuc_m710id_70/Geometry/world/base_link/J1_link/J2_link/J3_link/J4_link/J5_link/J6_link/j6_1/j6_1", "collider2": "/fanuc_m710id_70/Geometry/world/base_link/J1_link/J2_link/J3_link/J4_link/J5_link/J6_link/SuctionToolRigidCollision_068", "reason": "USER_APPROVED_SIMULATION_EXEMPTION", "scope": "OFFICIAL_J5_J6_VERSUS_OWNED_TOOL_COLLIDERS"}, {"collider1": "/fanuc_m710id_70/Geometry/world/base_link/J1_link/J2_link/J3_link/J4_link/J5_link/J6_link/j6_1/j6_1", "collider2": "/fanuc_m710id_70/Geometry/world/base_link/J1_link/J2_link/J3_link/J4_link/J5_link/J6_link/SuctionToolRigidCollision_069", "reason": "USER_APPROVED_SIMULATION_EXEMPTION", "scope": "OFFICIAL_J5_J6_VERSUS_OWNED_TOOL_COLLIDERS"}, {"collider1": "/fanuc_m710id_70/Geometry/world/base_link/J1_link/J2_link/J3_link/J4_link/J5_link/J6_link/j6_1/j6_1", "collider2": "/fanuc_m710id_70/Geometry/world/base_link/J1_link/J2_link/J3_link/J4_link/J5_link/J6_link/SuctionToolRigidCollision_070", "reason": "USER_APPROVED_SIMULATION_EXEMPTION", "scope": "OFFICIAL_J5_J6_VERSUS_OWNED_TOOL_COLLIDERS"}, {"collider1": "/fanuc_m710id_70/Geometry/world/base_link/J1_link/J2_link/J3_link/J4_link/J5_link/J6_link/j6_1/j6_1", "collider2": "/fanuc_m710id_70/Geometry/world/base_link/J1_link/J2_link/J3_link/J4_link/J5_link/J6_link/SuctionToolRigidCollision_071", "reason": "USER_APPROVED_SIMULATION_EXEMPTION", "scope": "OFFICIAL_J5_J6_VERSUS_OWNED_TOOL_COLLIDERS"}, {"collider1": "/fanuc_m710id_70/Geometry/world/base_link/J1_link/J2_link/J3_link/J4_link/J5_link/J6_link/j6_1/j6_1", "collider2": "/fanuc_m710id_70/Geometry/world/base_link/J1_link/J2_link/J3_link/J4_link/J5_link/J6_link/SuctionToolRigidCollision_072", "reason": "USER_APPROVED_SIMULATION_EXEMPTION", "scope": "OFFICIAL_J5_J6_VERSUS_OWNED_TOOL_COLLIDERS"}, {"collider1": "/fanuc_m710id_70/Geometry/world/base_link/J1_link/J2_link/J3_link/J4_link/J5_link/J6_link/j6_1/j6_1", "collider2": "/fanuc_m710id_70/Geometry/world/base_link/J1_link/J2_link/J3_link/J4_link/J5_link/J6_link/SuctionToolRigidCollision_073", "reason": "USER_APPROVED_SIMULATION_EXEMPTION", "scope": "OFFICIAL_J5_J6_VERSUS_OWNED_TOOL_COLLIDERS"}, {"collider1": "/fanuc_m710id_70/Geometry/world/base_link/J1_link/J2_link/J3_link/J4_link/J5_link/J6_link/j6_1/j6_1", "collider2": "/fanuc_m710id_70/Geometry/world/base_link/J1_link/J2_link/J3_link/J4_link/J5_link/J6_link/SuctionToolRigidCollision_074", "reason": "USER_APPROVED_SIMULATION_EXEMPTION", "scope": "OFFICIAL_J5_J6_VERSUS_OWNED_TOOL_COLLIDERS"}, {"collider1": "/fanuc_m710id_70/Geometry/world/base_link/J1_link/J2_link/J3_link/J4_link/J5_link/J6_link/j6_1/j6_1", "collider2": "/fanuc_m710id_70/Geometry/world/base_link/J1_link/J2_link/J3_link/J4_link/J5_link/J6_link/SuctionToolRigidCollision_075", "reason": "USER_APPROVED_SIMULATION_EXEMPTION", "scope": "OFFICIAL_J5_J6_VERSUS_OWNED_TOOL_COLLIDERS"}, {"collider1": "/fanuc_m710id_70/Geometry/world/base_link/J1_link/J2_link/J3_link/J4_link/J5_link/J6_link/j6_1/j6_1", "collider2": "/fanuc_m710id_70/Geometry/world/base_link/J1_link/J2_link/J3_link/J4_link/J5_link/J6_link/SuctionToolRigidCollision_076", "reason": "USER_APPROVED_SIMULATION_EXEMPTION", "scope": "OFFICIAL_J5_J6_VERSUS_OWNED_TOOL_COLLIDERS"}, {"collider1": "/fanuc_m710id_70/Geometry/world/base_link/J1_link/J2_link/J3_link/J4_link/J5_link/J6_link/j6_1/j6_1", "collider2": "/fanuc_m710id_70/Geometry/world/base_link/J1_link/J2_link/J3_link/J4_link/J5_link/J6_link/SuctionToolRigidCollision_077", "reason": "USER_APPROVED_SIMULATION_EXEMPTION", "scope": "OFFICIAL_J5_J6_VERSUS_OWNED_TOOL_COLLIDERS"}, {"collider1": "/fanuc_m710id_70/Geometry/world/base_link/J1_link/J2_link/J3_link/J4_link/J5_link/J6_link/j6_1/j6_1", "collider2": "/fanuc_m710id_70/Geometry/world/base_link/J1_link/J2_link/J3_link/J4_link/J5_link/J6_link/SuctionToolRigidCollision_078", "reason": "USER_APPROVED_SIMULATION_EXEMPTION", "scope": "OFFICIAL_J5_J6_VERSUS_OWNED_TOOL_COLLIDERS"}, {"collider1": "/fanuc_m710id_70/Geometry/world/base_link/J1_link/J2_link/J3_link/J4_link/J5_link/J6_link/j6_1/j6_1", "collider2": "/fanuc_m710id_70/Geometry/world/base_link/J1_link/J2_link/J3_link/J4_link/J5_link/J6_link/SuctionToolRigidCollision_079", "reason": "USER_APPROVED_SIMULATION_EXEMPTION", "scope": "OFFICIAL_J5_J6_VERSUS_OWNED_TOOL_COLLIDERS"}, {"collider1": "/fanuc_m710id_70/Geometry/world/base_link/J1_link/J2_link/J3_link/J4_link/J5_link/J6_link/j6_1/j6_1", "collider2": "/fanuc_m710id_70/Geometry/world/base_link/J1_link/J2_link/J3_link/J4_link/J5_link/J6_link/SuctionToolRigidCollision_080", "reason": "USER_APPROVED_SIMULATION_EXEMPTION", "scope": "OFFICIAL_J5_J6_VERSUS_OWNED_TOOL_COLLIDERS"}, {"collider1": "/fanuc_m710id_70/Geometry/world/base_link/J1_link/J2_link/J3_link/J4_link/J5_link/J6_link/j6_1/j6_1", "collider2": "/fanuc_m710id_70/Geometry/world/base_link/J1_link/J2_link/J3_link/J4_link/J5_link/J6_link/SuctionToolRigidCollision_081", "reason": "USER_APPROVED_SIMULATION_EXEMPTION", "scope": "OFFICIAL_J5_J6_VERSUS_OWNED_TOOL_COLLIDERS"}, {"collider1": "/fanuc_m710id_70/Geometry/world/base_link/J1_link/J2_link/J3_link/J4_link/J5_link/J6_link/j6_1/j6_1", "collider2": "/fanuc_m710id_70/Geometry/world/base_link/J1_link/J2_link/J3_link/J4_link/J5_link/J6_link/SuctionToolRigidCollision_082", "reason": "USER_APPROVED_SIMULATION_EXEMPTION", "scope": "OFFICIAL_J5_J6_VERSUS_OWNED_TOOL_COLLIDERS"}, {"collider1": "/fanuc_m710id_70/Geometry/world/base_link/J1_link/J2_link/J3_link/J4_link/J5_link/J6_link/j6_1/j6_1", "collider2": "/fanuc_m710id_70/Geometry/world/base_link/J1_link/J2_link/J3_link/J4_link/J5_link/J6_link/SuctionToolRigidCollision_083", "reason": "USER_APPROVED_SIMULATION_EXEMPTION", "scope": "OFFICIAL_J5_J6_VERSUS_OWNED_TOOL_COLLIDERS"}, {"collider1": "/fanuc_m710id_70/Geometry/world/base_link/J1_link/J2_link/J3_link/J4_link/J5_link/J6_link/j6_1/j6_1", "collider2": "/fanuc_m710id_70/Geometry/world/base_link/J1_link/J2_link/J3_link/J4_link/J5_link/J6_link/SuctionToolRigidCollision_084", "reason": "USER_APPROVED_SIMULATION_EXEMPTION", "scope": "OFFICIAL_J5_J6_VERSUS_OWNED_TOOL_COLLIDERS"}, {"collider1": "/fanuc_m710id_70/Geometry/world/base_link/J1_link/J2_link/J3_link/J4_link/J5_link/J6_link/j6_1/j6_1", "collider2": "/fanuc_m710id_70/Geometry/world/base_link/J1_link/J2_link/J3_link/J4_link/J5_link/J6_link/SuctionToolRigidCollision_085", "reason": "USER_APPROVED_SIMULATION_EXEMPTION", "scope": "OFFICIAL_J5_J6_VERSUS_OWNED_TOOL_COLLIDERS"}, {"collider1": "/fanuc_m710id_70/Geometry/world/base_link/J1_link/J2_link/J3_link/J4_link/J5_link/J6_link/j6_1/j6_1", "collider2": "/fanuc_m710id_70/Geometry/world/base_link/J1_link/J2_link/J3_link/J4_link/J5_link/J6_link/SuctionToolRigidCollision_086", "reason": "USER_APPROVED_SIMULATION_EXEMPTION", "scope": "OFFICIAL_J5_J6_VERSUS_OWNED_TOOL_COLLIDERS"}, {"collider1": "/fanuc_m710id_70/Geometry/world/base_link/J1_link/J2_link/J3_link/J4_link/J5_link/J6_link/j6_1/j6_1", "collider2": "/fanuc_m710id_70/Geometry/world/base_link/J1_link/J2_link/J3_link/J4_link/J5_link/J6_link/SuctionToolRigidCollision_087", "reason": "USER_APPROVED_SIMULATION_EXEMPTION", "scope": "OFFICIAL_J5_J6_VERSUS_OWNED_TOOL_COLLIDERS"}, {"collider1": "/fanuc_m710id_70/Geometry/world/base_link/J1_link/J2_link/J3_link/J4_link/J5_link/J6_link/j6_1/j6_1", "collider2": "/fanuc_m710id_70/Geometry/world/base_link/J1_link/J2_link/J3_link/J4_link/J5_link/J6_link/SuctionToolRigidCollision_088", "reason": "USER_APPROVED_SIMULATION_EXEMPTION", "scope": "OFFICIAL_J5_J6_VERSUS_OWNED_TOOL_COLLIDERS"}, {"collider1": "/fanuc_m710id_70/Geometry/world/base_link/J1_link/J2_link/J3_link/J4_link/J5_link/J6_link/j6_1/j6_1", "collider2": "/fanuc_m710id_70/Geometry/world/base_link/J1_link/J2_link/J3_link/J4_link/J5_link/J6_link/SuctionToolRigidCollision_089", "reason": "USER_APPROVED_SIMULATION_EXEMPTION", "scope": "OFFICIAL_J5_J6_VERSUS_OWNED_TOOL_COLLIDERS"}, {"collider1": "/fanuc_m710id_70/Geometry/world/base_link/J1_link/J2_link/J3_link/J4_link/J5_link/J6_link/j6_1/j6_1", "collider2": "/fanuc_m710id_70/Geometry/world/base_link/J1_link/J2_link/J3_link/J4_link/J5_link/J6_link/SuctionToolRigidCollision_090", "reason": "USER_APPROVED_SIMULATION_EXEMPTION", "scope": "OFFICIAL_J5_J6_VERSUS_OWNED_TOOL_COLLIDERS"}, {"collider1": "/fanuc_m710id_70/Geometry/world/base_link/J1_link/J2_link/J3_link/J4_link/J5_link/J6_link/j6_1/j6_1", "collider2": "/fanuc_m710id_70/Geometry/world/base_link/J1_link/J2_link/J3_link/J4_link/J5_link/J6_link/SuctionToolRigidCollision_091", "reason": "USER_APPROVED_SIMULATION_EXEMPTION", "scope": "OFFICIAL_J5_J6_VERSUS_OWNED_TOOL_COLLIDERS"}, {"collider1": "/fanuc_m710id_70/Geometry/world/base_link/J1_link/J2_link/J3_link/J4_link/J5_link/J6_link/j6_1/j6_1", "collider2": "/fanuc_m710id_70/Geometry/world/base_link/J1_link/J2_link/J3_link/J4_link/J5_link/J6_link/SuctionToolRigidCollision_092", "reason": "USER_APPROVED_SIMULATION_EXEMPTION", "scope": "OFFICIAL_J5_J6_VERSUS_OWNED_TOOL_COLLIDERS"}, {"collider1": "/fanuc_m710id_70/Geometry/world/base_link/J1_link/J2_link/J3_link/J4_link/J5_link/J6_link/j6_1/j6_1", "collider2": "/fanuc_m710id_70/Geometry/world/base_link/J1_link/J2_link/J3_link/J4_link/J5_link/J6_link/SuctionToolRigidCollision_093", "reason": "USER_APPROVED_SIMULATION_EXEMPTION", "scope": "OFFICIAL_J5_J6_VERSUS_OWNED_TOOL_COLLIDERS"}, {"collider1": "/fanuc_m710id_70/Geometry/world/base_link/J1_link/J2_link/J3_link/J4_link/J5_link/J6_link/j6_1/j6_1", "collider2": "/fanuc_m710id_70/Geometry/world/base_link/J1_link/J2_link/J3_link/J4_link/J5_link/J6_link/SuctionToolRigidCollision_094", "reason": "USER_APPROVED_SIMULATION_EXEMPTION", "scope": "OFFICIAL_J5_J6_VERSUS_OWNED_TOOL_COLLIDERS"}, {"collider1": "/fanuc_m710id_70/Geometry/world/base_link/J1_link/J2_link/J3_link/J4_link/J5_link/J6_link/j6_1/j6_1", "collider2": "/fanuc_m710id_70/Geometry/world/base_link/J1_link/J2_link/J3_link/J4_link/J5_link/J6_link/SuctionToolRigidCollision_095", "reason": "USER_APPROVED_SIMULATION_EXEMPTION", "scope": "OFFICIAL_J5_J6_VERSUS_OWNED_TOOL_COLLIDERS"}, {"collider1": "/fanuc_m710id_70/Geometry/world/base_link/J1_link/J2_link/J3_link/J4_link/J5_link/J6_link/j6_1/j6_1", "collider2": "/fanuc_m710id_70/Geometry/world/base_link/J1_link/J2_link/J3_link/J4_link/J5_link/J6_link/SuctionToolRigidCollision_096", "reason": "USER_APPROVED_SIMULATION_EXEMPTION", "scope": "OFFICIAL_J5_J6_VERSUS_OWNED_TOOL_COLLIDERS"}, {"collider1": "/fanuc_m710id_70/Geometry/world/base_link/J1_link/J2_link/J3_link/J4_link/J5_link/J6_link/j6_1/j6_1", "collider2": "/fanuc_m710id_70/Geometry/world/base_link/J1_link/J2_link/J3_link/J4_link/J5_link/J6_link/SuctionToolRigidCollision_097", "reason": "USER_APPROVED_SIMULATION_EXEMPTION", "scope": "OFFICIAL_J5_J6_VERSUS_OWNED_TOOL_COLLIDERS"}, {"collider1": "/fanuc_m710id_70/Geometry/world/base_link/J1_link/J2_link/J3_link/J4_link/J5_link/J6_link/j6_1/j6_1", "collider2": "/fanuc_m710id_70/Geometry/world/base_link/J1_link/J2_link/J3_link/J4_link/J5_link/J6_link/SuctionToolRigidCollision_098", "reason": "USER_APPROVED_SIMULATION_EXEMPTION", "scope": "OFFICIAL_J5_J6_VERSUS_OWNED_TOOL_COLLIDERS"}, {"collider1": "/fanuc_m710id_70/Geometry/world/base_link/J1_link/J2_link/J3_link/J4_link/J5_link/J6_link/j6_1/j6_1", "collider2": "/fanuc_m710id_70/Geometry/world/base_link/J1_link/J2_link/J3_link/J4_link/J5_link/J6_link/SuctionToolRigidCollision_099", "reason": "USER_APPROVED_SIMULATION_EXEMPTION", "scope": "OFFICIAL_J5_J6_VERSUS_OWNED_TOOL_COLLIDERS"}, {"collider1": "/fanuc_m710id_70/Geometry/world/base_link/J1_link/J2_link/J3_link/J4_link/J5_link/J6_link/j6_1/j6_1", "collider2": "/fanuc_m710id_70/Geometry/world/base_link/J1_link/J2_link/J3_link/J4_link/J5_link/J6_link/SuctionToolRigidCollision_100", "reason": "USER_APPROVED_SIMULATION_EXEMPTION", "scope": "OFFICIAL_J5_J6_VERSUS_OWNED_TOOL_COLLIDERS"}, {"collider1": "/fanuc_m710id_70/Geometry/world/base_link/J1_link/J2_link/J3_link/J4_link/J5_link/J6_link/j6_1/j6_1", "collider2": "/fanuc_m710id_70/Geometry/world/base_link/J1_link/J2_link/J3_link/J4_link/J5_link/J6_link/SuctionToolRigidCollision_101", "reason": "USER_APPROVED_SIMULATION_EXEMPTION", "scope": "OFFICIAL_J5_J6_VERSUS_OWNED_TOOL_COLLIDERS"}, {"collider1": "/fanuc_m710id_70/Geometry/world/base_link/J1_link/J2_link/J3_link/J4_link/J5_link/J6_link/j6_1/j6_1", "collider2": "/fanuc_m710id_70/Geometry/world/base_link/J1_link/J2_link/J3_link/J4_link/J5_link/J6_link/SuctionToolRigidCollision_102", "reason": "USER_APPROVED_SIMULATION_EXEMPTION", "scope": "OFFICIAL_J5_J6_VERSUS_OWNED_TOOL_COLLIDERS"}, {"collider1": "/fanuc_m710id_70/Geometry/world/base_link/J1_link/J2_link/J3_link/J4_link/J5_link/J6_link/j6_1/j6_1", "collider2": "/fanuc_m710id_70/Geometry/world/base_link/J1_link/J2_link/J3_link/J4_link/J5_link/J6_link/SuctionToolRigidCollision_103", "reason": "USER_APPROVED_SIMULATION_EXEMPTION", "scope": "OFFICIAL_J5_J6_VERSUS_OWNED_TOOL_COLLIDERS"}, {"collider1": "/fanuc_m710id_70/Geometry/world/base_link/J1_link/J2_link/J3_link/J4_link/J5_link/J6_link/j6_1/j6_1", "collider2": "/fanuc_m710id_70/Geometry/world/base_link/J1_link/J2_link/J3_link/J4_link/J5_link/J6_link/SuctionToolRigidCollision_104", "reason": "USER_APPROVED_SIMULATION_EXEMPTION", "scope": "OFFICIAL_J5_J6_VERSUS_OWNED_TOOL_COLLIDERS"}, {"collider1": "/fanuc_m710id_70/Geometry/world/base_link/J1_link/J2_link/J3_link/J4_link/J5_link/J6_link/j6_1/j6_1", "collider2": "/fanuc_m710id_70/Geometry/world/base_link/J1_link/J2_link/J3_link/J4_link/J5_link/J6_link/SuctionToolRigidCollision_105", "reason": "USER_APPROVED_SIMULATION_EXEMPTION", "scope": "OFFICIAL_J5_J6_VERSUS_OWNED_TOOL_COLLIDERS"}, {"collider1": "/fanuc_m710id_70/Geometry/world/base_link/J1_link/J2_link/J3_link/J4_link/J5_link/J6_link/j6_1/j6_1", "collider2": "/fanuc_m710id_70/Geometry/world/base_link/J1_link/J2_link/J3_link/J4_link/J5_link/J6_link/SuctionToolRigidCollision_106", "reason": "USER_APPROVED_SIMULATION_EXEMPTION", "scope": "OFFICIAL_J5_J6_VERSUS_OWNED_TOOL_COLLIDERS"}, {"collider1": "/fanuc_m710id_70/Geometry/world/base_link/J1_link/J2_link/J3_link/J4_link/J5_link/J6_link/j6_1/j6_1", "collider2": "/fanuc_m710id_70/Geometry/world/base_link/J1_link/J2_link/J3_link/J4_link/J5_link/J6_link/SuctionToolRigidCollision_107", "reason": "USER_APPROVED_SIMULATION_EXEMPTION", "scope": "OFFICIAL_J5_J6_VERSUS_OWNED_TOOL_COLLIDERS"}, {"collider1": "/fanuc_m710id_70/Geometry/world/base_link/J1_link/J2_link/J3_link/J4_link/J5_link/J6_link/j6_1/j6_1", "collider2": "/fanuc_m710id_70/Geometry/world/base_link/J1_link/J2_link/J3_link/J4_link/J5_link/J6_link/SuctionToolRigidCollision_108", "reason": "USER_APPROVED_SIMULATION_EXEMPTION", "scope": "OFFICIAL_J5_J6_VERSUS_OWNED_TOOL_COLLIDERS"}, {"collider1": "/fanuc_m710id_70/Geometry/world/base_link/J1_link/J2_link/J3_link/J4_link/J5_link/J6_link/j6_1/j6_1", "collider2": "/fanuc_m710id_70/Geometry/world/base_link/J1_link/J2_link/J3_link/J4_link/J5_link/J6_link/SuctionToolRigidCollision_109", "reason": "USER_APPROVED_SIMULATION_EXEMPTION", "scope": "OFFICIAL_J5_J6_VERSUS_OWNED_TOOL_COLLIDERS"}, {"collider1": "/fanuc_m710id_70/Geometry/world/base_link/J1_link/J2_link/J3_link/J4_link/J5_link/J6_link/j6_1/j6_1", "collider2": "/fanuc_m710id_70/Geometry/world/base_link/J1_link/J2_link/J3_link/J4_link/J5_link/J6_link/SuctionToolRigidCollision_110", "reason": "USER_APPROVED_SIMULATION_EXEMPTION", "scope": "OFFICIAL_J5_J6_VERSUS_OWNED_TOOL_COLLIDERS"}, {"collider1": "/fanuc_m710id_70/Geometry/world/base_link/J1_link/J2_link/J3_link/J4_link/J5_link/J6_link/j6_1/j6_1", "collider2": "/fanuc_m710id_70/Geometry/world/base_link/J1_link/J2_link/J3_link/J4_link/J5_link/J6_link/SuctionToolRigidCollision_111", "reason": "USER_APPROVED_SIMULATION_EXEMPTION", "scope": "OFFICIAL_J5_J6_VERSUS_OWNED_TOOL_COLLIDERS"}, {"collider1": "/fanuc_m710id_70/Geometry/world/base_link/J1_link/J2_link/J3_link/J4_link/J5_link/J6_link/j6_1/j6_1", "collider2": "/fanuc_m710id_70/Geometry/world/base_link/J1_link/J2_link/J3_link/J4_link/J5_link/J6_link/SuctionToolRigidCollision_112", "reason": "USER_APPROVED_SIMULATION_EXEMPTION", "scope": "OFFICIAL_J5_J6_VERSUS_OWNED_TOOL_COLLIDERS"}, {"collider1": "/fanuc_m710id_70/Geometry/world/base_link/J1_link/J2_link/J3_link/J4_link/J5_link/J6_link/j6_1/j6_1", "collider2": "/fanuc_m710id_70/Geometry/world/base_link/J1_link/J2_link/J3_link/J4_link/J5_link/J6_link/SuctionToolRigidCollision_113", "reason": "USER_APPROVED_SIMULATION_EXEMPTION", "scope": "OFFICIAL_J5_J6_VERSUS_OWNED_TOOL_COLLIDERS"}, {"collider1": "/fanuc_m710id_70/Geometry/world/base_link/J1_link/J2_link/J3_link/J4_link/J5_link/J6_link/j6_1/j6_1", "collider2": "/fanuc_m710id_70/Geometry/world/base_link/J1_link/J2_link/J3_link/J4_link/J5_link/J6_link/SuctionToolRigidCollision_114", "reason": "USER_APPROVED_SIMULATION_EXEMPTION", "scope": "OFFICIAL_J5_J6_VERSUS_OWNED_TOOL_COLLIDERS"}, {"collider1": "/fanuc_m710id_70/Geometry/world/base_link/J1_link/J2_link/J3_link/J4_link/J5_link/J6_link/j6_1/j6_1", "collider2": "/fanuc_m710id_70/Geometry/world/base_link/J1_link/J2_link/J3_link/J4_link/J5_link/J6_link/SuctionToolRigidCollision_115", "reason": "USER_APPROVED_SIMULATION_EXEMPTION", "scope": "OFFICIAL_J5_J6_VERSUS_OWNED_TOOL_COLLIDERS"}, {"collider1": "/fanuc_m710id_70/Geometry/world/base_link/J1_link/J2_link/J3_link/J4_link/J5_link/J6_link/j6_1/j6_1", "collider2": "/fanuc_m710id_70/Geometry/world/base_link/J1_link/J2_link/J3_link/J4_link/J5_link/J6_link/SuctionToolRigidCollision_116", "reason": "USER_APPROVED_SIMULATION_EXEMPTION", "scope": "OFFICIAL_J5_J6_VERSUS_OWNED_TOOL_COLLIDERS"}, {"collider1": "/fanuc_m710id_70/Geometry/world/base_link/J1_link/J2_link/J3_link/J4_link/J5_link/J6_link/j6_1/j6_1", "collider2": "/fanuc_m710id_70/Geometry/world/base_link/J1_link/J2_link/J3_link/J4_link/J5_link/J6_link/SuctionToolRigidCollision_117", "reason": "USER_APPROVED_SIMULATION_EXEMPTION", "scope": "OFFICIAL_J5_J6_VERSUS_OWNED_TOOL_COLLIDERS"}, {"collider1": "/fanuc_m710id_70/Geometry/world/base_link/J1_link/J2_link/J3_link/J4_link/J5_link/J6_link/j6_1/j6_1", "collider2": "/fanuc_m710id_70/Geometry/world/base_link/J1_link/J2_link/J3_link/J4_link/J5_link/J6_link/SuctionToolRigidCollision_118", "reason": "USER_APPROVED_SIMULATION_EXEMPTION", "scope": "OFFICIAL_J5_J6_VERSUS_OWNED_TOOL_COLLIDERS"}, {"collider1": "/fanuc_m710id_70/Geometry/world/base_link/J1_link/J2_link/J3_link/J4_link/J5_link/J6_link/j6_1/j6_1", "collider2": "/fanuc_m710id_70/Geometry/world/base_link/J1_link/J2_link/J3_link/J4_link/J5_link/J6_link/SuctionToolRigidCollision_119", "reason": "USER_APPROVED_SIMULATION_EXEMPTION", "scope": "OFFICIAL_J5_J6_VERSUS_OWNED_TOOL_COLLIDERS"}, {"collider1": "/fanuc_m710id_70/Geometry/world/base_link/J1_link/J2_link/J3_link/J4_link/J5_link/J6_link/j6_1/j6_1", "collider2": "/fanuc_m710id_70/Geometry/world/base_link/J1_link/J2_link/J3_link/J4_link/J5_link/J6_link/SuctionToolRigidCollision_120", "reason": "USER_APPROVED_SIMULATION_EXEMPTION", "scope": "OFFICIAL_J5_J6_VERSUS_OWNED_TOOL_COLLIDERS"}, {"collider1": "/fanuc_m710id_70/Geometry/world/base_link/J1_link/J2_link/J3_link/J4_link/J5_link/J6_link/j6_1/j6_1", "collider2": "/fanuc_m710id_70/Geometry/world/base_link/J1_link/J2_link/J3_link/J4_link/J5_link/J6_link/SuctionToolRigidCollision_121", "reason": "USER_APPROVED_SIMULATION_EXEMPTION", "scope": "OFFICIAL_J5_J6_VERSUS_OWNED_TOOL_COLLIDERS"}, {"collider1": "/fanuc_m710id_70/Geometry/world/base_link/J1_link/J2_link/J3_link/J4_link/J5_link/J6_link/j6_1/j6_1", "collider2": "/fanuc_m710id_70/Geometry/world/base_link/J1_link/J2_link/J3_link/J4_link/J5_link/J6_link/SuctionToolRigidCollision_122", "reason": "USER_APPROVED_SIMULATION_EXEMPTION", "scope": "OFFICIAL_J5_J6_VERSUS_OWNED_TOOL_COLLIDERS"}, {"collider1": "/fanuc_m710id_70/Geometry/world/base_link/J1_link/J2_link/J3_link/J4_link/J5_link/J6_link/j6_1/j6_1", "collider2": "/fanuc_m710id_70/Geometry/world/base_link/J1_link/J2_link/J3_link/J4_link/J5_link/J6_link/SuctionToolRigidCollision_123", "reason": "USER_APPROVED_SIMULATION_EXEMPTION", "scope": "OFFICIAL_J5_J6_VERSUS_OWNED_TOOL_COLLIDERS"}, {"collider1": "/fanuc_m710id_70/Geometry/world/base_link/J1_link/J2_link/J3_link/J4_link/J5_link/J6_link/j6_1/j6_1", "collider2": "/fanuc_m710id_70/Geometry/world/base_link/J1_link/J2_link/J3_link/J4_link/J5_link/J6_link/SuctionToolRigidCollision_124", "reason": "USER_APPROVED_SIMULATION_EXEMPTION", "scope": "OFFICIAL_J5_J6_VERSUS_OWNED_TOOL_COLLIDERS"}, {"collider1": "/fanuc_m710id_70/Geometry/world/base_link/J1_link/J2_link/J3_link/J4_link/J5_link/J6_link/j6_1/j6_1", "collider2": "/fanuc_m710id_70/Geometry/world/base_link/J1_link/J2_link/J3_link/J4_link/J5_link/J6_link/SuctionToolRigidCollision_125", "reason": "USER_APPROVED_SIMULATION_EXEMPTION", "scope": "OFFICIAL_J5_J6_VERSUS_OWNED_TOOL_COLLIDERS"}, {"collider1": "/fanuc_m710id_70/Geometry/world/base_link/J1_link/J2_link/J3_link/J4_link/J5_link/J6_link/j6_1/j6_1", "collider2": "/fanuc_m710id_70/Geometry/world/base_link/J1_link/J2_link/J3_link/J4_link/J5_link/J6_link/SuctionToolRigidCollision_126", "reason": "USER_APPROVED_SIMULATION_EXEMPTION", "scope": "OFFICIAL_J5_J6_VERSUS_OWNED_TOOL_COLLIDERS"}, {"collider1": "/fanuc_m710id_70/Geometry/world/base_link/J1_link/J2_link/J3_link/J4_link/J5_link/J6_link/j6_1/j6_1", "collider2": "/fanuc_m710id_70/Geometry/world/base_link/J1_link/J2_link/J3_link/J4_link/J5_link/J6_link/SuctionToolRigidCollision_127", "reason": "USER_APPROVED_SIMULATION_EXEMPTION", "scope": "OFFICIAL_J5_J6_VERSUS_OWNED_TOOL_COLLIDERS"}, {"collider1": "/fanuc_m710id_70/Geometry/world/base_link/J1_link/J2_link/J3_link/J4_link/J5_link/J6_link/j6_1/j6_1", "collider2": "/fanuc_m710id_70/Geometry/world/base_link/J1_link/J2_link/J3_link/J4_link/J5_link/J6_link/SuctionToolRigidCollision_128", "reason": "USER_APPROVED_SIMULATION_EXEMPTION", "scope": "OFFICIAL_J5_J6_VERSUS_OWNED_TOOL_COLLIDERS"}, {"collider1": "/fanuc_m710id_70/Geometry/world/base_link/J1_link/J2_link/J3_link/J4_link/J5_link/J6_link/j6_1/j6_1", "collider2": "/fanuc_m710id_70/Geometry/world/base_link/J1_link/J2_link/J3_link/J4_link/J5_link/J6_link/SuctionToolRigidCollision_129", "reason": "USER_APPROVED_SIMULATION_EXEMPTION", "scope": "OFFICIAL_J5_J6_VERSUS_OWNED_TOOL_COLLIDERS"}, {"collider1": "/fanuc_m710id_70/Geometry/world/base_link/J1_link/J2_link/J3_link/J4_link/J5_link/j5_1/j5_1", "collider2": "/fanuc_m710id_70/Geometry/world/base_link/J1_link/J2_link/J3_link/J4_link/J5_link/J6_link/CupCompressedCollision_00", "reason": "USER_APPROVED_SIMULATION_EXEMPTION", "scope": "OFFICIAL_J5_J6_VERSUS_OWNED_TOOL_COLLIDERS"}, {"collider1": "/fanuc_m710id_70/Geometry/world/base_link/J1_link/J2_link/J3_link/J4_link/J5_link/j5_1/j5_1", "collider2": "/fanuc_m710id_70/Geometry/world/base_link/J1_link/J2_link/J3_link/J4_link/J5_link/J6_link/CupCompressedCollision_01", "reason": "USER_APPROVED_SIMULATION_EXEMPTION", "scope": "OFFICIAL_J5_J6_VERSUS_OWNED_TOOL_COLLIDERS"}, {"collider1": "/fanuc_m710id_70/Geometry/world/base_link/J1_link/J2_link/J3_link/J4_link/J5_link/j5_1/j5_1", "collider2": "/fanuc_m710id_70/Geometry/world/base_link/J1_link/J2_link/J3_link/J4_link/J5_link/J6_link/CupCompressedCollision_02", "reason": "USER_APPROVED_SIMULATION_EXEMPTION", "scope": "OFFICIAL_J5_J6_VERSUS_OWNED_TOOL_COLLIDERS"}, {"collider1": "/fanuc_m710id_70/Geometry/world/base_link/J1_link/J2_link/J3_link/J4_link/J5_link/j5_1/j5_1", "collider2": "/fanuc_m710id_70/Geometry/world/base_link/J1_link/J2_link/J3_link/J4_link/J5_link/J6_link/CupCompressedCollision_03", "reason": "USER_APPROVED_SIMULATION_EXEMPTION", "scope": "OFFICIAL_J5_J6_VERSUS_OWNED_TOOL_COLLIDERS"}, {"collider1": "/fanuc_m710id_70/Geometry/world/base_link/J1_link/J2_link/J3_link/J4_link/J5_link/j5_1/j5_1", "collider2": "/fanuc_m710id_70/Geometry/world/base_link/J1_link/J2_link/J3_link/J4_link/J5_link/J6_link/CupCompressedCollision_04", "reason": "USER_APPROVED_SIMULATION_EXEMPTION", "scope": "OFFICIAL_J5_J6_VERSUS_OWNED_TOOL_COLLIDERS"}, {"collider1": "/fanuc_m710id_70/Geometry/world/base_link/J1_link/J2_link/J3_link/J4_link/J5_link/j5_1/j5_1", "collider2": "/fanuc_m710id_70/Geometry/world/base_link/J1_link/J2_link/J3_link/J4_link/J5_link/J6_link/CupCompressedCollision_05", "reason": "USER_APPROVED_SIMULATION_EXEMPTION", "scope": "OFFICIAL_J5_J6_VERSUS_OWNED_TOOL_COLLIDERS"}, {"collider1": "/fanuc_m710id_70/Geometry/world/base_link/J1_link/J2_link/J3_link/J4_link/J5_link/j5_1/j5_1", "collider2": "/fanuc_m710id_70/Geometry/world/base_link/J1_link/J2_link/J3_link/J4_link/J5_link/J6_link/CupCompressedCollision_06", "reason": "USER_APPROVED_SIMULATION_EXEMPTION", "scope": "OFFICIAL_J5_J6_VERSUS_OWNED_TOOL_COLLIDERS"}, {"collider1": "/fanuc_m710id_70/Geometry/world/base_link/J1_link/J2_link/J3_link/J4_link/J5_link/j5_1/j5_1", "collider2": "/fanuc_m710id_70/Geometry/world/base_link/J1_link/J2_link/J3_link/J4_link/J5_link/J6_link/CupCompressedCollision_07", "reason": "USER_APPROVED_SIMULATION_EXEMPTION", "scope": "OFFICIAL_J5_J6_VERSUS_OWNED_TOOL_COLLIDERS"}, {"collider1": "/fanuc_m710id_70/Geometry/world/base_link/J1_link/J2_link/J3_link/J4_link/J5_link/j5_1/j5_1", "collider2": "/fanuc_m710id_70/Geometry/world/base_link/J1_link/J2_link/J3_link/J4_link/J5_link/J6_link/CupCompressedCollision_08", "reason": "USER_APPROVED_SIMULATION_EXEMPTION", "scope": "OFFICIAL_J5_J6_VERSUS_OWNED_TOOL_COLLIDERS"}, {"collider1": "/fanuc_m710id_70/Geometry/world/base_link/J1_link/J2_link/J3_link/J4_link/J5_link/j5_1/j5_1", "collider2": "/fanuc_m710id_70/Geometry/world/base_link/J1_link/J2_link/J3_link/J4_link/J5_link/J6_link/CupCompressedCollision_09", "reason": "USER_APPROVED_SIMULATION_EXEMPTION", "scope": "OFFICIAL_J5_J6_VERSUS_OWNED_TOOL_COLLIDERS"}, {"collider1": "/fanuc_m710id_70/Geometry/world/base_link/J1_link/J2_link/J3_link/J4_link/J5_link/j5_1/j5_1", "collider2": "/fanuc_m710id_70/Geometry/world/base_link/J1_link/J2_link/J3_link/J4_link/J5_link/J6_link/CupCompressedCollision_10", "reason": "USER_APPROVED_SIMULATION_EXEMPTION", "scope": "OFFICIAL_J5_J6_VERSUS_OWNED_TOOL_COLLIDERS"}, {"collider1": "/fanuc_m710id_70/Geometry/world/base_link/J1_link/J2_link/J3_link/J4_link/J5_link/j5_1/j5_1", "collider2": "/fanuc_m710id_70/Geometry/world/base_link/J1_link/J2_link/J3_link/J4_link/J5_link/J6_link/CupCompressedCollision_11", "reason": "USER_APPROVED_SIMULATION_EXEMPTION", "scope": "OFFICIAL_J5_J6_VERSUS_OWNED_TOOL_COLLIDERS"}, {"collider1": "/fanuc_m710id_70/Geometry/world/base_link/J1_link/J2_link/J3_link/J4_link/J5_link/j5_1/j5_1", "collider2": "/fanuc_m710id_70/Geometry/world/base_link/J1_link/J2_link/J3_link/J4_link/J5_link/J6_link/CupCompressedCollision_12", "reason": "USER_APPROVED_SIMULATION_EXEMPTION", "scope": "OFFICIAL_J5_J6_VERSUS_OWNED_TOOL_COLLIDERS"}, {"collider1": "/fanuc_m710id_70/Geometry/world/base_link/J1_link/J2_link/J3_link/J4_link/J5_link/j5_1/j5_1", "collider2": "/fanuc_m710id_70/Geometry/world/base_link/J1_link/J2_link/J3_link/J4_link/J5_link/J6_link/CupCompressedCollision_13", "reason": "USER_APPROVED_SIMULATION_EXEMPTION", "scope": "OFFICIAL_J5_J6_VERSUS_OWNED_TOOL_COLLIDERS"}, {"collider1": "/fanuc_m710id_70/Geometry/world/base_link/J1_link/J2_link/J3_link/J4_link/J5_link/j5_1/j5_1", "collider2": "/fanuc_m710id_70/Geometry/world/base_link/J1_link/J2_link/J3_link/J4_link/J5_link/J6_link/CupCompressedCollision_14", "reason": "USER_APPROVED_SIMULATION_EXEMPTION", "scope": "OFFICIAL_J5_J6_VERSUS_OWNED_TOOL_COLLIDERS"}, {"collider1": "/fanuc_m710id_70/Geometry/world/base_link/J1_link/J2_link/J3_link/J4_link/J5_link/j5_1/j5_1", "collider2": "/fanuc_m710id_70/Geometry/world/base_link/J1_link/J2_link/J3_link/J4_link/J5_link/J6_link/CupCompressedCollision_15", "reason": "USER_APPROVED_SIMULATION_EXEMPTION", "scope": "OFFICIAL_J5_J6_VERSUS_OWNED_TOOL_COLLIDERS"}, {"collider1": "/fanuc_m710id_70/Geometry/world/base_link/J1_link/J2_link/J3_link/J4_link/J5_link/j5_1/j5_1", "collider2": "/fanuc_m710id_70/Geometry/world/base_link/J1_link/J2_link/J3_link/J4_link/J5_link/J6_link/CupCompressedCollision_16", "reason": "USER_APPROVED_SIMULATION_EXEMPTION", "scope": "OFFICIAL_J5_J6_VERSUS_OWNED_TOOL_COLLIDERS"}, {"collider1": "/fanuc_m710id_70/Geometry/world/base_link/J1_link/J2_link/J3_link/J4_link/J5_link/j5_1/j5_1", "collider2": "/fanuc_m710id_70/Geometry/world/base_link/J1_link/J2_link/J3_link/J4_link/J5_link/J6_link/CupCompressedCollision_17", "reason": "USER_APPROVED_SIMULATION_EXEMPTION", "scope": "OFFICIAL_J5_J6_VERSUS_OWNED_TOOL_COLLIDERS"}, {"collider1": "/fanuc_m710id_70/Geometry/world/base_link/J1_link/J2_link/J3_link/J4_link/J5_link/j5_1/j5_1", "collider2": "/fanuc_m710id_70/Geometry/world/base_link/J1_link/J2_link/J3_link/J4_link/J5_link/J6_link/CupCompressedCollision_18", "reason": "USER_APPROVED_SIMULATION_EXEMPTION", "scope": "OFFICIAL_J5_J6_VERSUS_OWNED_TOOL_COLLIDERS"}, {"collider1": "/fanuc_m710id_70/Geometry/world/base_link/J1_link/J2_link/J3_link/J4_link/J5_link/j5_1/j5_1", "collider2": "/fanuc_m710id_70/Geometry/world/base_link/J1_link/J2_link/J3_link/J4_link/J5_link/J6_link/CupCompressedCollision_19", "reason": "USER_APPROVED_SIMULATION_EXEMPTION", "scope": "OFFICIAL_J5_J6_VERSUS_OWNED_TOOL_COLLIDERS"}, {"collider1": "/fanuc_m710id_70/Geometry/world/base_link/J1_link/J2_link/J3_link/J4_link/J5_link/j5_1/j5_1", "collider2": "/fanuc_m710id_70/Geometry/world/base_link/J1_link/J2_link/J3_link/J4_link/J5_link/J6_link/CupCompressedCollision_20", "reason": "USER_APPROVED_SIMULATION_EXEMPTION", "scope": "OFFICIAL_J5_J6_VERSUS_OWNED_TOOL_COLLIDERS"}, {"collider1": "/fanuc_m710id_70/Geometry/world/base_link/J1_link/J2_link/J3_link/J4_link/J5_link/j5_1/j5_1", "collider2": "/fanuc_m710id_70/Geometry/world/base_link/J1_link/J2_link/J3_link/J4_link/J5_link/J6_link/CupCompressedCollision_21", "reason": "USER_APPROVED_SIMULATION_EXEMPTION", "scope": "OFFICIAL_J5_J6_VERSUS_OWNED_TOOL_COLLIDERS"}, {"collider1": "/fanuc_m710id_70/Geometry/world/base_link/J1_link/J2_link/J3_link/J4_link/J5_link/j5_1/j5_1", "collider2": "/fanuc_m710id_70/Geometry/world/base_link/J1_link/J2_link/J3_link/J4_link/J5_link/J6_link/CupCompressedCollision_22", "reason": "USER_APPROVED_SIMULATION_EXEMPTION", "scope": "OFFICIAL_J5_J6_VERSUS_OWNED_TOOL_COLLIDERS"}, {"collider1": "/fanuc_m710id_70/Geometry/world/base_link/J1_link/J2_link/J3_link/J4_link/J5_link/j5_1/j5_1", "collider2": "/fanuc_m710id_70/Geometry/world/base_link/J1_link/J2_link/J3_link/J4_link/J5_link/J6_link/CupCompressedCollision_23", "reason": "USER_APPROVED_SIMULATION_EXEMPTION", "scope": "OFFICIAL_J5_J6_VERSUS_OWNED_TOOL_COLLIDERS"}, {"collider1": "/fanuc_m710id_70/Geometry/world/base_link/J1_link/J2_link/J3_link/J4_link/J5_link/j5_1/j5_1", "collider2": "/fanuc_m710id_70/Geometry/world/base_link/J1_link/J2_link/J3_link/J4_link/J5_link/J6_link/CupCompressedCollision_24", "reason": "USER_APPROVED_SIMULATION_EXEMPTION", "scope": "OFFICIAL_J5_J6_VERSUS_OWNED_TOOL_COLLIDERS"}, {"collider1": "/fanuc_m710id_70/Geometry/world/base_link/J1_link/J2_link/J3_link/J4_link/J5_link/j5_1/j5_1", "collider2": "/fanuc_m710id_70/Geometry/world/base_link/J1_link/J2_link/J3_link/J4_link/J5_link/J6_link/CupCompressedCollision_25", "reason": "USER_APPROVED_SIMULATION_EXEMPTION", "scope": "OFFICIAL_J5_J6_VERSUS_OWNED_TOOL_COLLIDERS"}, {"collider1": "/fanuc_m710id_70/Geometry/world/base_link/J1_link/J2_link/J3_link/J4_link/J5_link/j5_1/j5_1", "collider2": "/fanuc_m710id_70/Geometry/world/base_link/J1_link/J2_link/J3_link/J4_link/J5_link/J6_link/CupCompressedCollision_26", "reason": "USER_APPROVED_SIMULATION_EXEMPTION", "scope": "OFFICIAL_J5_J6_VERSUS_OWNED_TOOL_COLLIDERS"}, {"collider1": "/fanuc_m710id_70/Geometry/world/base_link/J1_link/J2_link/J3_link/J4_link/J5_link/j5_1/j5_1", "collider2": "/fanuc_m710id_70/Geometry/world/base_link/J1_link/J2_link/J3_link/J4_link/J5_link/J6_link/CupCompressedCollision_27", "reason": "USER_APPROVED_SIMULATION_EXEMPTION", "scope": "OFFICIAL_J5_J6_VERSUS_OWNED_TOOL_COLLIDERS"}, {"collider1": "/fanuc_m710id_70/Geometry/world/base_link/J1_link/J2_link/J3_link/J4_link/J5_link/j5_1/j5_1", "collider2": "/fanuc_m710id_70/Geometry/world/base_link/J1_link/J2_link/J3_link/J4_link/J5_link/J6_link/CupCompressedCollision_28", "reason": "USER_APPROVED_SIMULATION_EXEMPTION", "scope": "OFFICIAL_J5_J6_VERSUS_OWNED_TOOL_COLLIDERS"}, {"collider1": "/fanuc_m710id_70/Geometry/world/base_link/J1_link/J2_link/J3_link/J4_link/J5_link/j5_1/j5_1", "collider2": "/fanuc_m710id_70/Geometry/world/base_link/J1_link/J2_link/J3_link/J4_link/J5_link/J6_link/CupCompressedCollision_29", "reason": "USER_APPROVED_SIMULATION_EXEMPTION", "scope": "OFFICIAL_J5_J6_VERSUS_OWNED_TOOL_COLLIDERS"}, {"collider1": "/fanuc_m710id_70/Geometry/world/base_link/J1_link/J2_link/J3_link/J4_link/J5_link/j5_1/j5_1", "collider2": "/fanuc_m710id_70/Geometry/world/base_link/J1_link/J2_link/J3_link/J4_link/J5_link/J6_link/CupCompressedCollision_30", "reason": "USER_APPROVED_SIMULATION_EXEMPTION", "scope": "OFFICIAL_J5_J6_VERSUS_OWNED_TOOL_COLLIDERS"}, {"collider1": "/fanuc_m710id_70/Geometry/world/base_link/J1_link/J2_link/J3_link/J4_link/J5_link/j5_1/j5_1", "collider2": "/fanuc_m710id_70/Geometry/world/base_link/J1_link/J2_link/J3_link/J4_link/J5_link/J6_link/CupCompressedCollision_31", "reason": "USER_APPROVED_SIMULATION_EXEMPTION", "scope": "OFFICIAL_J5_J6_VERSUS_OWNED_TOOL_COLLIDERS"}, {"collider1": "/fanuc_m710id_70/Geometry/world/base_link/J1_link/J2_link/J3_link/J4_link/J5_link/j5_1/j5_1", "collider2": "/fanuc_m710id_70/Geometry/world/base_link/J1_link/J2_link/J3_link/J4_link/J5_link/J6_link/CupCompressedCollision_32", "reason": "USER_APPROVED_SIMULATION_EXEMPTION", "scope": "OFFICIAL_J5_J6_VERSUS_OWNED_TOOL_COLLIDERS"}, {"collider1": "/fanuc_m710id_70/Geometry/world/base_link/J1_link/J2_link/J3_link/J4_link/J5_link/j5_1/j5_1", "collider2": "/fanuc_m710id_70/Geometry/world/base_link/J1_link/J2_link/J3_link/J4_link/J5_link/J6_link/CupCompressedCollision_33", "reason": "USER_APPROVED_SIMULATION_EXEMPTION", "scope": "OFFICIAL_J5_J6_VERSUS_OWNED_TOOL_COLLIDERS"}, {"collider1": "/fanuc_m710id_70/Geometry/world/base_link/J1_link/J2_link/J3_link/J4_link/J5_link/j5_1/j5_1", "collider2": "/fanuc_m710id_70/Geometry/world/base_link/J1_link/J2_link/J3_link/J4_link/J5_link/J6_link/CupCompressedCollision_34", "reason": "USER_APPROVED_SIMULATION_EXEMPTION", "scope": "OFFICIAL_J5_J6_VERSUS_OWNED_TOOL_COLLIDERS"}, {"collider1": "/fanuc_m710id_70/Geometry/world/base_link/J1_link/J2_link/J3_link/J4_link/J5_link/j5_1/j5_1", "collider2": "/fanuc_m710id_70/Geometry/world/base_link/J1_link/J2_link/J3_link/J4_link/J5_link/J6_link/CupCompressedCollision_35", "reason": "USER_APPROVED_SIMULATION_EXEMPTION", "scope": "OFFICIAL_J5_J6_VERSUS_OWNED_TOOL_COLLIDERS"}, {"collider1": "/fanuc_m710id_70/Geometry/world/base_link/J1_link/J2_link/J3_link/J4_link/J5_link/j5_1/j5_1", "collider2": "/fanuc_m710id_70/Geometry/world/base_link/J1_link/J2_link/J3_link/J4_link/J5_link/J6_link/CupCompressedCollision_36", "reason": "USER_APPROVED_SIMULATION_EXEMPTION", "scope": "OFFICIAL_J5_J6_VERSUS_OWNED_TOOL_COLLIDERS"}, {"collider1": "/fanuc_m710id_70/Geometry/world/base_link/J1_link/J2_link/J3_link/J4_link/J5_link/j5_1/j5_1", "collider2": "/fanuc_m710id_70/Geometry/world/base_link/J1_link/J2_link/J3_link/J4_link/J5_link/J6_link/CupCompressedCollision_37", "reason": "USER_APPROVED_SIMULATION_EXEMPTION", "scope": "OFFICIAL_J5_J6_VERSUS_OWNED_TOOL_COLLIDERS"}, {"collider1": "/fanuc_m710id_70/Geometry/world/base_link/J1_link/J2_link/J3_link/J4_link/J5_link/j5_1/j5_1", "collider2": "/fanuc_m710id_70/Geometry/world/base_link/J1_link/J2_link/J3_link/J4_link/J5_link/J6_link/CupCompressedCollision_38", "reason": "USER_APPROVED_SIMULATION_EXEMPTION", "scope": "OFFICIAL_J5_J6_VERSUS_OWNED_TOOL_COLLIDERS"}, {"collider1": "/fanuc_m710id_70/Geometry/world/base_link/J1_link/J2_link/J3_link/J4_link/J5_link/j5_1/j5_1", "collider2": "/fanuc_m710id_70/Geometry/world/base_link/J1_link/J2_link/J3_link/J4_link/J5_link/J6_link/CupCompressedCollision_39", "reason": "USER_APPROVED_SIMULATION_EXEMPTION", "scope": "OFFICIAL_J5_J6_VERSUS_OWNED_TOOL_COLLIDERS"}, {"collider1": "/fanuc_m710id_70/Geometry/world/base_link/J1_link/J2_link/J3_link/J4_link/J5_link/j5_1/j5_1", "collider2": "/fanuc_m710id_70/Geometry/world/base_link/J1_link/J2_link/J3_link/J4_link/J5_link/J6_link/CupCompressedCollision_40", "reason": "USER_APPROVED_SIMULATION_EXEMPTION", "scope": "OFFICIAL_J5_J6_VERSUS_OWNED_TOOL_COLLIDERS"}, {"collider1": "/fanuc_m710id_70/Geometry/world/base_link/J1_link/J2_link/J3_link/J4_link/J5_link/j5_1/j5_1", "collider2": "/fanuc_m710id_70/Geometry/world/base_link/J1_link/J2_link/J3_link/J4_link/J5_link/J6_link/CupCompressedCollision_41", "reason": "USER_APPROVED_SIMULATION_EXEMPTION", "scope": "OFFICIAL_J5_J6_VERSUS_OWNED_TOOL_COLLIDERS"}, {"collider1": "/fanuc_m710id_70/Geometry/world/base_link/J1_link/J2_link/J3_link/J4_link/J5_link/j5_1/j5_1", "collider2": "/fanuc_m710id_70/Geometry/world/base_link/J1_link/J2_link/J3_link/J4_link/J5_link/J6_link/CupCompressedCollision_42", "reason": "USER_APPROVED_SIMULATION_EXEMPTION", "scope": "OFFICIAL_J5_J6_VERSUS_OWNED_TOOL_COLLIDERS"}, {"collider1": "/fanuc_m710id_70/Geometry/world/base_link/J1_link/J2_link/J3_link/J4_link/J5_link/j5_1/j5_1", "collider2": "/fanuc_m710id_70/Geometry/world/base_link/J1_link/J2_link/J3_link/J4_link/J5_link/J6_link/CupCompressedCollision_43", "reason": "USER_APPROVED_SIMULATION_EXEMPTION", "scope": "OFFICIAL_J5_J6_VERSUS_OWNED_TOOL_COLLIDERS"}, {"collider1": "/fanuc_m710id_70/Geometry/world/base_link/J1_link/J2_link/J3_link/J4_link/J5_link/j5_1/j5_1", "collider2": "/fanuc_m710id_70/Geometry/world/base_link/J1_link/J2_link/J3_link/J4_link/J5_link/J6_link/CupCompressedCollision_44", "reason": "USER_APPROVED_SIMULATION_EXEMPTION", "scope": "OFFICIAL_J5_J6_VERSUS_OWNED_TOOL_COLLIDERS"}, {"collider1": "/fanuc_m710id_70/Geometry/world/base_link/J1_link/J2_link/J3_link/J4_link/J5_link/j5_1/j5_1", "collider2": "/fanuc_m710id_70/Geometry/world/base_link/J1_link/J2_link/J3_link/J4_link/J5_link/J6_link/CupCompressedCollision_45", "reason": "USER_APPROVED_SIMULATION_EXEMPTION", "scope": "OFFICIAL_J5_J6_VERSUS_OWNED_TOOL_COLLIDERS"}, {"collider1": "/fanuc_m710id_70/Geometry/world/base_link/J1_link/J2_link/J3_link/J4_link/J5_link/j5_1/j5_1", "collider2": "/fanuc_m710id_70/Geometry/world/base_link/J1_link/J2_link/J3_link/J4_link/J5_link/J6_link/CupCompressedCollision_46", "reason": "USER_APPROVED_SIMULATION_EXEMPTION", "scope": "OFFICIAL_J5_J6_VERSUS_OWNED_TOOL_COLLIDERS"}, {"collider1": "/fanuc_m710id_70/Geometry/world/base_link/J1_link/J2_link/J3_link/J4_link/J5_link/j5_1/j5_1", "collider2": "/fanuc_m710id_70/Geometry/world/base_link/J1_link/J2_link/J3_link/J4_link/J5_link/J6_link/CupCompressedCollision_47", "reason": "USER_APPROVED_SIMULATION_EXEMPTION", "scope": "OFFICIAL_J5_J6_VERSUS_OWNED_TOOL_COLLIDERS"}, {"collider1": "/fanuc_m710id_70/Geometry/world/base_link/J1_link/J2_link/J3_link/J4_link/J5_link/j5_1/j5_1", "collider2": "/fanuc_m710id_70/Geometry/world/base_link/J1_link/J2_link/J3_link/J4_link/J5_link/J6_link/CupCompressedCollision_48", "reason": "USER_APPROVED_SIMULATION_EXEMPTION", "scope": "OFFICIAL_J5_J6_VERSUS_OWNED_TOOL_COLLIDERS"}, {"collider1": "/fanuc_m710id_70/Geometry/world/base_link/J1_link/J2_link/J3_link/J4_link/J5_link/j5_1/j5_1", "collider2": "/fanuc_m710id_70/Geometry/world/base_link/J1_link/J2_link/J3_link/J4_link/J5_link/J6_link/CupCompressedCollision_49", "reason": "USER_APPROVED_SIMULATION_EXEMPTION", "scope": "OFFICIAL_J5_J6_VERSUS_OWNED_TOOL_COLLIDERS"}, {"collider1": "/fanuc_m710id_70/Geometry/world/base_link/J1_link/J2_link/J3_link/J4_link/J5_link/j5_1/j5_1", "collider2": "/fanuc_m710id_70/Geometry/world/base_link/J1_link/J2_link/J3_link/J4_link/J5_link/J6_link/CupCompressedCollision_50", "reason": "USER_APPROVED_SIMULATION_EXEMPTION", "scope": "OFFICIAL_J5_J6_VERSUS_OWNED_TOOL_COLLIDERS"}, {"collider1": "/fanuc_m710id_70/Geometry/world/base_link/J1_link/J2_link/J3_link/J4_link/J5_link/j5_1/j5_1", "collider2": "/fanuc_m710id_70/Geometry/world/base_link/J1_link/J2_link/J3_link/J4_link/J5_link/J6_link/CupCompressedCollision_51", "reason": "USER_APPROVED_SIMULATION_EXEMPTION", "scope": "OFFICIAL_J5_J6_VERSUS_OWNED_TOOL_COLLIDERS"}, {"collider1": "/fanuc_m710id_70/Geometry/world/base_link/J1_link/J2_link/J3_link/J4_link/J5_link/j5_1/j5_1", "collider2": "/fanuc_m710id_70/Geometry/world/base_link/J1_link/J2_link/J3_link/J4_link/J5_link/J6_link/CupCompressedCollision_52", "reason": "USER_APPROVED_SIMULATION_EXEMPTION", "scope": "OFFICIAL_J5_J6_VERSUS_OWNED_TOOL_COLLIDERS"}, {"collider1": "/fanuc_m710id_70/Geometry/world/base_link/J1_link/J2_link/J3_link/J4_link/J5_link/j5_1/j5_1", "collider2": "/fanuc_m710id_70/Geometry/world/base_link/J1_link/J2_link/J3_link/J4_link/J5_link/J6_link/CupCompressedCollision_53", "reason": "USER_APPROVED_SIMULATION_EXEMPTION", "scope": "OFFICIAL_J5_J6_VERSUS_OWNED_TOOL_COLLIDERS"}, {"collider1": "/fanuc_m710id_70/Geometry/world/base_link/J1_link/J2_link/J3_link/J4_link/J5_link/j5_1/j5_1", "collider2": "/fanuc_m710id_70/Geometry/world/base_link/J1_link/J2_link/J3_link/J4_link/J5_link/J6_link/CupCompressedCollision_54", "reason": "USER_APPROVED_SIMULATION_EXEMPTION", "scope": "OFFICIAL_J5_J6_VERSUS_OWNED_TOOL_COLLIDERS"}, {"collider1": "/fanuc_m710id_70/Geometry/world/base_link/J1_link/J2_link/J3_link/J4_link/J5_link/j5_1/j5_1", "collider2": "/fanuc_m710id_70/Geometry/world/base_link/J1_link/J2_link/J3_link/J4_link/J5_link/J6_link/CupCompressedCollision_55", "reason": "USER_APPROVED_SIMULATION_EXEMPTION", "scope": "OFFICIAL_J5_J6_VERSUS_OWNED_TOOL_COLLIDERS"}, {"collider1": "/fanuc_m710id_70/Geometry/world/base_link/J1_link/J2_link/J3_link/J4_link/J5_link/j5_1/j5_1", "collider2": "/fanuc_m710id_70/Geometry/world/base_link/J1_link/J2_link/J3_link/J4_link/J5_link/J6_link/CupCompressedCollision_56", "reason": "USER_APPROVED_SIMULATION_EXEMPTION", "scope": "OFFICIAL_J5_J6_VERSUS_OWNED_TOOL_COLLIDERS"}, {"collider1": "/fanuc_m710id_70/Geometry/world/base_link/J1_link/J2_link/J3_link/J4_link/J5_link/j5_1/j5_1", "collider2": "/fanuc_m710id_70/Geometry/world/base_link/J1_link/J2_link/J3_link/J4_link/J5_link/J6_link/CupCompressedCollision_57", "reason": "USER_APPROVED_SIMULATION_EXEMPTION", "scope": "OFFICIAL_J5_J6_VERSUS_OWNED_TOOL_COLLIDERS"}, {"collider1": "/fanuc_m710id_70/Geometry/world/base_link/J1_link/J2_link/J3_link/J4_link/J5_link/j5_1/j5_1", "collider2": "/fanuc_m710id_70/Geometry/world/base_link/J1_link/J2_link/J3_link/J4_link/J5_link/J6_link/CupCompressedCollision_58", "reason": "USER_APPROVED_SIMULATION_EXEMPTION", "scope": "OFFICIAL_J5_J6_VERSUS_OWNED_TOOL_COLLIDERS"}, {"collider1": "/fanuc_m710id_70/Geometry/world/base_link/J1_link/J2_link/J3_link/J4_link/J5_link/j5_1/j5_1", "collider2": "/fanuc_m710id_70/Geometry/world/base_link/J1_link/J2_link/J3_link/J4_link/J5_link/J6_link/CupCompressedCollision_59", "reason": "USER_APPROVED_SIMULATION_EXEMPTION", "scope": "OFFICIAL_J5_J6_VERSUS_OWNED_TOOL_COLLIDERS"}, {"collider1": "/fanuc_m710id_70/Geometry/world/base_link/J1_link/J2_link/J3_link/J4_link/J5_link/j5_1/j5_1", "collider2": "/fanuc_m710id_70/Geometry/world/base_link/J1_link/J2_link/J3_link/J4_link/J5_link/J6_link/CupCompressedCollision_60", "reason": "USER_APPROVED_SIMULATION_EXEMPTION", "scope": "OFFICIAL_J5_J6_VERSUS_OWNED_TOOL_COLLIDERS"}, {"collider1": "/fanuc_m710id_70/Geometry/world/base_link/J1_link/J2_link/J3_link/J4_link/J5_link/j5_1/j5_1", "collider2": "/fanuc_m710id_70/Geometry/world/base_link/J1_link/J2_link/J3_link/J4_link/J5_link/J6_link/CupCompressedCollision_61", "reason": "USER_APPROVED_SIMULATION_EXEMPTION", "scope": "OFFICIAL_J5_J6_VERSUS_OWNED_TOOL_COLLIDERS"}, {"collider1": "/fanuc_m710id_70/Geometry/world/base_link/J1_link/J2_link/J3_link/J4_link/J5_link/j5_1/j5_1", "collider2": "/fanuc_m710id_70/Geometry/world/base_link/J1_link/J2_link/J3_link/J4_link/J5_link/J6_link/CupCompressedCollision_62", "reason": "USER_APPROVED_SIMULATION_EXEMPTION", "scope": "OFFICIAL_J5_J6_VERSUS_OWNED_TOOL_COLLIDERS"}, {"collider1": "/fanuc_m710id_70/Geometry/world/base_link/J1_link/J2_link/J3_link/J4_link/J5_link/j5_1/j5_1", "collider2": "/fanuc_m710id_70/Geometry/world/base_link/J1_link/J2_link/J3_link/J4_link/J5_link/J6_link/CupCompressedCollision_63", "reason": "USER_APPROVED_SIMULATION_EXEMPTION", "scope": "OFFICIAL_J5_J6_VERSUS_OWNED_TOOL_COLLIDERS"}, {"collider1": "/fanuc_m710id_70/Geometry/world/base_link/J1_link/J2_link/J3_link/J4_link/J5_link/j5_1/j5_1", "collider2": "/fanuc_m710id_70/Geometry/world/base_link/J1_link/J2_link/J3_link/J4_link/J5_link/J6_link/CupCompressedCollision_64", "reason": "USER_APPROVED_SIMULATION_EXEMPTION", "scope": "OFFICIAL_J5_J6_VERSUS_OWNED_TOOL_COLLIDERS"}, {"collider1": "/fanuc_m710id_70/Geometry/world/base_link/J1_link/J2_link/J3_link/J4_link/J5_link/j5_1/j5_1", "collider2": "/fanuc_m710id_70/Geometry/world/base_link/J1_link/J2_link/J3_link/J4_link/J5_link/J6_link/CupCompressedCollision_65", "reason": "USER_APPROVED_SIMULATION_EXEMPTION", "scope": "OFFICIAL_J5_J6_VERSUS_OWNED_TOOL_COLLIDERS"}, {"collider1": "/fanuc_m710id_70/Geometry/world/base_link/J1_link/J2_link/J3_link/J4_link/J5_link/j5_1/j5_1", "collider2": "/fanuc_m710id_70/Geometry/world/base_link/J1_link/J2_link/J3_link/J4_link/J5_link/J6_link/CupCompressedCollision_66", "reason": "USER_APPROVED_SIMULATION_EXEMPTION", "scope": "OFFICIAL_J5_J6_VERSUS_OWNED_TOOL_COLLIDERS"}, {"collider1": "/fanuc_m710id_70/Geometry/world/base_link/J1_link/J2_link/J3_link/J4_link/J5_link/j5_1/j5_1", "collider2": "/fanuc_m710id_70/Geometry/world/base_link/J1_link/J2_link/J3_link/J4_link/J5_link/J6_link/CupCompressedCollision_67", "reason": "USER_APPROVED_SIMULATION_EXEMPTION", "scope": "OFFICIAL_J5_J6_VERSUS_OWNED_TOOL_COLLIDERS"}, {"collider1": "/fanuc_m710id_70/Geometry/world/base_link/J1_link/J2_link/J3_link/J4_link/J5_link/j5_1/j5_1", "collider2": "/fanuc_m710id_70/Geometry/world/base_link/J1_link/J2_link/J3_link/J4_link/J5_link/J6_link/CupCompressedCollision_68", "reason": "USER_APPROVED_SIMULATION_EXEMPTION", "scope": "OFFICIAL_J5_J6_VERSUS_OWNED_TOOL_COLLIDERS"}, {"collider1": "/fanuc_m710id_70/Geometry/world/base_link/J1_link/J2_link/J3_link/J4_link/J5_link/j5_1/j5_1", "collider2": "/fanuc_m710id_70/Geometry/world/base_link/J1_link/J2_link/J3_link/J4_link/J5_link/J6_link/CupCompressedCollision_69", "reason": "USER_APPROVED_SIMULATION_EXEMPTION", "scope": "OFFICIAL_J5_J6_VERSUS_OWNED_TOOL_COLLIDERS"}, {"collider1": "/fanuc_m710id_70/Geometry/world/base_link/J1_link/J2_link/J3_link/J4_link/J5_link/j5_1/j5_1", "collider2": "/fanuc_m710id_70/Geometry/world/base_link/J1_link/J2_link/J3_link/J4_link/J5_link/J6_link/CupCompressedCollision_70", "reason": "USER_APPROVED_SIMULATION_EXEMPTION", "scope": "OFFICIAL_J5_J6_VERSUS_OWNED_TOOL_COLLIDERS"}, {"collider1": "/fanuc_m710id_70/Geometry/world/base_link/J1_link/J2_link/J3_link/J4_link/J5_link/j5_1/j5_1", "collider2": "/fanuc_m710id_70/Geometry/world/base_link/J1_link/J2_link/J3_link/J4_link/J5_link/J6_link/CupCompressedCollision_71", "reason": "USER_APPROVED_SIMULATION_EXEMPTION", "scope": "OFFICIAL_J5_J6_VERSUS_OWNED_TOOL_COLLIDERS"}, {"collider1": "/fanuc_m710id_70/Geometry/world/base_link/J1_link/J2_link/J3_link/J4_link/J5_link/j5_1/j5_1", "collider2": "/fanuc_m710id_70/Geometry/world/base_link/J1_link/J2_link/J3_link/J4_link/J5_link/J6_link/SuctionToolRigidCollision_000", "reason": "USER_APPROVED_SIMULATION_EXEMPTION", "scope": "OFFICIAL_J5_J6_VERSUS_OWNED_TOOL_COLLIDERS"}, {"collider1": "/fanuc_m710id_70/Geometry/world/base_link/J1_link/J2_link/J3_link/J4_link/J5_link/j5_1/j5_1", "collider2": "/fanuc_m710id_70/Geometry/world/base_link/J1_link/J2_link/J3_link/J4_link/J5_link/J6_link/SuctionToolRigidCollision_001", "reason": "USER_APPROVED_SIMULATION_EXEMPTION", "scope": "OFFICIAL_J5_J6_VERSUS_OWNED_TOOL_COLLIDERS"}, {"collider1": "/fanuc_m710id_70/Geometry/world/base_link/J1_link/J2_link/J3_link/J4_link/J5_link/j5_1/j5_1", "collider2": "/fanuc_m710id_70/Geometry/world/base_link/J1_link/J2_link/J3_link/J4_link/J5_link/J6_link/SuctionToolRigidCollision_002", "reason": "USER_APPROVED_SIMULATION_EXEMPTION", "scope": "OFFICIAL_J5_J6_VERSUS_OWNED_TOOL_COLLIDERS"}, {"collider1": "/fanuc_m710id_70/Geometry/world/base_link/J1_link/J2_link/J3_link/J4_link/J5_link/j5_1/j5_1", "collider2": "/fanuc_m710id_70/Geometry/world/base_link/J1_link/J2_link/J3_link/J4_link/J5_link/J6_link/SuctionToolRigidCollision_003", "reason": "USER_APPROVED_SIMULATION_EXEMPTION", "scope": "OFFICIAL_J5_J6_VERSUS_OWNED_TOOL_COLLIDERS"}, {"collider1": "/fanuc_m710id_70/Geometry/world/base_link/J1_link/J2_link/J3_link/J4_link/J5_link/j5_1/j5_1", "collider2": "/fanuc_m710id_70/Geometry/world/base_link/J1_link/J2_link/J3_link/J4_link/J5_link/J6_link/SuctionToolRigidCollision_004", "reason": "USER_APPROVED_SIMULATION_EXEMPTION", "scope": "OFFICIAL_J5_J6_VERSUS_OWNED_TOOL_COLLIDERS"}, {"collider1": "/fanuc_m710id_70/Geometry/world/base_link/J1_link/J2_link/J3_link/J4_link/J5_link/j5_1/j5_1", "collider2": "/fanuc_m710id_70/Geometry/world/base_link/J1_link/J2_link/J3_link/J4_link/J5_link/J6_link/SuctionToolRigidCollision_005", "reason": "USER_APPROVED_SIMULATION_EXEMPTION", "scope": "OFFICIAL_J5_J6_VERSUS_OWNED_TOOL_COLLIDERS"}, {"collider1": "/fanuc_m710id_70/Geometry/world/base_link/J1_link/J2_link/J3_link/J4_link/J5_link/j5_1/j5_1", "collider2": "/fanuc_m710id_70/Geometry/world/base_link/J1_link/J2_link/J3_link/J4_link/J5_link/J6_link/SuctionToolRigidCollision_006", "reason": "USER_APPROVED_SIMULATION_EXEMPTION", "scope": "OFFICIAL_J5_J6_VERSUS_OWNED_TOOL_COLLIDERS"}, {"collider1": "/fanuc_m710id_70/Geometry/world/base_link/J1_link/J2_link/J3_link/J4_link/J5_link/j5_1/j5_1", "collider2": "/fanuc_m710id_70/Geometry/world/base_link/J1_link/J2_link/J3_link/J4_link/J5_link/J6_link/SuctionToolRigidCollision_007", "reason": "USER_APPROVED_SIMULATION_EXEMPTION", "scope": "OFFICIAL_J5_J6_VERSUS_OWNED_TOOL_COLLIDERS"}, {"collider1": "/fanuc_m710id_70/Geometry/world/base_link/J1_link/J2_link/J3_link/J4_link/J5_link/j5_1/j5_1", "collider2": "/fanuc_m710id_70/Geometry/world/base_link/J1_link/J2_link/J3_link/J4_link/J5_link/J6_link/SuctionToolRigidCollision_008", "reason": "USER_APPROVED_SIMULATION_EXEMPTION", "scope": "OFFICIAL_J5_J6_VERSUS_OWNED_TOOL_COLLIDERS"}, {"collider1": "/fanuc_m710id_70/Geometry/world/base_link/J1_link/J2_link/J3_link/J4_link/J5_link/j5_1/j5_1", "collider2": "/fanuc_m710id_70/Geometry/world/base_link/J1_link/J2_link/J3_link/J4_link/J5_link/J6_link/SuctionToolRigidCollision_009", "reason": "USER_APPROVED_SIMULATION_EXEMPTION", "scope": "OFFICIAL_J5_J6_VERSUS_OWNED_TOOL_COLLIDERS"}, {"collider1": "/fanuc_m710id_70/Geometry/world/base_link/J1_link/J2_link/J3_link/J4_link/J5_link/j5_1/j5_1", "collider2": "/fanuc_m710id_70/Geometry/world/base_link/J1_link/J2_link/J3_link/J4_link/J5_link/J6_link/SuctionToolRigidCollision_010", "reason": "USER_APPROVED_SIMULATION_EXEMPTION", "scope": "OFFICIAL_J5_J6_VERSUS_OWNED_TOOL_COLLIDERS"}, {"collider1": "/fanuc_m710id_70/Geometry/world/base_link/J1_link/J2_link/J3_link/J4_link/J5_link/j5_1/j5_1", "collider2": "/fanuc_m710id_70/Geometry/world/base_link/J1_link/J2_link/J3_link/J4_link/J5_link/J6_link/SuctionToolRigidCollision_011", "reason": "USER_APPROVED_SIMULATION_EXEMPTION", "scope": "OFFICIAL_J5_J6_VERSUS_OWNED_TOOL_COLLIDERS"}, {"collider1": "/fanuc_m710id_70/Geometry/world/base_link/J1_link/J2_link/J3_link/J4_link/J5_link/j5_1/j5_1", "collider2": "/fanuc_m710id_70/Geometry/world/base_link/J1_link/J2_link/J3_link/J4_link/J5_link/J6_link/SuctionToolRigidCollision_012", "reason": "USER_APPROVED_SIMULATION_EXEMPTION", "scope": "OFFICIAL_J5_J6_VERSUS_OWNED_TOOL_COLLIDERS"}, {"collider1": "/fanuc_m710id_70/Geometry/world/base_link/J1_link/J2_link/J3_link/J4_link/J5_link/j5_1/j5_1", "collider2": "/fanuc_m710id_70/Geometry/world/base_link/J1_link/J2_link/J3_link/J4_link/J5_link/J6_link/SuctionToolRigidCollision_013", "reason": "USER_APPROVED_SIMULATION_EXEMPTION", "scope": "OFFICIAL_J5_J6_VERSUS_OWNED_TOOL_COLLIDERS"}, {"collider1": "/fanuc_m710id_70/Geometry/world/base_link/J1_link/J2_link/J3_link/J4_link/J5_link/j5_1/j5_1", "collider2": "/fanuc_m710id_70/Geometry/world/base_link/J1_link/J2_link/J3_link/J4_link/J5_link/J6_link/SuctionToolRigidCollision_014", "reason": "USER_APPROVED_SIMULATION_EXEMPTION", "scope": "OFFICIAL_J5_J6_VERSUS_OWNED_TOOL_COLLIDERS"}, {"collider1": "/fanuc_m710id_70/Geometry/world/base_link/J1_link/J2_link/J3_link/J4_link/J5_link/j5_1/j5_1", "collider2": "/fanuc_m710id_70/Geometry/world/base_link/J1_link/J2_link/J3_link/J4_link/J5_link/J6_link/SuctionToolRigidCollision_015", "reason": "USER_APPROVED_SIMULATION_EXEMPTION", "scope": "OFFICIAL_J5_J6_VERSUS_OWNED_TOOL_COLLIDERS"}, {"collider1": "/fanuc_m710id_70/Geometry/world/base_link/J1_link/J2_link/J3_link/J4_link/J5_link/j5_1/j5_1", "collider2": "/fanuc_m710id_70/Geometry/world/base_link/J1_link/J2_link/J3_link/J4_link/J5_link/J6_link/SuctionToolRigidCollision_016", "reason": "USER_APPROVED_SIMULATION_EXEMPTION", "scope": "OFFICIAL_J5_J6_VERSUS_OWNED_TOOL_COLLIDERS"}, {"collider1": "/fanuc_m710id_70/Geometry/world/base_link/J1_link/J2_link/J3_link/J4_link/J5_link/j5_1/j5_1", "collider2": "/fanuc_m710id_70/Geometry/world/base_link/J1_link/J2_link/J3_link/J4_link/J5_link/J6_link/SuctionToolRigidCollision_017", "reason": "USER_APPROVED_SIMULATION_EXEMPTION", "scope": "OFFICIAL_J5_J6_VERSUS_OWNED_TOOL_COLLIDERS"}, {"collider1": "/fanuc_m710id_70/Geometry/world/base_link/J1_link/J2_link/J3_link/J4_link/J5_link/j5_1/j5_1", "collider2": "/fanuc_m710id_70/Geometry/world/base_link/J1_link/J2_link/J3_link/J4_link/J5_link/J6_link/SuctionToolRigidCollision_018", "reason": "USER_APPROVED_SIMULATION_EXEMPTION", "scope": "OFFICIAL_J5_J6_VERSUS_OWNED_TOOL_COLLIDERS"}, {"collider1": "/fanuc_m710id_70/Geometry/world/base_link/J1_link/J2_link/J3_link/J4_link/J5_link/j5_1/j5_1", "collider2": "/fanuc_m710id_70/Geometry/world/base_link/J1_link/J2_link/J3_link/J4_link/J5_link/J6_link/SuctionToolRigidCollision_019", "reason": "USER_APPROVED_SIMULATION_EXEMPTION", "scope": "OFFICIAL_J5_J6_VERSUS_OWNED_TOOL_COLLIDERS"}, {"collider1": "/fanuc_m710id_70/Geometry/world/base_link/J1_link/J2_link/J3_link/J4_link/J5_link/j5_1/j5_1", "collider2": "/fanuc_m710id_70/Geometry/world/base_link/J1_link/J2_link/J3_link/J4_link/J5_link/J6_link/SuctionToolRigidCollision_020", "reason": "USER_APPROVED_SIMULATION_EXEMPTION", "scope": "OFFICIAL_J5_J6_VERSUS_OWNED_TOOL_COLLIDERS"}, {"collider1": "/fanuc_m710id_70/Geometry/world/base_link/J1_link/J2_link/J3_link/J4_link/J5_link/j5_1/j5_1", "collider2": "/fanuc_m710id_70/Geometry/world/base_link/J1_link/J2_link/J3_link/J4_link/J5_link/J6_link/SuctionToolRigidCollision_021", "reason": "USER_APPROVED_SIMULATION_EXEMPTION", "scope": "OFFICIAL_J5_J6_VERSUS_OWNED_TOOL_COLLIDERS"}, {"collider1": "/fanuc_m710id_70/Geometry/world/base_link/J1_link/J2_link/J3_link/J4_link/J5_link/j5_1/j5_1", "collider2": "/fanuc_m710id_70/Geometry/world/base_link/J1_link/J2_link/J3_link/J4_link/J5_link/J6_link/SuctionToolRigidCollision_022", "reason": "USER_APPROVED_SIMULATION_EXEMPTION", "scope": "OFFICIAL_J5_J6_VERSUS_OWNED_TOOL_COLLIDERS"}, {"collider1": "/fanuc_m710id_70/Geometry/world/base_link/J1_link/J2_link/J3_link/J4_link/J5_link/j5_1/j5_1", "collider2": "/fanuc_m710id_70/Geometry/world/base_link/J1_link/J2_link/J3_link/J4_link/J5_link/J6_link/SuctionToolRigidCollision_023", "reason": "USER_APPROVED_SIMULATION_EXEMPTION", "scope": "OFFICIAL_J5_J6_VERSUS_OWNED_TOOL_COLLIDERS"}, {"collider1": "/fanuc_m710id_70/Geometry/world/base_link/J1_link/J2_link/J3_link/J4_link/J5_link/j5_1/j5_1", "collider2": "/fanuc_m710id_70/Geometry/world/base_link/J1_link/J2_link/J3_link/J4_link/J5_link/J6_link/SuctionToolRigidCollision_024", "reason": "USER_APPROVED_SIMULATION_EXEMPTION", "scope": "OFFICIAL_J5_J6_VERSUS_OWNED_TOOL_COLLIDERS"}, {"collider1": "/fanuc_m710id_70/Geometry/world/base_link/J1_link/J2_link/J3_link/J4_link/J5_link/j5_1/j5_1", "collider2": "/fanuc_m710id_70/Geometry/world/base_link/J1_link/J2_link/J3_link/J4_link/J5_link/J6_link/SuctionToolRigidCollision_025", "reason": "USER_APPROVED_SIMULATION_EXEMPTION", "scope": "OFFICIAL_J5_J6_VERSUS_OWNED_TOOL_COLLIDERS"}, {"collider1": "/fanuc_m710id_70/Geometry/world/base_link/J1_link/J2_link/J3_link/J4_link/J5_link/j5_1/j5_1", "collider2": "/fanuc_m710id_70/Geometry/world/base_link/J1_link/J2_link/J3_link/J4_link/J5_link/J6_link/SuctionToolRigidCollision_026", "reason": "USER_APPROVED_SIMULATION_EXEMPTION", "scope": "OFFICIAL_J5_J6_VERSUS_OWNED_TOOL_COLLIDERS"}, {"collider1": "/fanuc_m710id_70/Geometry/world/base_link/J1_link/J2_link/J3_link/J4_link/J5_link/j5_1/j5_1", "collider2": "/fanuc_m710id_70/Geometry/world/base_link/J1_link/J2_link/J3_link/J4_link/J5_link/J6_link/SuctionToolRigidCollision_027", "reason": "USER_APPROVED_SIMULATION_EXEMPTION", "scope": "OFFICIAL_J5_J6_VERSUS_OWNED_TOOL_COLLIDERS"}, {"collider1": "/fanuc_m710id_70/Geometry/world/base_link/J1_link/J2_link/J3_link/J4_link/J5_link/j5_1/j5_1", "collider2": "/fanuc_m710id_70/Geometry/world/base_link/J1_link/J2_link/J3_link/J4_link/J5_link/J6_link/SuctionToolRigidCollision_028", "reason": "USER_APPROVED_SIMULATION_EXEMPTION", "scope": "OFFICIAL_J5_J6_VERSUS_OWNED_TOOL_COLLIDERS"}, {"collider1": "/fanuc_m710id_70/Geometry/world/base_link/J1_link/J2_link/J3_link/J4_link/J5_link/j5_1/j5_1", "collider2": "/fanuc_m710id_70/Geometry/world/base_link/J1_link/J2_link/J3_link/J4_link/J5_link/J6_link/SuctionToolRigidCollision_029", "reason": "USER_APPROVED_SIMULATION_EXEMPTION", "scope": "OFFICIAL_J5_J6_VERSUS_OWNED_TOOL_COLLIDERS"}, {"collider1": "/fanuc_m710id_70/Geometry/world/base_link/J1_link/J2_link/J3_link/J4_link/J5_link/j5_1/j5_1", "collider2": "/fanuc_m710id_70/Geometry/world/base_link/J1_link/J2_link/J3_link/J4_link/J5_link/J6_link/SuctionToolRigidCollision_030", "reason": "USER_APPROVED_SIMULATION_EXEMPTION", "scope": "OFFICIAL_J5_J6_VERSUS_OWNED_TOOL_COLLIDERS"}, {"collider1": "/fanuc_m710id_70/Geometry/world/base_link/J1_link/J2_link/J3_link/J4_link/J5_link/j5_1/j5_1", "collider2": "/fanuc_m710id_70/Geometry/world/base_link/J1_link/J2_link/J3_link/J4_link/J5_link/J6_link/SuctionToolRigidCollision_031", "reason": "USER_APPROVED_SIMULATION_EXEMPTION", "scope": "OFFICIAL_J5_J6_VERSUS_OWNED_TOOL_COLLIDERS"}, {"collider1": "/fanuc_m710id_70/Geometry/world/base_link/J1_link/J2_link/J3_link/J4_link/J5_link/j5_1/j5_1", "collider2": "/fanuc_m710id_70/Geometry/world/base_link/J1_link/J2_link/J3_link/J4_link/J5_link/J6_link/SuctionToolRigidCollision_032", "reason": "USER_APPROVED_SIMULATION_EXEMPTION", "scope": "OFFICIAL_J5_J6_VERSUS_OWNED_TOOL_COLLIDERS"}, {"collider1": "/fanuc_m710id_70/Geometry/world/base_link/J1_link/J2_link/J3_link/J4_link/J5_link/j5_1/j5_1", "collider2": "/fanuc_m710id_70/Geometry/world/base_link/J1_link/J2_link/J3_link/J4_link/J5_link/J6_link/SuctionToolRigidCollision_033", "reason": "USER_APPROVED_SIMULATION_EXEMPTION", "scope": "OFFICIAL_J5_J6_VERSUS_OWNED_TOOL_COLLIDERS"}, {"collider1": "/fanuc_m710id_70/Geometry/world/base_link/J1_link/J2_link/J3_link/J4_link/J5_link/j5_1/j5_1", "collider2": "/fanuc_m710id_70/Geometry/world/base_link/J1_link/J2_link/J3_link/J4_link/J5_link/J6_link/SuctionToolRigidCollision_034", "reason": "USER_APPROVED_SIMULATION_EXEMPTION", "scope": "OFFICIAL_J5_J6_VERSUS_OWNED_TOOL_COLLIDERS"}, {"collider1": "/fanuc_m710id_70/Geometry/world/base_link/J1_link/J2_link/J3_link/J4_link/J5_link/j5_1/j5_1", "collider2": "/fanuc_m710id_70/Geometry/world/base_link/J1_link/J2_link/J3_link/J4_link/J5_link/J6_link/SuctionToolRigidCollision_035", "reason": "USER_APPROVED_SIMULATION_EXEMPTION", "scope": "OFFICIAL_J5_J6_VERSUS_OWNED_TOOL_COLLIDERS"}, {"collider1": "/fanuc_m710id_70/Geometry/world/base_link/J1_link/J2_link/J3_link/J4_link/J5_link/j5_1/j5_1", "collider2": "/fanuc_m710id_70/Geometry/world/base_link/J1_link/J2_link/J3_link/J4_link/J5_link/J6_link/SuctionToolRigidCollision_036", "reason": "USER_APPROVED_SIMULATION_EXEMPTION", "scope": "OFFICIAL_J5_J6_VERSUS_OWNED_TOOL_COLLIDERS"}, {"collider1": "/fanuc_m710id_70/Geometry/world/base_link/J1_link/J2_link/J3_link/J4_link/J5_link/j5_1/j5_1", "collider2": "/fanuc_m710id_70/Geometry/world/base_link/J1_link/J2_link/J3_link/J4_link/J5_link/J6_link/SuctionToolRigidCollision_037", "reason": "USER_APPROVED_SIMULATION_EXEMPTION", "scope": "OFFICIAL_J5_J6_VERSUS_OWNED_TOOL_COLLIDERS"}, {"collider1": "/fanuc_m710id_70/Geometry/world/base_link/J1_link/J2_link/J3_link/J4_link/J5_link/j5_1/j5_1", "collider2": "/fanuc_m710id_70/Geometry/world/base_link/J1_link/J2_link/J3_link/J4_link/J5_link/J6_link/SuctionToolRigidCollision_038", "reason": "USER_APPROVED_SIMULATION_EXEMPTION", "scope": "OFFICIAL_J5_J6_VERSUS_OWNED_TOOL_COLLIDERS"}, {"collider1": "/fanuc_m710id_70/Geometry/world/base_link/J1_link/J2_link/J3_link/J4_link/J5_link/j5_1/j5_1", "collider2": "/fanuc_m710id_70/Geometry/world/base_link/J1_link/J2_link/J3_link/J4_link/J5_link/J6_link/SuctionToolRigidCollision_039", "reason": "USER_APPROVED_SIMULATION_EXEMPTION", "scope": "OFFICIAL_J5_J6_VERSUS_OWNED_TOOL_COLLIDERS"}, {"collider1": "/fanuc_m710id_70/Geometry/world/base_link/J1_link/J2_link/J3_link/J4_link/J5_link/j5_1/j5_1", "collider2": "/fanuc_m710id_70/Geometry/world/base_link/J1_link/J2_link/J3_link/J4_link/J5_link/J6_link/SuctionToolRigidCollision_040", "reason": "USER_APPROVED_SIMULATION_EXEMPTION", "scope": "OFFICIAL_J5_J6_VERSUS_OWNED_TOOL_COLLIDERS"}, {"collider1": "/fanuc_m710id_70/Geometry/world/base_link/J1_link/J2_link/J3_link/J4_link/J5_link/j5_1/j5_1", "collider2": "/fanuc_m710id_70/Geometry/world/base_link/J1_link/J2_link/J3_link/J4_link/J5_link/J6_link/SuctionToolRigidCollision_041", "reason": "USER_APPROVED_SIMULATION_EXEMPTION", "scope": "OFFICIAL_J5_J6_VERSUS_OWNED_TOOL_COLLIDERS"}, {"collider1": "/fanuc_m710id_70/Geometry/world/base_link/J1_link/J2_link/J3_link/J4_link/J5_link/j5_1/j5_1", "collider2": "/fanuc_m710id_70/Geometry/world/base_link/J1_link/J2_link/J3_link/J4_link/J5_link/J6_link/SuctionToolRigidCollision_042", "reason": "USER_APPROVED_SIMULATION_EXEMPTION", "scope": "OFFICIAL_J5_J6_VERSUS_OWNED_TOOL_COLLIDERS"}, {"collider1": "/fanuc_m710id_70/Geometry/world/base_link/J1_link/J2_link/J3_link/J4_link/J5_link/j5_1/j5_1", "collider2": "/fanuc_m710id_70/Geometry/world/base_link/J1_link/J2_link/J3_link/J4_link/J5_link/J6_link/SuctionToolRigidCollision_043", "reason": "USER_APPROVED_SIMULATION_EXEMPTION", "scope": "OFFICIAL_J5_J6_VERSUS_OWNED_TOOL_COLLIDERS"}, {"collider1": "/fanuc_m710id_70/Geometry/world/base_link/J1_link/J2_link/J3_link/J4_link/J5_link/j5_1/j5_1", "collider2": "/fanuc_m710id_70/Geometry/world/base_link/J1_link/J2_link/J3_link/J4_link/J5_link/J6_link/SuctionToolRigidCollision_044", "reason": "USER_APPROVED_SIMULATION_EXEMPTION", "scope": "OFFICIAL_J5_J6_VERSUS_OWNED_TOOL_COLLIDERS"}, {"collider1": "/fanuc_m710id_70/Geometry/world/base_link/J1_link/J2_link/J3_link/J4_link/J5_link/j5_1/j5_1", "collider2": "/fanuc_m710id_70/Geometry/world/base_link/J1_link/J2_link/J3_link/J4_link/J5_link/J6_link/SuctionToolRigidCollision_045", "reason": "USER_APPROVED_SIMULATION_EXEMPTION", "scope": "OFFICIAL_J5_J6_VERSUS_OWNED_TOOL_COLLIDERS"}, {"collider1": "/fanuc_m710id_70/Geometry/world/base_link/J1_link/J2_link/J3_link/J4_link/J5_link/j5_1/j5_1", "collider2": "/fanuc_m710id_70/Geometry/world/base_link/J1_link/J2_link/J3_link/J4_link/J5_link/J6_link/SuctionToolRigidCollision_046", "reason": "USER_APPROVED_SIMULATION_EXEMPTION", "scope": "OFFICIAL_J5_J6_VERSUS_OWNED_TOOL_COLLIDERS"}, {"collider1": "/fanuc_m710id_70/Geometry/world/base_link/J1_link/J2_link/J3_link/J4_link/J5_link/j5_1/j5_1", "collider2": "/fanuc_m710id_70/Geometry/world/base_link/J1_link/J2_link/J3_link/J4_link/J5_link/J6_link/SuctionToolRigidCollision_047", "reason": "USER_APPROVED_SIMULATION_EXEMPTION", "scope": "OFFICIAL_J5_J6_VERSUS_OWNED_TOOL_COLLIDERS"}, {"collider1": "/fanuc_m710id_70/Geometry/world/base_link/J1_link/J2_link/J3_link/J4_link/J5_link/j5_1/j5_1", "collider2": "/fanuc_m710id_70/Geometry/world/base_link/J1_link/J2_link/J3_link/J4_link/J5_link/J6_link/SuctionToolRigidCollision_048", "reason": "USER_APPROVED_SIMULATION_EXEMPTION", "scope": "OFFICIAL_J5_J6_VERSUS_OWNED_TOOL_COLLIDERS"}, {"collider1": "/fanuc_m710id_70/Geometry/world/base_link/J1_link/J2_link/J3_link/J4_link/J5_link/j5_1/j5_1", "collider2": "/fanuc_m710id_70/Geometry/world/base_link/J1_link/J2_link/J3_link/J4_link/J5_link/J6_link/SuctionToolRigidCollision_049", "reason": "USER_APPROVED_SIMULATION_EXEMPTION", "scope": "OFFICIAL_J5_J6_VERSUS_OWNED_TOOL_COLLIDERS"}, {"collider1": "/fanuc_m710id_70/Geometry/world/base_link/J1_link/J2_link/J3_link/J4_link/J5_link/j5_1/j5_1", "collider2": "/fanuc_m710id_70/Geometry/world/base_link/J1_link/J2_link/J3_link/J4_link/J5_link/J6_link/SuctionToolRigidCollision_050", "reason": "USER_APPROVED_SIMULATION_EXEMPTION", "scope": "OFFICIAL_J5_J6_VERSUS_OWNED_TOOL_COLLIDERS"}, {"collider1": "/fanuc_m710id_70/Geometry/world/base_link/J1_link/J2_link/J3_link/J4_link/J5_link/j5_1/j5_1", "collider2": "/fanuc_m710id_70/Geometry/world/base_link/J1_link/J2_link/J3_link/J4_link/J5_link/J6_link/SuctionToolRigidCollision_051", "reason": "USER_APPROVED_SIMULATION_EXEMPTION", "scope": "OFFICIAL_J5_J6_VERSUS_OWNED_TOOL_COLLIDERS"}, {"collider1": "/fanuc_m710id_70/Geometry/world/base_link/J1_link/J2_link/J3_link/J4_link/J5_link/j5_1/j5_1", "collider2": "/fanuc_m710id_70/Geometry/world/base_link/J1_link/J2_link/J3_link/J4_link/J5_link/J6_link/SuctionToolRigidCollision_052", "reason": "USER_APPROVED_SIMULATION_EXEMPTION", "scope": "OFFICIAL_J5_J6_VERSUS_OWNED_TOOL_COLLIDERS"}, {"collider1": "/fanuc_m710id_70/Geometry/world/base_link/J1_link/J2_link/J3_link/J4_link/J5_link/j5_1/j5_1", "collider2": "/fanuc_m710id_70/Geometry/world/base_link/J1_link/J2_link/J3_link/J4_link/J5_link/J6_link/SuctionToolRigidCollision_053", "reason": "USER_APPROVED_SIMULATION_EXEMPTION", "scope": "OFFICIAL_J5_J6_VERSUS_OWNED_TOOL_COLLIDERS"}, {"collider1": "/fanuc_m710id_70/Geometry/world/base_link/J1_link/J2_link/J3_link/J4_link/J5_link/j5_1/j5_1", "collider2": "/fanuc_m710id_70/Geometry/world/base_link/J1_link/J2_link/J3_link/J4_link/J5_link/J6_link/SuctionToolRigidCollision_054", "reason": "USER_APPROVED_SIMULATION_EXEMPTION", "scope": "OFFICIAL_J5_J6_VERSUS_OWNED_TOOL_COLLIDERS"}, {"collider1": "/fanuc_m710id_70/Geometry/world/base_link/J1_link/J2_link/J3_link/J4_link/J5_link/j5_1/j5_1", "collider2": "/fanuc_m710id_70/Geometry/world/base_link/J1_link/J2_link/J3_link/J4_link/J5_link/J6_link/SuctionToolRigidCollision_055", "reason": "USER_APPROVED_SIMULATION_EXEMPTION", "scope": "OFFICIAL_J5_J6_VERSUS_OWNED_TOOL_COLLIDERS"}, {"collider1": "/fanuc_m710id_70/Geometry/world/base_link/J1_link/J2_link/J3_link/J4_link/J5_link/j5_1/j5_1", "collider2": "/fanuc_m710id_70/Geometry/world/base_link/J1_link/J2_link/J3_link/J4_link/J5_link/J6_link/SuctionToolRigidCollision_056", "reason": "USER_APPROVED_SIMULATION_EXEMPTION", "scope": "OFFICIAL_J5_J6_VERSUS_OWNED_TOOL_COLLIDERS"}, {"collider1": "/fanuc_m710id_70/Geometry/world/base_link/J1_link/J2_link/J3_link/J4_link/J5_link/j5_1/j5_1", "collider2": "/fanuc_m710id_70/Geometry/world/base_link/J1_link/J2_link/J3_link/J4_link/J5_link/J6_link/SuctionToolRigidCollision_057", "reason": "USER_APPROVED_SIMULATION_EXEMPTION", "scope": "OFFICIAL_J5_J6_VERSUS_OWNED_TOOL_COLLIDERS"}, {"collider1": "/fanuc_m710id_70/Geometry/world/base_link/J1_link/J2_link/J3_link/J4_link/J5_link/j5_1/j5_1", "collider2": "/fanuc_m710id_70/Geometry/world/base_link/J1_link/J2_link/J3_link/J4_link/J5_link/J6_link/SuctionToolRigidCollision_058", "reason": "USER_APPROVED_SIMULATION_EXEMPTION", "scope": "OFFICIAL_J5_J6_VERSUS_OWNED_TOOL_COLLIDERS"}, {"collider1": "/fanuc_m710id_70/Geometry/world/base_link/J1_link/J2_link/J3_link/J4_link/J5_link/j5_1/j5_1", "collider2": "/fanuc_m710id_70/Geometry/world/base_link/J1_link/J2_link/J3_link/J4_link/J5_link/J6_link/SuctionToolRigidCollision_059", "reason": "USER_APPROVED_SIMULATION_EXEMPTION", "scope": "OFFICIAL_J5_J6_VERSUS_OWNED_TOOL_COLLIDERS"}, {"collider1": "/fanuc_m710id_70/Geometry/world/base_link/J1_link/J2_link/J3_link/J4_link/J5_link/j5_1/j5_1", "collider2": "/fanuc_m710id_70/Geometry/world/base_link/J1_link/J2_link/J3_link/J4_link/J5_link/J6_link/SuctionToolRigidCollision_060", "reason": "USER_APPROVED_SIMULATION_EXEMPTION", "scope": "OFFICIAL_J5_J6_VERSUS_OWNED_TOOL_COLLIDERS"}, {"collider1": "/fanuc_m710id_70/Geometry/world/base_link/J1_link/J2_link/J3_link/J4_link/J5_link/j5_1/j5_1", "collider2": "/fanuc_m710id_70/Geometry/world/base_link/J1_link/J2_link/J3_link/J4_link/J5_link/J6_link/SuctionToolRigidCollision_061", "reason": "USER_APPROVED_SIMULATION_EXEMPTION", "scope": "OFFICIAL_J5_J6_VERSUS_OWNED_TOOL_COLLIDERS"}, {"collider1": "/fanuc_m710id_70/Geometry/world/base_link/J1_link/J2_link/J3_link/J4_link/J5_link/j5_1/j5_1", "collider2": "/fanuc_m710id_70/Geometry/world/base_link/J1_link/J2_link/J3_link/J4_link/J5_link/J6_link/SuctionToolRigidCollision_062", "reason": "USER_APPROVED_SIMULATION_EXEMPTION", "scope": "OFFICIAL_J5_J6_VERSUS_OWNED_TOOL_COLLIDERS"}, {"collider1": "/fanuc_m710id_70/Geometry/world/base_link/J1_link/J2_link/J3_link/J4_link/J5_link/j5_1/j5_1", "collider2": "/fanuc_m710id_70/Geometry/world/base_link/J1_link/J2_link/J3_link/J4_link/J5_link/J6_link/SuctionToolRigidCollision_063", "reason": "USER_APPROVED_SIMULATION_EXEMPTION", "scope": "OFFICIAL_J5_J6_VERSUS_OWNED_TOOL_COLLIDERS"}, {"collider1": "/fanuc_m710id_70/Geometry/world/base_link/J1_link/J2_link/J3_link/J4_link/J5_link/j5_1/j5_1", "collider2": "/fanuc_m710id_70/Geometry/world/base_link/J1_link/J2_link/J3_link/J4_link/J5_link/J6_link/SuctionToolRigidCollision_064", "reason": "USER_APPROVED_SIMULATION_EXEMPTION", "scope": "OFFICIAL_J5_J6_VERSUS_OWNED_TOOL_COLLIDERS"}, {"collider1": "/fanuc_m710id_70/Geometry/world/base_link/J1_link/J2_link/J3_link/J4_link/J5_link/j5_1/j5_1", "collider2": "/fanuc_m710id_70/Geometry/world/base_link/J1_link/J2_link/J3_link/J4_link/J5_link/J6_link/SuctionToolRigidCollision_065", "reason": "USER_APPROVED_SIMULATION_EXEMPTION", "scope": "OFFICIAL_J5_J6_VERSUS_OWNED_TOOL_COLLIDERS"}, {"collider1": "/fanuc_m710id_70/Geometry/world/base_link/J1_link/J2_link/J3_link/J4_link/J5_link/j5_1/j5_1", "collider2": "/fanuc_m710id_70/Geometry/world/base_link/J1_link/J2_link/J3_link/J4_link/J5_link/J6_link/SuctionToolRigidCollision_066", "reason": "USER_APPROVED_SIMULATION_EXEMPTION", "scope": "OFFICIAL_J5_J6_VERSUS_OWNED_TOOL_COLLIDERS"}, {"collider1": "/fanuc_m710id_70/Geometry/world/base_link/J1_link/J2_link/J3_link/J4_link/J5_link/j5_1/j5_1", "collider2": "/fanuc_m710id_70/Geometry/world/base_link/J1_link/J2_link/J3_link/J4_link/J5_link/J6_link/SuctionToolRigidCollision_067", "reason": "USER_APPROVED_SIMULATION_EXEMPTION", "scope": "OFFICIAL_J5_J6_VERSUS_OWNED_TOOL_COLLIDERS"}, {"collider1": "/fanuc_m710id_70/Geometry/world/base_link/J1_link/J2_link/J3_link/J4_link/J5_link/j5_1/j5_1", "collider2": "/fanuc_m710id_70/Geometry/world/base_link/J1_link/J2_link/J3_link/J4_link/J5_link/J6_link/SuctionToolRigidCollision_068", "reason": "USER_APPROVED_SIMULATION_EXEMPTION", "scope": "OFFICIAL_J5_J6_VERSUS_OWNED_TOOL_COLLIDERS"}, {"collider1": "/fanuc_m710id_70/Geometry/world/base_link/J1_link/J2_link/J3_link/J4_link/J5_link/j5_1/j5_1", "collider2": "/fanuc_m710id_70/Geometry/world/base_link/J1_link/J2_link/J3_link/J4_link/J5_link/J6_link/SuctionToolRigidCollision_069", "reason": "USER_APPROVED_SIMULATION_EXEMPTION", "scope": "OFFICIAL_J5_J6_VERSUS_OWNED_TOOL_COLLIDERS"}, {"collider1": "/fanuc_m710id_70/Geometry/world/base_link/J1_link/J2_link/J3_link/J4_link/J5_link/j5_1/j5_1", "collider2": "/fanuc_m710id_70/Geometry/world/base_link/J1_link/J2_link/J3_link/J4_link/J5_link/J6_link/SuctionToolRigidCollision_070", "reason": "USER_APPROVED_SIMULATION_EXEMPTION", "scope": "OFFICIAL_J5_J6_VERSUS_OWNED_TOOL_COLLIDERS"}, {"collider1": "/fanuc_m710id_70/Geometry/world/base_link/J1_link/J2_link/J3_link/J4_link/J5_link/j5_1/j5_1", "collider2": "/fanuc_m710id_70/Geometry/world/base_link/J1_link/J2_link/J3_link/J4_link/J5_link/J6_link/SuctionToolRigidCollision_071", "reason": "USER_APPROVED_SIMULATION_EXEMPTION", "scope": "OFFICIAL_J5_J6_VERSUS_OWNED_TOOL_COLLIDERS"}, {"collider1": "/fanuc_m710id_70/Geometry/world/base_link/J1_link/J2_link/J3_link/J4_link/J5_link/j5_1/j5_1", "collider2": "/fanuc_m710id_70/Geometry/world/base_link/J1_link/J2_link/J3_link/J4_link/J5_link/J6_link/SuctionToolRigidCollision_072", "reason": "USER_APPROVED_SIMULATION_EXEMPTION", "scope": "OFFICIAL_J5_J6_VERSUS_OWNED_TOOL_COLLIDERS"}, {"collider1": "/fanuc_m710id_70/Geometry/world/base_link/J1_link/J2_link/J3_link/J4_link/J5_link/j5_1/j5_1", "collider2": "/fanuc_m710id_70/Geometry/world/base_link/J1_link/J2_link/J3_link/J4_link/J5_link/J6_link/SuctionToolRigidCollision_073", "reason": "USER_APPROVED_SIMULATION_EXEMPTION", "scope": "OFFICIAL_J5_J6_VERSUS_OWNED_TOOL_COLLIDERS"}, {"collider1": "/fanuc_m710id_70/Geometry/world/base_link/J1_link/J2_link/J3_link/J4_link/J5_link/j5_1/j5_1", "collider2": "/fanuc_m710id_70/Geometry/world/base_link/J1_link/J2_link/J3_link/J4_link/J5_link/J6_link/SuctionToolRigidCollision_074", "reason": "USER_APPROVED_SIMULATION_EXEMPTION", "scope": "OFFICIAL_J5_J6_VERSUS_OWNED_TOOL_COLLIDERS"}, {"collider1": "/fanuc_m710id_70/Geometry/world/base_link/J1_link/J2_link/J3_link/J4_link/J5_link/j5_1/j5_1", "collider2": "/fanuc_m710id_70/Geometry/world/base_link/J1_link/J2_link/J3_link/J4_link/J5_link/J6_link/SuctionToolRigidCollision_075", "reason": "USER_APPROVED_SIMULATION_EXEMPTION", "scope": "OFFICIAL_J5_J6_VERSUS_OWNED_TOOL_COLLIDERS"}, {"collider1": "/fanuc_m710id_70/Geometry/world/base_link/J1_link/J2_link/J3_link/J4_link/J5_link/j5_1/j5_1", "collider2": "/fanuc_m710id_70/Geometry/world/base_link/J1_link/J2_link/J3_link/J4_link/J5_link/J6_link/SuctionToolRigidCollision_076", "reason": "USER_APPROVED_SIMULATION_EXEMPTION", "scope": "OFFICIAL_J5_J6_VERSUS_OWNED_TOOL_COLLIDERS"}, {"collider1": "/fanuc_m710id_70/Geometry/world/base_link/J1_link/J2_link/J3_link/J4_link/J5_link/j5_1/j5_1", "collider2": "/fanuc_m710id_70/Geometry/world/base_link/J1_link/J2_link/J3_link/J4_link/J5_link/J6_link/SuctionToolRigidCollision_077", "reason": "USER_APPROVED_SIMULATION_EXEMPTION", "scope": "OFFICIAL_J5_J6_VERSUS_OWNED_TOOL_COLLIDERS"}, {"collider1": "/fanuc_m710id_70/Geometry/world/base_link/J1_link/J2_link/J3_link/J4_link/J5_link/j5_1/j5_1", "collider2": "/fanuc_m710id_70/Geometry/world/base_link/J1_link/J2_link/J3_link/J4_link/J5_link/J6_link/SuctionToolRigidCollision_078", "reason": "USER_APPROVED_SIMULATION_EXEMPTION", "scope": "OFFICIAL_J5_J6_VERSUS_OWNED_TOOL_COLLIDERS"}, {"collider1": "/fanuc_m710id_70/Geometry/world/base_link/J1_link/J2_link/J3_link/J4_link/J5_link/j5_1/j5_1", "collider2": "/fanuc_m710id_70/Geometry/world/base_link/J1_link/J2_link/J3_link/J4_link/J5_link/J6_link/SuctionToolRigidCollision_079", "reason": "USER_APPROVED_SIMULATION_EXEMPTION", "scope": "OFFICIAL_J5_J6_VERSUS_OWNED_TOOL_COLLIDERS"}, {"collider1": "/fanuc_m710id_70/Geometry/world/base_link/J1_link/J2_link/J3_link/J4_link/J5_link/j5_1/j5_1", "collider2": "/fanuc_m710id_70/Geometry/world/base_link/J1_link/J2_link/J3_link/J4_link/J5_link/J6_link/SuctionToolRigidCollision_080", "reason": "USER_APPROVED_SIMULATION_EXEMPTION", "scope": "OFFICIAL_J5_J6_VERSUS_OWNED_TOOL_COLLIDERS"}, {"collider1": "/fanuc_m710id_70/Geometry/world/base_link/J1_link/J2_link/J3_link/J4_link/J5_link/j5_1/j5_1", "collider2": "/fanuc_m710id_70/Geometry/world/base_link/J1_link/J2_link/J3_link/J4_link/J5_link/J6_link/SuctionToolRigidCollision_081", "reason": "USER_APPROVED_SIMULATION_EXEMPTION", "scope": "OFFICIAL_J5_J6_VERSUS_OWNED_TOOL_COLLIDERS"}, {"collider1": "/fanuc_m710id_70/Geometry/world/base_link/J1_link/J2_link/J3_link/J4_link/J5_link/j5_1/j5_1", "collider2": "/fanuc_m710id_70/Geometry/world/base_link/J1_link/J2_link/J3_link/J4_link/J5_link/J6_link/SuctionToolRigidCollision_082", "reason": "USER_APPROVED_SIMULATION_EXEMPTION", "scope": "OFFICIAL_J5_J6_VERSUS_OWNED_TOOL_COLLIDERS"}, {"collider1": "/fanuc_m710id_70/Geometry/world/base_link/J1_link/J2_link/J3_link/J4_link/J5_link/j5_1/j5_1", "collider2": "/fanuc_m710id_70/Geometry/world/base_link/J1_link/J2_link/J3_link/J4_link/J5_link/J6_link/SuctionToolRigidCollision_083", "reason": "USER_APPROVED_SIMULATION_EXEMPTION", "scope": "OFFICIAL_J5_J6_VERSUS_OWNED_TOOL_COLLIDERS"}, {"collider1": "/fanuc_m710id_70/Geometry/world/base_link/J1_link/J2_link/J3_link/J4_link/J5_link/j5_1/j5_1", "collider2": "/fanuc_m710id_70/Geometry/world/base_link/J1_link/J2_link/J3_link/J4_link/J5_link/J6_link/SuctionToolRigidCollision_084", "reason": "USER_APPROVED_SIMULATION_EXEMPTION", "scope": "OFFICIAL_J5_J6_VERSUS_OWNED_TOOL_COLLIDERS"}, {"collider1": "/fanuc_m710id_70/Geometry/world/base_link/J1_link/J2_link/J3_link/J4_link/J5_link/j5_1/j5_1", "collider2": "/fanuc_m710id_70/Geometry/world/base_link/J1_link/J2_link/J3_link/J4_link/J5_link/J6_link/SuctionToolRigidCollision_085", "reason": "USER_APPROVED_SIMULATION_EXEMPTION", "scope": "OFFICIAL_J5_J6_VERSUS_OWNED_TOOL_COLLIDERS"}, {"collider1": "/fanuc_m710id_70/Geometry/world/base_link/J1_link/J2_link/J3_link/J4_link/J5_link/j5_1/j5_1", "collider2": "/fanuc_m710id_70/Geometry/world/base_link/J1_link/J2_link/J3_link/J4_link/J5_link/J6_link/SuctionToolRigidCollision_086", "reason": "USER_APPROVED_SIMULATION_EXEMPTION", "scope": "OFFICIAL_J5_J6_VERSUS_OWNED_TOOL_COLLIDERS"}, {"collider1": "/fanuc_m710id_70/Geometry/world/base_link/J1_link/J2_link/J3_link/J4_link/J5_link/j5_1/j5_1", "collider2": "/fanuc_m710id_70/Geometry/world/base_link/J1_link/J2_link/J3_link/J4_link/J5_link/J6_link/SuctionToolRigidCollision_087", "reason": "USER_APPROVED_SIMULATION_EXEMPTION", "scope": "OFFICIAL_J5_J6_VERSUS_OWNED_TOOL_COLLIDERS"}, {"collider1": "/fanuc_m710id_70/Geometry/world/base_link/J1_link/J2_link/J3_link/J4_link/J5_link/j5_1/j5_1", "collider2": "/fanuc_m710id_70/Geometry/world/base_link/J1_link/J2_link/J3_link/J4_link/J5_link/J6_link/SuctionToolRigidCollision_088", "reason": "USER_APPROVED_SIMULATION_EXEMPTION", "scope": "OFFICIAL_J5_J6_VERSUS_OWNED_TOOL_COLLIDERS"}, {"collider1": "/fanuc_m710id_70/Geometry/world/base_link/J1_link/J2_link/J3_link/J4_link/J5_link/j5_1/j5_1", "collider2": "/fanuc_m710id_70/Geometry/world/base_link/J1_link/J2_link/J3_link/J4_link/J5_link/J6_link/SuctionToolRigidCollision_089", "reason": "USER_APPROVED_SIMULATION_EXEMPTION", "scope": "OFFICIAL_J5_J6_VERSUS_OWNED_TOOL_COLLIDERS"}, {"collider1": "/fanuc_m710id_70/Geometry/world/base_link/J1_link/J2_link/J3_link/J4_link/J5_link/j5_1/j5_1", "collider2": "/fanuc_m710id_70/Geometry/world/base_link/J1_link/J2_link/J3_link/J4_link/J5_link/J6_link/SuctionToolRigidCollision_090", "reason": "USER_APPROVED_SIMULATION_EXEMPTION", "scope": "OFFICIAL_J5_J6_VERSUS_OWNED_TOOL_COLLIDERS"}, {"collider1": "/fanuc_m710id_70/Geometry/world/base_link/J1_link/J2_link/J3_link/J4_link/J5_link/j5_1/j5_1", "collider2": "/fanuc_m710id_70/Geometry/world/base_link/J1_link/J2_link/J3_link/J4_link/J5_link/J6_link/SuctionToolRigidCollision_091", "reason": "USER_APPROVED_SIMULATION_EXEMPTION", "scope": "OFFICIAL_J5_J6_VERSUS_OWNED_TOOL_COLLIDERS"}, {"collider1": "/fanuc_m710id_70/Geometry/world/base_link/J1_link/J2_link/J3_link/J4_link/J5_link/j5_1/j5_1", "collider2": "/fanuc_m710id_70/Geometry/world/base_link/J1_link/J2_link/J3_link/J4_link/J5_link/J6_link/SuctionToolRigidCollision_092", "reason": "USER_APPROVED_SIMULATION_EXEMPTION", "scope": "OFFICIAL_J5_J6_VERSUS_OWNED_TOOL_COLLIDERS"}, {"collider1": "/fanuc_m710id_70/Geometry/world/base_link/J1_link/J2_link/J3_link/J4_link/J5_link/j5_1/j5_1", "collider2": "/fanuc_m710id_70/Geometry/world/base_link/J1_link/J2_link/J3_link/J4_link/J5_link/J6_link/SuctionToolRigidCollision_093", "reason": "USER_APPROVED_SIMULATION_EXEMPTION", "scope": "OFFICIAL_J5_J6_VERSUS_OWNED_TOOL_COLLIDERS"}, {"collider1": "/fanuc_m710id_70/Geometry/world/base_link/J1_link/J2_link/J3_link/J4_link/J5_link/j5_1/j5_1", "collider2": "/fanuc_m710id_70/Geometry/world/base_link/J1_link/J2_link/J3_link/J4_link/J5_link/J6_link/SuctionToolRigidCollision_094", "reason": "USER_APPROVED_SIMULATION_EXEMPTION", "scope": "OFFICIAL_J5_J6_VERSUS_OWNED_TOOL_COLLIDERS"}, {"collider1": "/fanuc_m710id_70/Geometry/world/base_link/J1_link/J2_link/J3_link/J4_link/J5_link/j5_1/j5_1", "collider2": "/fanuc_m710id_70/Geometry/world/base_link/J1_link/J2_link/J3_link/J4_link/J5_link/J6_link/SuctionToolRigidCollision_095", "reason": "USER_APPROVED_SIMULATION_EXEMPTION", "scope": "OFFICIAL_J5_J6_VERSUS_OWNED_TOOL_COLLIDERS"}, {"collider1": "/fanuc_m710id_70/Geometry/world/base_link/J1_link/J2_link/J3_link/J4_link/J5_link/j5_1/j5_1", "collider2": "/fanuc_m710id_70/Geometry/world/base_link/J1_link/J2_link/J3_link/J4_link/J5_link/J6_link/SuctionToolRigidCollision_096", "reason": "USER_APPROVED_SIMULATION_EXEMPTION", "scope": "OFFICIAL_J5_J6_VERSUS_OWNED_TOOL_COLLIDERS"}, {"collider1": "/fanuc_m710id_70/Geometry/world/base_link/J1_link/J2_link/J3_link/J4_link/J5_link/j5_1/j5_1", "collider2": "/fanuc_m710id_70/Geometry/world/base_link/J1_link/J2_link/J3_link/J4_link/J5_link/J6_link/SuctionToolRigidCollision_097", "reason": "USER_APPROVED_SIMULATION_EXEMPTION", "scope": "OFFICIAL_J5_J6_VERSUS_OWNED_TOOL_COLLIDERS"}, {"collider1": "/fanuc_m710id_70/Geometry/world/base_link/J1_link/J2_link/J3_link/J4_link/J5_link/j5_1/j5_1", "collider2": "/fanuc_m710id_70/Geometry/world/base_link/J1_link/J2_link/J3_link/J4_link/J5_link/J6_link/SuctionToolRigidCollision_098", "reason": "USER_APPROVED_SIMULATION_EXEMPTION", "scope": "OFFICIAL_J5_J6_VERSUS_OWNED_TOOL_COLLIDERS"}, {"collider1": "/fanuc_m710id_70/Geometry/world/base_link/J1_link/J2_link/J3_link/J4_link/J5_link/j5_1/j5_1", "collider2": "/fanuc_m710id_70/Geometry/world/base_link/J1_link/J2_link/J3_link/J4_link/J5_link/J6_link/SuctionToolRigidCollision_099", "reason": "USER_APPROVED_SIMULATION_EXEMPTION", "scope": "OFFICIAL_J5_J6_VERSUS_OWNED_TOOL_COLLIDERS"}, {"collider1": "/fanuc_m710id_70/Geometry/world/base_link/J1_link/J2_link/J3_link/J4_link/J5_link/j5_1/j5_1", "collider2": "/fanuc_m710id_70/Geometry/world/base_link/J1_link/J2_link/J3_link/J4_link/J5_link/J6_link/SuctionToolRigidCollision_100", "reason": "USER_APPROVED_SIMULATION_EXEMPTION", "scope": "OFFICIAL_J5_J6_VERSUS_OWNED_TOOL_COLLIDERS"}, {"collider1": "/fanuc_m710id_70/Geometry/world/base_link/J1_link/J2_link/J3_link/J4_link/J5_link/j5_1/j5_1", "collider2": "/fanuc_m710id_70/Geometry/world/base_link/J1_link/J2_link/J3_link/J4_link/J5_link/J6_link/SuctionToolRigidCollision_101", "reason": "USER_APPROVED_SIMULATION_EXEMPTION", "scope": "OFFICIAL_J5_J6_VERSUS_OWNED_TOOL_COLLIDERS"}, {"collider1": "/fanuc_m710id_70/Geometry/world/base_link/J1_link/J2_link/J3_link/J4_link/J5_link/j5_1/j5_1", "collider2": "/fanuc_m710id_70/Geometry/world/base_link/J1_link/J2_link/J3_link/J4_link/J5_link/J6_link/SuctionToolRigidCollision_102", "reason": "USER_APPROVED_SIMULATION_EXEMPTION", "scope": "OFFICIAL_J5_J6_VERSUS_OWNED_TOOL_COLLIDERS"}, {"collider1": "/fanuc_m710id_70/Geometry/world/base_link/J1_link/J2_link/J3_link/J4_link/J5_link/j5_1/j5_1", "collider2": "/fanuc_m710id_70/Geometry/world/base_link/J1_link/J2_link/J3_link/J4_link/J5_link/J6_link/SuctionToolRigidCollision_103", "reason": "USER_APPROVED_SIMULATION_EXEMPTION", "scope": "OFFICIAL_J5_J6_VERSUS_OWNED_TOOL_COLLIDERS"}, {"collider1": "/fanuc_m710id_70/Geometry/world/base_link/J1_link/J2_link/J3_link/J4_link/J5_link/j5_1/j5_1", "collider2": "/fanuc_m710id_70/Geometry/world/base_link/J1_link/J2_link/J3_link/J4_link/J5_link/J6_link/SuctionToolRigidCollision_104", "reason": "USER_APPROVED_SIMULATION_EXEMPTION", "scope": "OFFICIAL_J5_J6_VERSUS_OWNED_TOOL_COLLIDERS"}, {"collider1": "/fanuc_m710id_70/Geometry/world/base_link/J1_link/J2_link/J3_link/J4_link/J5_link/j5_1/j5_1", "collider2": "/fanuc_m710id_70/Geometry/world/base_link/J1_link/J2_link/J3_link/J4_link/J5_link/J6_link/SuctionToolRigidCollision_105", "reason": "USER_APPROVED_SIMULATION_EXEMPTION", "scope": "OFFICIAL_J5_J6_VERSUS_OWNED_TOOL_COLLIDERS"}, {"collider1": "/fanuc_m710id_70/Geometry/world/base_link/J1_link/J2_link/J3_link/J4_link/J5_link/j5_1/j5_1", "collider2": "/fanuc_m710id_70/Geometry/world/base_link/J1_link/J2_link/J3_link/J4_link/J5_link/J6_link/SuctionToolRigidCollision_106", "reason": "USER_APPROVED_SIMULATION_EXEMPTION", "scope": "OFFICIAL_J5_J6_VERSUS_OWNED_TOOL_COLLIDERS"}, {"collider1": "/fanuc_m710id_70/Geometry/world/base_link/J1_link/J2_link/J3_link/J4_link/J5_link/j5_1/j5_1", "collider2": "/fanuc_m710id_70/Geometry/world/base_link/J1_link/J2_link/J3_link/J4_link/J5_link/J6_link/SuctionToolRigidCollision_107", "reason": "USER_APPROVED_SIMULATION_EXEMPTION", "scope": "OFFICIAL_J5_J6_VERSUS_OWNED_TOOL_COLLIDERS"}, {"collider1": "/fanuc_m710id_70/Geometry/world/base_link/J1_link/J2_link/J3_link/J4_link/J5_link/j5_1/j5_1", "collider2": "/fanuc_m710id_70/Geometry/world/base_link/J1_link/J2_link/J3_link/J4_link/J5_link/J6_link/SuctionToolRigidCollision_108", "reason": "USER_APPROVED_SIMULATION_EXEMPTION", "scope": "OFFICIAL_J5_J6_VERSUS_OWNED_TOOL_COLLIDERS"}, {"collider1": "/fanuc_m710id_70/Geometry/world/base_link/J1_link/J2_link/J3_link/J4_link/J5_link/j5_1/j5_1", "collider2": "/fanuc_m710id_70/Geometry/world/base_link/J1_link/J2_link/J3_link/J4_link/J5_link/J6_link/SuctionToolRigidCollision_109", "reason": "USER_APPROVED_SIMULATION_EXEMPTION", "scope": "OFFICIAL_J5_J6_VERSUS_OWNED_TOOL_COLLIDERS"}, {"collider1": "/fanuc_m710id_70/Geometry/world/base_link/J1_link/J2_link/J3_link/J4_link/J5_link/j5_1/j5_1", "collider2": "/fanuc_m710id_70/Geometry/world/base_link/J1_link/J2_link/J3_link/J4_link/J5_link/J6_link/SuctionToolRigidCollision_110", "reason": "USER_APPROVED_SIMULATION_EXEMPTION", "scope": "OFFICIAL_J5_J6_VERSUS_OWNED_TOOL_COLLIDERS"}, {"collider1": "/fanuc_m710id_70/Geometry/world/base_link/J1_link/J2_link/J3_link/J4_link/J5_link/j5_1/j5_1", "collider2": "/fanuc_m710id_70/Geometry/world/base_link/J1_link/J2_link/J3_link/J4_link/J5_link/J6_link/SuctionToolRigidCollision_111", "reason": "USER_APPROVED_SIMULATION_EXEMPTION", "scope": "OFFICIAL_J5_J6_VERSUS_OWNED_TOOL_COLLIDERS"}, {"collider1": "/fanuc_m710id_70/Geometry/world/base_link/J1_link/J2_link/J3_link/J4_link/J5_link/j5_1/j5_1", "collider2": "/fanuc_m710id_70/Geometry/world/base_link/J1_link/J2_link/J3_link/J4_link/J5_link/J6_link/SuctionToolRigidCollision_112", "reason": "USER_APPROVED_SIMULATION_EXEMPTION", "scope": "OFFICIAL_J5_J6_VERSUS_OWNED_TOOL_COLLIDERS"}, {"collider1": "/fanuc_m710id_70/Geometry/world/base_link/J1_link/J2_link/J3_link/J4_link/J5_link/j5_1/j5_1", "collider2": "/fanuc_m710id_70/Geometry/world/base_link/J1_link/J2_link/J3_link/J4_link/J5_link/J6_link/SuctionToolRigidCollision_113", "reason": "USER_APPROVED_SIMULATION_EXEMPTION", "scope": "OFFICIAL_J5_J6_VERSUS_OWNED_TOOL_COLLIDERS"}, {"collider1": "/fanuc_m710id_70/Geometry/world/base_link/J1_link/J2_link/J3_link/J4_link/J5_link/j5_1/j5_1", "collider2": "/fanuc_m710id_70/Geometry/world/base_link/J1_link/J2_link/J3_link/J4_link/J5_link/J6_link/SuctionToolRigidCollision_114", "reason": "USER_APPROVED_SIMULATION_EXEMPTION", "scope": "OFFICIAL_J5_J6_VERSUS_OWNED_TOOL_COLLIDERS"}, {"collider1": "/fanuc_m710id_70/Geometry/world/base_link/J1_link/J2_link/J3_link/J4_link/J5_link/j5_1/j5_1", "collider2": "/fanuc_m710id_70/Geometry/world/base_link/J1_link/J2_link/J3_link/J4_link/J5_link/J6_link/SuctionToolRigidCollision_115", "reason": "USER_APPROVED_SIMULATION_EXEMPTION", "scope": "OFFICIAL_J5_J6_VERSUS_OWNED_TOOL_COLLIDERS"}, {"collider1": "/fanuc_m710id_70/Geometry/world/base_link/J1_link/J2_link/J3_link/J4_link/J5_link/j5_1/j5_1", "collider2": "/fanuc_m710id_70/Geometry/world/base_link/J1_link/J2_link/J3_link/J4_link/J5_link/J6_link/SuctionToolRigidCollision_116", "reason": "USER_APPROVED_SIMULATION_EXEMPTION", "scope": "OFFICIAL_J5_J6_VERSUS_OWNED_TOOL_COLLIDERS"}, {"collider1": "/fanuc_m710id_70/Geometry/world/base_link/J1_link/J2_link/J3_link/J4_link/J5_link/j5_1/j5_1", "collider2": "/fanuc_m710id_70/Geometry/world/base_link/J1_link/J2_link/J3_link/J4_link/J5_link/J6_link/SuctionToolRigidCollision_117", "reason": "USER_APPROVED_SIMULATION_EXEMPTION", "scope": "OFFICIAL_J5_J6_VERSUS_OWNED_TOOL_COLLIDERS"}, {"collider1": "/fanuc_m710id_70/Geometry/world/base_link/J1_link/J2_link/J3_link/J4_link/J5_link/j5_1/j5_1", "collider2": "/fanuc_m710id_70/Geometry/world/base_link/J1_link/J2_link/J3_link/J4_link/J5_link/J6_link/SuctionToolRigidCollision_118", "reason": "USER_APPROVED_SIMULATION_EXEMPTION", "scope": "OFFICIAL_J5_J6_VERSUS_OWNED_TOOL_COLLIDERS"}, {"collider1": "/fanuc_m710id_70/Geometry/world/base_link/J1_link/J2_link/J3_link/J4_link/J5_link/j5_1/j5_1", "collider2": "/fanuc_m710id_70/Geometry/world/base_link/J1_link/J2_link/J3_link/J4_link/J5_link/J6_link/SuctionToolRigidCollision_119", "reason": "USER_APPROVED_SIMULATION_EXEMPTION", "scope": "OFFICIAL_J5_J6_VERSUS_OWNED_TOOL_COLLIDERS"}, {"collider1": "/fanuc_m710id_70/Geometry/world/base_link/J1_link/J2_link/J3_link/J4_link/J5_link/j5_1/j5_1", "collider2": "/fanuc_m710id_70/Geometry/world/base_link/J1_link/J2_link/J3_link/J4_link/J5_link/J6_link/SuctionToolRigidCollision_120", "reason": "USER_APPROVED_SIMULATION_EXEMPTION", "scope": "OFFICIAL_J5_J6_VERSUS_OWNED_TOOL_COLLIDERS"}, {"collider1": "/fanuc_m710id_70/Geometry/world/base_link/J1_link/J2_link/J3_link/J4_link/J5_link/j5_1/j5_1", "collider2": "/fanuc_m710id_70/Geometry/world/base_link/J1_link/J2_link/J3_link/J4_link/J5_link/J6_link/SuctionToolRigidCollision_121", "reason": "USER_APPROVED_SIMULATION_EXEMPTION", "scope": "OFFICIAL_J5_J6_VERSUS_OWNED_TOOL_COLLIDERS"}, {"collider1": "/fanuc_m710id_70/Geometry/world/base_link/J1_link/J2_link/J3_link/J4_link/J5_link/j5_1/j5_1", "collider2": "/fanuc_m710id_70/Geometry/world/base_link/J1_link/J2_link/J3_link/J4_link/J5_link/J6_link/SuctionToolRigidCollision_122", "reason": "USER_APPROVED_SIMULATION_EXEMPTION", "scope": "OFFICIAL_J5_J6_VERSUS_OWNED_TOOL_COLLIDERS"}, {"collider1": "/fanuc_m710id_70/Geometry/world/base_link/J1_link/J2_link/J3_link/J4_link/J5_link/j5_1/j5_1", "collider2": "/fanuc_m710id_70/Geometry/world/base_link/J1_link/J2_link/J3_link/J4_link/J5_link/J6_link/SuctionToolRigidCollision_123", "reason": "USER_APPROVED_SIMULATION_EXEMPTION", "scope": "OFFICIAL_J5_J6_VERSUS_OWNED_TOOL_COLLIDERS"}, {"collider1": "/fanuc_m710id_70/Geometry/world/base_link/J1_link/J2_link/J3_link/J4_link/J5_link/j5_1/j5_1", "collider2": "/fanuc_m710id_70/Geometry/world/base_link/J1_link/J2_link/J3_link/J4_link/J5_link/J6_link/SuctionToolRigidCollision_124", "reason": "USER_APPROVED_SIMULATION_EXEMPTION", "scope": "OFFICIAL_J5_J6_VERSUS_OWNED_TOOL_COLLIDERS"}, {"collider1": "/fanuc_m710id_70/Geometry/world/base_link/J1_link/J2_link/J3_link/J4_link/J5_link/j5_1/j5_1", "collider2": "/fanuc_m710id_70/Geometry/world/base_link/J1_link/J2_link/J3_link/J4_link/J5_link/J6_link/SuctionToolRigidCollision_125", "reason": "USER_APPROVED_SIMULATION_EXEMPTION", "scope": "OFFICIAL_J5_J6_VERSUS_OWNED_TOOL_COLLIDERS"}, {"collider1": "/fanuc_m710id_70/Geometry/world/base_link/J1_link/J2_link/J3_link/J4_link/J5_link/j5_1/j5_1", "collider2": "/fanuc_m710id_70/Geometry/world/base_link/J1_link/J2_link/J3_link/J4_link/J5_link/J6_link/SuctionToolRigidCollision_126", "reason": "USER_APPROVED_SIMULATION_EXEMPTION", "scope": "OFFICIAL_J5_J6_VERSUS_OWNED_TOOL_COLLIDERS"}, {"collider1": "/fanuc_m710id_70/Geometry/world/base_link/J1_link/J2_link/J3_link/J4_link/J5_link/j5_1/j5_1", "collider2": "/fanuc_m710id_70/Geometry/world/base_link/J1_link/J2_link/J3_link/J4_link/J5_link/J6_link/SuctionToolRigidCollision_127", "reason": "USER_APPROVED_SIMULATION_EXEMPTION", "scope": "OFFICIAL_J5_J6_VERSUS_OWNED_TOOL_COLLIDERS"}, {"collider1": "/fanuc_m710id_70/Geometry/world/base_link/J1_link/J2_link/J3_link/J4_link/J5_link/j5_1/j5_1", "collider2": "/fanuc_m710id_70/Geometry/world/base_link/J1_link/J2_link/J3_link/J4_link/J5_link/J6_link/SuctionToolRigidCollision_128", "reason": "USER_APPROVED_SIMULATION_EXEMPTION", "scope": "OFFICIAL_J5_J6_VERSUS_OWNED_TOOL_COLLIDERS"}, {"collider1": "/fanuc_m710id_70/Geometry/world/base_link/J1_link/J2_link/J3_link/J4_link/J5_link/j5_1/j5_1", "collider2": "/fanuc_m710id_70/Geometry/world/base_link/J1_link/J2_link/J3_link/J4_link/J5_link/J6_link/SuctionToolRigidCollision_129", "reason": "USER_APPROVED_SIMULATION_EXEMPTION", "scope": "OFFICIAL_J5_J6_VERSUS_OWNED_TOOL_COLLIDERS"}], "zero_point_contact_resolution": {"grants_contact_permission": false, "pending": [], "pending_count": 0, "unresolved_scope_exit_or_run_end": "FAIL_CLOSED"}}
2026-09-28T06:42:14Z [10,811ms] [Warning] [omni.syntheticdata.plugin] OgnSdPostRenderVarToHost : rendervar copy from texture directly to host buffer is counter-performant. Please use copy from texture to device buffer first.
[10.933s] [ext: omni.physx.fabric-110.1.13] startup
2026-09-28T06:42:14Z [10,939ms] [Warning] [omni.physx.plugin] Per-joint collision setting is ignored for articulations. (/fanuc_m710id_70/Physics/J1)
2026-09-28T06:42:14Z [10,939ms] [Warning] [omni.physx.plugin] Per-joint collision setting is ignored for articulations. (/fanuc_m710id_70/Physics/J2)
2026-09-28T06:42:14Z [10,939ms] [Warning] [omni.physx.plugin] Per-joint collision setting is ignored for articulations. (/fanuc_m710id_70/Physics/J3)
2026-09-28T06:42:14Z [10,939ms] [Warning] [omni.physx.plugin] Per-joint collision setting is ignored for articulations. (/fanuc_m710id_70/Physics/J4)
2026-09-28T06:42:14Z [10,940ms] [Warning] [omni.physx.plugin] Per-joint collision setting is ignored for articulations. (/fanuc_m710id_70/Physics/J5)
2026-09-28T06:42:14Z [10,940ms] [Warning] [omni.physx.plugin] Per-joint collision setting is ignored for articulations. (/fanuc_m710id_70/Physics/J6)
2026-09-28T06:42:15Z [11,201ms] [Warning] [omni.physx.plugin] Per-joint collision setting is ignored for articulations. (/fanuc_m710id_70/Physics/J1)
2026-09-28T06:42:15Z [11,201ms] [Warning] [omni.physx.plugin] Per-joint collision setting is ignored for articulations. (/fanuc_m710id_70/Physics/J2)
2026-09-28T06:42:15Z [11,201ms] [Warning] [omni.physx.plugin] Per-joint collision setting is ignored for articulations. (/fanuc_m710id_70/Physics/J3)
2026-09-28T06:42:15Z [11,201ms] [Warning] [omni.physx.plugin] Per-joint collision setting is ignored for articulations. (/fanuc_m710id_70/Physics/J4)
2026-09-28T06:42:15Z [11,201ms] [Warning] [omni.physx.plugin] Per-joint collision setting is ignored for articulations. (/fanuc_m710id_70/Physics/J5)
2026-09-28T06:42:15Z [11,201ms] [Warning] [omni.physx.plugin] Per-joint collision setting is ignored for articulations. (/fanuc_m710id_70/Physics/J6)
2026-09-28T06:42:15Z [11,218ms] [Warning] [carb] Plugin interface for a client: omni.hydratexture.plugin was already released.
2026-09-28T06:46:38Z [274,887ms] [Warning] [omni.physx.plugin] PhysicsUSD: CreateJoint - found a joint with disjointed body transforms, the simulation will most likely snap objects together: /Validation/GraspJoint
2026-09-28T07:19:22Z [2,237,993ms] [Warning] [carb] Plugin interface for a client: omni.hydratexture.plugin was already released.
[2238.121s] Simulation App Shutting Down
